Month,Year,NAO,AMO,Flash Flood?
10,1959,0.89,0.1,1
11,1959,0.41,0.1,1
6,1960,-0.21,0.09,1
6,1960,-0.21,0.09,1
8,1960,-1.4,0.08,1
8,1960,-1.4,0.08,1
8,1960,-1.4,0.08,1
8,1960,-1.4,0.08,1
8,1960,-1.4,0.08,1
8,1960,-1.4,0.08,1
8,1960,-1.4,0.08,1
10,1960,-1.73,0.07,1
10,1960,-1.73,0.07,1
10,1960,-1.73,0.07,1
10,1960,-1.73,0.07,1
10,1960,-1.73,0.07,1
12,1960,0.06,0.06,1
8,1961,0.9,0.05,1
8,1961,0.9,0.05,1
7,1962,-2.47,0.06,1
8,1962,0.14,0.06,1
9,1962,-0.37,0.06,1
9,1962,-0.37,0.06,1
2,1963,-0.96,0.06,1
2,1963,-0.96,0.06,1
6,1963,-0.43,0.05,1
7,1963,-0.77,0.05,1
7,1963,-0.77,0.05,1
7,1963,-0.77,0.05,1
8,1963,-0.64,0.05,1
11,1963,-1.27,0.04,1
11,1963,-1.27,0.04,1
3,1964,-1.2,0.04,1
5,1964,0.52,0.04,1
6,1964,1.29,0.04,1
7,1964,1.9,0.04,1
7,1964,1.9,0.04,1
8,1964,-1.77,0.04,1
8,1964,-1.77,0.04,1
8,1964,-1.77,0.04,1
12,1964,-0.15,0.04,1
6,1965,0.29,0.03,1
7,1965,0.32,0.03,1
7,1965,0.32,0.03,1
7,1965,0.32,0.03,1
7,1965,0.32,0.03,1
7,1965,0.32,0.03,1
8,1965,0.45,0.02,1
8,1965,0.45,0.02,1
11,1965,-1.66,0.02,1
12,1965,1.37,0.01,1
12,1965,1.37,0.01,1
1,1966,-1.74,0.01,1
1,1966,-1.74,0.01,1
4,1966,-0.75,0.01,1
6,1966,1.05,0,1
8,1966,-1.76,0,1
8,1966,-1.76,0,1
10,1966,-0.68,0,1
10,1966,-0.68,0,1
12,1966,0.72,-0.01,1
2,1967,0.19,-0.01,1
5,1967,-0.99,-0.03,1
5,1967,-0.99,-0.03,1
6,1967,1.4,-0.03,1
6,1967,1.4,-0.03,1
6,1967,1.4,-0.03,1
7,1967,0.41,-0.04,1
7,1967,0.41,-0.04,1
7,1967,0.41,-0.04,1
7,1967,0.41,-0.04,1
8,1967,1.44,-0.04,1
8,1967,1.44,-0.04,1
8,1967,1.44,-0.04,1
9,1967,0.93,-0.04,1
1,1968,0.13,-0.06,1
4,1968,-1.08,-0.08,1
4,1968,-1.08,-0.08,1
4,1968,-1.08,-0.08,1
5,1968,-1.76,-0.08,1
6,1968,0.33,-0.08,1
6,1968,0.33,-0.08,1
7,1968,-0.8,-0.08,1
7,1968,-0.8,-0.08,1
7,1968,-0.8,-0.08,1
7,1968,-0.8,-0.08,1
7,1968,-0.8,-0.08,1
7,1968,-0.8,-0.08,1
7,1968,-0.8,-0.08,1
7,1968,-0.8,-0.08,1
9,1968,-1.92,-0.08,1
9,1968,-1.92,-0.08,1
10,1968,-2.3,-0.08,1
12,1968,-1.4,-0.08,1
7,1969,0.57,-0.1,1
7,1969,0.57,-0.1,1
7,1969,0.57,-0.1,1
6,1970,1.55,-0.12,1
6,1971,-1.57,-0.13,1
6,1971,-1.57,-0.13,1
6,1971,-1.57,-0.13,1
6,1971,-1.57,-0.13,1
8,1971,1.55,-0.13,1
10,1971,0.58,-0.13,1
10,1971,0.58,-0.13,1
10,1971,0.58,-0.13,1
6,1972,0.88,-0.15,1
7,1972,0.18,-0.15,1
7,1972,0.18,-0.15,1
6,1973,0.39,-0.16,1
10,1973,-1.24,-0.16,1
6,1974,-0.14,-0.17,1
9,1974,0.82,0.17,1
9,1974,0.82,0.17,1
7,1975,1.55,-0.17,1
8,1975,-0.26,-0.17,1
6,1976,0.8,-0.16,1
6,1976,0.8,-0.16,1
6,1976,0.8,-0.16,1
9,1976,-1.29,-0.16,1
9,1976,-1.29,-0.16,1
9,1976,-1.29,-0.16,1
9,1976,-1.29,-0.16,1
5,1977,-0.86,-0.15,1
6,1977,-0.57,-0.15,1
7,1977,-0.45,-0.15,1
8,1977,-0.28,-0.15,1
8,1977,-0.28,-0.15,1
8,1977,-0.28,-0.15,1
8,1977,-0.28,-0.15,1
8,1977,-0.28,-0.15,1
10,1977,0.52,-0.15,1
10,1977,0.52,-0.15,1
5,1979,-1.03,-0.14,1
8,1979,0.96,-0.14,1
1,1980,-0.75,-0.13,1
6,1980,-0.37,-0.14,1
9,1980,0.66,-0.14,1
9,1980,0.66,-0.14,1
9,1980,0.66,-0.14,1
9,1980,0.66,-0.14,1
6,1981,-0.45,-0.16,1
6,1981,-0.45,-0.16,1
8,1981,0.39,-0.16,1
9,1981,-1.45,-0.16,1
9,1981,-1.45,-0.16,1
9,1981,-1.45,-0.16,1
9,1981,-1.45,-0.16,1
6,1982,-1.63,-0.16,1
7,1982,1.15,-0.16,1
7,1982,1.15,-0.16,1
7,1982,1.15,-0.16,1
7,1982,1.15,-0.16,1
8,1982,0.26,-0.16,1
9,1982,1.76,-0.16,1
9,1982,1.76,-0.16,1
9,1982,1.76,-0.16,1
6,1983,0.99,-0.16,1
8,1983,1.61,-0.15,1
8,1983,1.61,-0.15,1
8,1983,1.61,-0.15,1
8,1983,1.61,-0.15,1
5,1984,0.54,-0.15,1
8,1984,1.15,-0.15,1
4,1985,0.32,-0.15,1
4,1985,0.32,-0.15,1
6,1985,-0.8,-0.16,1
8,1985,-0.48,-0.16,1
10,1985,0.9,-0.16,1
10,1985,0.9,-0.16,1
10,1985,0.9,-0.16,1
6,1986,1.22,-0.17,1
6,1986,1.22,-0.17,1
6,1986,1.22,-0.17,1
6,1986,1.22,-0.17,1
6,1986,1.22,-0.17,1
8,1986,-1.09,-0.18,1
8,1986,-1.09,-0.18,1
8,1986,-1.09,-0.18,1
8,1986,-1.09,-0.18,1
8,1986,-1.09,-0.18,1
8,1986,-1.09,-0.18,1
5,1987,0.98,-0.19,1
6,1987,-1.82,-0.19,1
7,1987,0.52,-0.19,1
7,1987,0.52,-0.19,1
7,1987,0.52,-0.19,1
8,1988,0.04,-0.19,1
8,1988,0.04,-0.19,1
9,1988,-0.99,-0.19,1
10,1988,-1.08,-0.19,1
10,1988,-1.08,-0.19,1
5,1989,1.38,-0.2,1
5,1989,1.38,-0.2,1
7,1989,0.97,-0.2,1
9,1989,2.05,-0.2,1
9,1989,2.05,-0.2,1
10,1989,-0.03,-0.2,1
12,1989,-1.15,-0.2,1
12,1989,-1.15,-0.2,1
6,1991,-0.82,-0.16,1
7,1991,-0.49,-0.16,1
9,1991,0.48,-0.15,1
9,1991,0.48,-0.15,1
4,1992,1.86,-0.14,1
5,1992,2.63,-0.14,1
5,1992,2.63,-0.14,1
8,1992,0.85,-0.14,1
8,1992,0.85,-0.14,1
8,1992,0.85,-0.14,1
9,1992,-0.44,0.15,1
9,1992,-0.44,0.15,1
9,1992,-0.44,0.15,1
11,1992,1.19,-0.15,1
5,1993,-0.78,-0.13,1
6,1993,-0.59,-0.13,1
6,1993,-0.59,-0.13,1
6,1993,-0.59,-0.13,1
8,1993,0.12,-0.13,1
8,1993,0.12,-0.13,1
9,1993,-0.57,-0.13,1
9,1993,-0.57,-0.13,1
1,1994,1.04,-0.12,1
7,1994,1.31,-0.11,1
8,1994,0.38,-0.11,1
9,1994,-1.32,-0.11,1
9,1994,-1.32,-0.11,1
10,1994,-0.97,-0.1,1
7,1995,-0.22,-0.08,1
8,1995,0.69,-0.08,1
5,1996,-1.06,-0.07,1
5,1996,-1.06,-0.07,1
5,1996,-1.06,-0.07,1
6,1996,0.56,-0.07,1
6,1996,0.56,-0.07,1
7,1996,0.67,-0.07,1
8,1996,1.02,-0.06,1
3,1997,1.46,-0.04,1
5,1997,-0.28,-0.04,1
6,1997,-1.47,-0.04,1
6,1997,-1.47,-0.04,1
6,1997,-1.47,-0.04,1
8,1997,0.83,-0.04,1
8,1997,0.83,-0.04,1
8,1997,0.83,-0.04,1
8,1997,0.83,-0.04,1
8,1997,0.83,-0.04,1
8,1997,0.83,-0.04,1
8,1997,0.83,-0.04,1
8,1997,0.83,-0.04,1
8,1997,0.83,-0.04,1
9,1997,0.61,-0.04,1
9,1997,0.61,-0.04,1
11,1997,-0.9,-0.03,1
11,1997,-0.9,-0.03,1
5,1998,-1.32,-0.03,1
5,1998,-1.32,-0.03,1
6,1998,-2.72,-0.02,1
6,1998,-2.72,-0.02,1
9,1998,-2,-0.01,1
10,1998,-0.29,-0.01,1
4,1999,-0.95,0.02,1
5,1999,0.92,0.02,1
5,1999,0.92,0.02,1
5,1999,0.92,0.02,1
6,1999,1.12,0.02,1
7,1999,-0.9,0.02,1
8,1999,0.39,0.03,1
8,1999,0.39,0.03,1
8,1999,0.39,0.03,1
9,1999,0.36,0.03,1
9,1999,0.36,0.03,1
9,1999,0.36,0.03,1
10,1999,0.2,0.03,1
10,1999,0.2,0.03,1
12,1999,1.61,0.04,1
4,2000,-0.03,0.04,1
5,2000,1.58,0.05,1
5,2000,1.58,0.05,1
5,2000,1.58,0.05,1
7,2000,-1.03,0.05,1
7,2000,-1.03,0.05,1
8,2000,-0.29,0.05,1
8,2000,-0.29,0.05,1
8,2000,-0.29,0.05,1
9,2000,-0.21,0.05,1
10,2000,0.92,0.05,1
10,2000,0.92,0.05,1
10,2000,0.92,0.05,1
10,2000,0.92,0.05,1
11,2000,-0.92,0.05,1
11,2000,-0.92,0.05,1
7,2001,-0.25,0.07,1
7,2001,-0.25,0.07,1
8,2001,-0.07,0.07,1
9,2001,-0.65,0.08,1
10,2001,-0.24,0.08,1
5,2002,-0.22,0.09,1
8,2002,0.38,0.09,1
8,2002,0.38,0.09,1
9,2002,-0.7,0.1,1
10,2002,-2.28,0.1,1
10,2002,-2.28,0.1,1
10,2002,-2.28,0.1,1
11,2002,-0.18,0.1,1
11,2002,-0.18,0.1,1
1,2003,0.16,0.11,1
1,2003,0.16,0.11,1
7,2003,0.13,0.12,1
10,2003,-1.26,0.12,1
7,2004,1.13,0.11,1
8,2004,-0.48,0.1,1
8,2004,-0.48,0.1,1
8,2004,-0.48,0.1,1
8,2004,-0.48,0.1,1
8,2004,-0.48,0.1,1
10,2004,-1.1,0.1,1
10,2004,-1.1,0.1,1
10,2004,-1.1,0.1,1
10,2004,-1.1,0.1,1
10,2004,-1.1,0.1,1
6,2005,-0.05,0.1,1
7,2005,-0.51,0.11,1
10,2005,-0.98,0.11,1
10,2005,-0.98,0.11,1
10,2005,-0.98,0.11,1
5,2006,-1.14,0.13,1
6,2006,0.84,0.13,1
6,2006,0.84,0.13,1
7,2006,0.9,0.13,1
7,2006,0.9,0.13,1
8,2006,-1.73,0.13,1
8,2006,-1.73,0.13,1
10,2006,-2.24,0.13,1
6,2007,-1.31,0.14,1
6,2007,-1.31,0.14,1
7,2007,-0.58,0.14,1
7,2007,-0.58,0.14,1
8,2007,-0.14,0.15,1
5,2008,-1.73,0.16,1
5,2008,-1.73,0.16,1
5,2008,-1.73,0.16,1
5,2008,-1.73,0.16,1
7,2008,-1.27,0.16,1
7,2008,-1.27,0.16,1
7,2008,-1.27,0.16,1
7,2008,-1.27,0.16,1
7,2008,-1.27,0.16,1
7,2008,-1.27,0.16,1
8,2008,-1.16,0.16,1
8,2008,-1.16,0.16,1
9,2008,1.02,0.16,1
9,2008,1.02,0.16,1
9,2008,1.02,0.16,1
10,2008,-0.04,0.16,1
10,2008,-0.04,0.16,1
11,2008,-0.32,0.16,1
4,2009,-0.2,0.15,1
4,2009,-0.2,0.15,1
6,2009,-1.21,0.15,1
6,2009,-1.21,0.15,1
7,2009,-2.15,0.15,1
7,2009,-2.15,0.15,1
7,2009,-2.15,0.15,1
7,2009,-2.15,0.15,1
10,1959,0.89,0.1,0
10,1959,0.89,0.1,0
10,1959,0.89,0.1,0
10,1959,0.89,0.1,0
10,1959,0.89,0.1,0
10,1959,0.89,0.1,0
10,1959,0.89,0.1,0
10,1959,0.89,0.1,0
10,1959,0.89,0.1,0
10,1959,0.89,0.1,0
10,1959,0.89,0.1,0
10,1959,0.89,0.1,0
10,1959,0.89,0.1,0
10,1959,0.89,0.1,0
10,1959,0.89,0.1,0
10,1959,0.89,0.1,0
10,1959,0.89,0.1,0
10,1959,0.89,0.1,0
10,1959,0.89,0.1,0
10,1959,0.89,0.1,0
10,1959,0.89,0.1,0
10,1959,0.89,0.1,0
10,1959,0.89,0.1,0
10,1959,0.89,0.1,0
10,1959,0.89,0.1,0
10,1959,0.89,0.1,0
10,1959,0.89,0.1,0
10,1959,0.89,0.1,0
10,1959,0.89,0.1,0
10,1959,0.89,0.1,0
11,1959,0.41,0.1,0
11,1959,0.41,0.1,0
11,1959,0.41,0.1,0
11,1959,0.41,0.1,0
11,1959,0.41,0.1,0
11,1959,0.41,0.1,0
11,1959,0.41,0.1,0
11,1959,0.41,0.1,0
11,1959,0.41,0.1,0
11,1959,0.41,0.1,0
11,1959,0.41,0.1,0
11,1959,0.41,0.1,0
11,1959,0.41,0.1,0
11,1959,0.41,0.1,0
11,1959,0.41,0.1,0
11,1959,0.41,0.1,0
11,1959,0.41,0.1,0
11,1959,0.41,0.1,0
11,1959,0.41,0.1,0
11,1959,0.41,0.1,0
11,1959,0.41,0.1,0
11,1959,0.41,0.1,0
11,1959,0.41,0.1,0
11,1959,0.41,0.1,0
11,1959,0.41,0.1,0
11,1959,0.41,0.1,0
11,1959,0.41,0.1,0
11,1959,0.41,0.1,0
11,1959,0.41,0.1,0
12,1959,0.44,0.1,0
12,1959,0.44,0.1,0
12,1959,0.44,0.1,0
12,1959,0.44,0.1,0
12,1959,0.44,0.1,0
12,1959,0.44,0.1,0
12,1959,0.44,0.1,0
12,1959,0.44,0.1,0
12,1959,0.44,0.1,0
12,1959,0.44,0.1,0
12,1959,0.44,0.1,0
12,1959,0.44,0.1,0
12,1959,0.44,0.1,0
12,1959,0.44,0.1,0
12,1959,0.44,0.1,0
12,1959,0.44,0.1,0
12,1959,0.44,0.1,0
12,1959,0.44,0.1,0
12,1959,0.44,0.1,0
12,1959,0.44,0.1,0
12,1959,0.44,0.1,0
12,1959,0.44,0.1,0
12,1959,0.44,0.1,0
12,1959,0.44,0.1,0
12,1959,0.44,0.1,0
12,1959,0.44,0.1,0
12,1959,0.44,0.1,0
12,1959,0.44,0.1,0
12,1959,0.44,0.1,0
12,1959,0.44,0.1,0
12,1959,0.44,0.1,0
1,1960,-1.29,0.1,0
1,1960,-1.29,0.1,0
1,1960,-1.29,0.1,0
1,1960,-1.29,0.1,0
1,1960,-1.29,0.1,0
1,1960,-1.29,0.1,0
1,1960,-1.29,0.1,0
1,1960,-1.29,0.1,0
1,1960,-1.29,0.1,0
1,1960,-1.29,0.1,0
1,1960,-1.29,0.1,0
1,1960,-1.29,0.1,0
1,1960,-1.29,0.1,0
1,1960,-1.29,0.1,0
1,1960,-1.29,0.1,0
1,1960,-1.29,0.1,0
1,1960,-1.29,0.1,0
1,1960,-1.29,0.1,0
1,1960,-1.29,0.1,0
1,1960,-1.29,0.1,0
1,1960,-1.29,0.1,0
1,1960,-1.29,0.1,0
1,1960,-1.29,0.1,0
1,1960,-1.29,0.1,0
1,1960,-1.29,0.1,0
1,1960,-1.29,0.1,0
1,1960,-1.29,0.1,0
1,1960,-1.29,0.1,0
1,1960,-1.29,0.1,0
1,1960,-1.29,0.1,0
1,1960,-1.29,0.1,0
2,1960,-1.89,0.1,0
2,1960,-1.89,0.1,0
2,1960,-1.89,0.1,0
2,1960,-1.89,0.1,0
2,1960,-1.89,0.1,0
2,1960,-1.89,0.1,0
2,1960,-1.89,0.1,0
2,1960,-1.89,0.1,0
2,1960,-1.89,0.1,0
2,1960,-1.89,0.1,0
2,1960,-1.89,0.1,0
2,1960,-1.89,0.1,0
2,1960,-1.89,0.1,0
2,1960,-1.89,0.1,0
2,1960,-1.89,0.1,0
2,1960,-1.89,0.1,0
2,1960,-1.89,0.1,0
2,1960,-1.89,0.1,0
2,1960,-1.89,0.1,0
2,1960,-1.89,0.1,0
2,1960,-1.89,0.1,0
2,1960,-1.89,0.1,0
2,1960,-1.89,0.1,0
2,1960,-1.89,0.1,0
2,1960,-1.89,0.1,0
2,1960,-1.89,0.1,0
2,1960,-1.89,0.1,0
2,1960,-1.89,0.1,0
2,1960,-1.89,0.1,0
3,1960,-0.5,0.1,0
3,1960,-0.5,0.1,0
3,1960,-0.5,0.1,0
3,1960,-0.5,0.1,0
3,1960,-0.5,0.1,0
3,1960,-0.5,0.1,0
3,1960,-0.5,0.1,0
3,1960,-0.5,0.1,0
3,1960,-0.5,0.1,0
3,1960,-0.5,0.1,0
3,1960,-0.5,0.1,0
3,1960,-0.5,0.1,0
3,1960,-0.5,0.1,0
3,1960,-0.5,0.1,0
3,1960,-0.5,0.1,0
3,1960,-0.5,0.1,0
3,1960,-0.5,0.1,0
3,1960,-0.5,0.1,0
3,1960,-0.5,0.1,0
3,1960,-0.5,0.1,0
3,1960,-0.5,0.1,0
3,1960,-0.5,0.1,0
3,1960,-0.5,0.1,0
3,1960,-0.5,0.1,0
3,1960,-0.5,0.1,0
3,1960,-0.5,0.1,0
3,1960,-0.5,0.1,0
3,1960,-0.5,0.1,0
3,1960,-0.5,0.1,0
3,1960,-0.5,0.1,0
3,1960,-0.5,0.1,0
4,1960,1.36,0.09,0
4,1960,1.36,0.09,0
4,1960,1.36,0.09,0
4,1960,1.36,0.09,0
4,1960,1.36,0.09,0
4,1960,1.36,0.09,0
4,1960,1.36,0.09,0
4,1960,1.36,0.09,0
4,1960,1.36,0.09,0
4,1960,1.36,0.09,0
4,1960,1.36,0.09,0
4,1960,1.36,0.09,0
4,1960,1.36,0.09,0
4,1960,1.36,0.09,0
4,1960,1.36,0.09,0
4,1960,1.36,0.09,0
4,1960,1.36,0.09,0
4,1960,1.36,0.09,0
4,1960,1.36,0.09,0
4,1960,1.36,0.09,0
4,1960,1.36,0.09,0
4,1960,1.36,0.09,0
4,1960,1.36,0.09,0
4,1960,1.36,0.09,0
4,1960,1.36,0.09,0
4,1960,1.36,0.09,0
4,1960,1.36,0.09,0
4,1960,1.36,0.09,0
4,1960,1.36,0.09,0
4,1960,1.36,0.09,0
5,1960,0.45,0.09,0
5,1960,0.45,0.09,0
5,1960,0.45,0.09,0
5,1960,0.45,0.09,0
5,1960,0.45,0.09,0
5,1960,0.45,0.09,0
5,1960,0.45,0.09,0
5,1960,0.45,0.09,0
5,1960,0.45,0.09,0
5,1960,0.45,0.09,0
5,1960,0.45,0.09,0
5,1960,0.45,0.09,0
5,1960,0.45,0.09,0
5,1960,0.45,0.09,0
5,1960,0.45,0.09,0
5,1960,0.45,0.09,0
5,1960,0.45,0.09,0
5,1960,0.45,0.09,0
5,1960,0.45,0.09,0
5,1960,0.45,0.09,0
5,1960,0.45,0.09,0
5,1960,0.45,0.09,0
5,1960,0.45,0.09,0
5,1960,0.45,0.09,0
5,1960,0.45,0.09,0
5,1960,0.45,0.09,0
5,1960,0.45,0.09,0
5,1960,0.45,0.09,0
5,1960,0.45,0.09,0
5,1960,0.45,0.09,0
5,1960,0.45,0.09,0
6,1960,-0.21,0.09,0
6,1960,-0.21,0.09,0
6,1960,-0.21,0.09,0
6,1960,-0.21,0.09,0
6,1960,-0.21,0.09,0
6,1960,-0.21,0.09,0
6,1960,-0.21,0.09,0
6,1960,-0.21,0.09,0
6,1960,-0.21,0.09,0
6,1960,-0.21,0.09,0
6,1960,-0.21,0.09,0
6,1960,-0.21,0.09,0
6,1960,-0.21,0.09,0
6,1960,-0.21,0.09,0
6,1960,-0.21,0.09,0
6,1960,-0.21,0.09,0
6,1960,-0.21,0.09,0
6,1960,-0.21,0.09,0
6,1960,-0.21,0.09,0
6,1960,-0.21,0.09,0
6,1960,-0.21,0.09,0
6,1960,-0.21,0.09,0
6,1960,-0.21,0.09,0
6,1960,-0.21,0.09,0
6,1960,-0.21,0.09,0
6,1960,-0.21,0.09,0
6,1960,-0.21,0.09,0
6,1960,-0.21,0.09,0
7,1960,0.35,0.09,0
7,1960,0.35,0.09,0
7,1960,0.35,0.09,0
7,1960,0.35,0.09,0
7,1960,0.35,0.09,0
7,1960,0.35,0.09,0
7,1960,0.35,0.09,0
7,1960,0.35,0.09,0
7,1960,0.35,0.09,0
7,1960,0.35,0.09,0
7,1960,0.35,0.09,0
7,1960,0.35,0.09,0
7,1960,0.35,0.09,0
7,1960,0.35,0.09,0
7,1960,0.35,0.09,0
7,1960,0.35,0.09,0
7,1960,0.35,0.09,0
7,1960,0.35,0.09,0
7,1960,0.35,0.09,0
7,1960,0.35,0.09,0
7,1960,0.35,0.09,0
7,1960,0.35,0.09,0
7,1960,0.35,0.09,0
7,1960,0.35,0.09,0
7,1960,0.35,0.09,0
7,1960,0.35,0.09,0
7,1960,0.35,0.09,0
7,1960,0.35,0.09,0
7,1960,0.35,0.09,0
7,1960,0.35,0.09,0
7,1960,0.35,0.09,0
8,1960,-1.4,0.08,0
8,1960,-1.4,0.08,0
8,1960,-1.4,0.08,0
8,1960,-1.4,0.08,0
8,1960,-1.4,0.08,0
8,1960,-1.4,0.08,0
8,1960,-1.4,0.08,0
8,1960,-1.4,0.08,0
8,1960,-1.4,0.08,0
8,1960,-1.4,0.08,0
8,1960,-1.4,0.08,0
8,1960,-1.4,0.08,0
8,1960,-1.4,0.08,0
8,1960,-1.4,0.08,0
8,1960,-1.4,0.08,0
8,1960,-1.4,0.08,0
8,1960,-1.4,0.08,0
8,1960,-1.4,0.08,0
8,1960,-1.4,0.08,0
8,1960,-1.4,0.08,0
8,1960,-1.4,0.08,0
8,1960,-1.4,0.08,0
8,1960,-1.4,0.08,0
8,1960,-1.4,0.08,0
9,1960,0.39,0.08,0
9,1960,0.39,0.08,0
9,1960,0.39,0.08,0
9,1960,0.39,0.08,0
9,1960,0.39,0.08,0
9,1960,0.39,0.08,0
9,1960,0.39,0.08,0
9,1960,0.39,0.08,0
9,1960,0.39,0.08,0
9,1960,0.39,0.08,0
9,1960,0.39,0.08,0
9,1960,0.39,0.08,0
9,1960,0.39,0.08,0
9,1960,0.39,0.08,0
9,1960,0.39,0.08,0
9,1960,0.39,0.08,0
9,1960,0.39,0.08,0
9,1960,0.39,0.08,0
9,1960,0.39,0.08,0
9,1960,0.39,0.08,0
9,1960,0.39,0.08,0
9,1960,0.39,0.08,0
9,1960,0.39,0.08,0
9,1960,0.39,0.08,0
9,1960,0.39,0.08,0
9,1960,0.39,0.08,0
9,1960,0.39,0.08,0
9,1960,0.39,0.08,0
9,1960,0.39,0.08,0
9,1960,0.39,0.08,0
10,1960,-1.73,0.07,0
10,1960,-1.73,0.07,0
10,1960,-1.73,0.07,0
10,1960,-1.73,0.07,0
10,1960,-1.73,0.07,0
10,1960,-1.73,0.07,0
10,1960,-1.73,0.07,0
10,1960,-1.73,0.07,0
10,1960,-1.73,0.07,0
10,1960,-1.73,0.07,0
10,1960,-1.73,0.07,0
10,1960,-1.73,0.07,0
10,1960,-1.73,0.07,0
10,1960,-1.73,0.07,0
10,1960,-1.73,0.07,0
10,1960,-1.73,0.07,0
10,1960,-1.73,0.07,0
10,1960,-1.73,0.07,0
10,1960,-1.73,0.07,0
10,1960,-1.73,0.07,0
10,1960,-1.73,0.07,0
10,1960,-1.73,0.07,0
10,1960,-1.73,0.07,0
10,1960,-1.73,0.07,0
10,1960,-1.73,0.07,0
10,1960,-1.73,0.07,0
11,1960,-0.51,0.07,0
11,1960,-0.51,0.07,0
11,1960,-0.51,0.07,0
11,1960,-0.51,0.07,0
11,1960,-0.51,0.07,0
11,1960,-0.51,0.07,0
11,1960,-0.51,0.07,0
11,1960,-0.51,0.07,0
11,1960,-0.51,0.07,0
11,1960,-0.51,0.07,0
11,1960,-0.51,0.07,0
11,1960,-0.51,0.07,0
11,1960,-0.51,0.07,0
11,1960,-0.51,0.07,0
11,1960,-0.51,0.07,0
11,1960,-0.51,0.07,0
11,1960,-0.51,0.07,0
11,1960,-0.51,0.07,0
11,1960,-0.51,0.07,0
11,1960,-0.51,0.07,0
11,1960,-0.51,0.07,0
11,1960,-0.51,0.07,0
11,1960,-0.51,0.07,0
11,1960,-0.51,0.07,0
11,1960,-0.51,0.07,0
11,1960,-0.51,0.07,0
11,1960,-0.51,0.07,0
11,1960,-0.51,0.07,0
11,1960,-0.51,0.07,0
11,1960,-0.51,0.07,0
12,1960,0.06,0.06,0
12,1960,0.06,0.06,0
12,1960,0.06,0.06,0
12,1960,0.06,0.06,0
12,1960,0.06,0.06,0
12,1960,0.06,0.06,0
12,1960,0.06,0.06,0
12,1960,0.06,0.06,0
12,1960,0.06,0.06,0
12,1960,0.06,0.06,0
12,1960,0.06,0.06,0
12,1960,0.06,0.06,0
12,1960,0.06,0.06,0
12,1960,0.06,0.06,0
12,1960,0.06,0.06,0
12,1960,0.06,0.06,0
12,1960,0.06,0.06,0
12,1960,0.06,0.06,0
12,1960,0.06,0.06,0
12,1960,0.06,0.06,0
12,1960,0.06,0.06,0
12,1960,0.06,0.06,0
12,1960,0.06,0.06,0
12,1960,0.06,0.06,0
12,1960,0.06,0.06,0
12,1960,0.06,0.06,0
12,1960,0.06,0.06,0
12,1960,0.06,0.06,0
12,1960,0.06,0.06,0
12,1960,0.06,0.06,0
1,1961,0.41,0.06,0
1,1961,0.41,0.06,0
1,1961,0.41,0.06,0
1,1961,0.41,0.06,0
1,1961,0.41,0.06,0
1,1961,0.41,0.06,0
1,1961,0.41,0.06,0
1,1961,0.41,0.06,0
1,1961,0.41,0.06,0
1,1961,0.41,0.06,0
1,1961,0.41,0.06,0
1,1961,0.41,0.06,0
1,1961,0.41,0.06,0
1,1961,0.41,0.06,0
1,1961,0.41,0.06,0
1,1961,0.41,0.06,0
1,1961,0.41,0.06,0
1,1961,0.41,0.06,0
1,1961,0.41,0.06,0
1,1961,0.41,0.06,0
1,1961,0.41,0.06,0
1,1961,0.41,0.06,0
1,1961,0.41,0.06,0
1,1961,0.41,0.06,0
1,1961,0.41,0.06,0
1,1961,0.41,0.06,0
1,1961,0.41,0.06,0
1,1961,0.41,0.06,0
1,1961,0.41,0.06,0
1,1961,0.41,0.06,0
1,1961,0.41,0.06,0
2,1961,0.45,0.06,0
2,1961,0.45,0.06,0
2,1961,0.45,0.06,0
2,1961,0.45,0.06,0
2,1961,0.45,0.06,0
2,1961,0.45,0.06,0
2,1961,0.45,0.06,0
2,1961,0.45,0.06,0
2,1961,0.45,0.06,0
2,1961,0.45,0.06,0
2,1961,0.45,0.06,0
2,1961,0.45,0.06,0
2,1961,0.45,0.06,0
2,1961,0.45,0.06,0
2,1961,0.45,0.06,0
2,1961,0.45,0.06,0
2,1961,0.45,0.06,0
2,1961,0.45,0.06,0
2,1961,0.45,0.06,0
2,1961,0.45,0.06,0
2,1961,0.45,0.06,0
2,1961,0.45,0.06,0
2,1961,0.45,0.06,0
2,1961,0.45,0.06,0
2,1961,0.45,0.06,0
2,1961,0.45,0.06,0
2,1961,0.45,0.06,0
2,1961,0.45,0.06,0
3,1961,0.55,0.06,0
3,1961,0.55,0.06,0
3,1961,0.55,0.06,0
3,1961,0.55,0.06,0
3,1961,0.55,0.06,0
3,1961,0.55,0.06,0
3,1961,0.55,0.06,0
3,1961,0.55,0.06,0
3,1961,0.55,0.06,0
3,1961,0.55,0.06,0
3,1961,0.55,0.06,0
3,1961,0.55,0.06,0
3,1961,0.55,0.06,0
3,1961,0.55,0.06,0
3,1961,0.55,0.06,0
3,1961,0.55,0.06,0
3,1961,0.55,0.06,0
3,1961,0.55,0.06,0
3,1961,0.55,0.06,0
3,1961,0.55,0.06,0
3,1961,0.55,0.06,0
3,1961,0.55,0.06,0
3,1961,0.55,0.06,0
3,1961,0.55,0.06,0
3,1961,0.55,0.06,0
3,1961,0.55,0.06,0
3,1961,0.55,0.06,0
3,1961,0.55,0.06,0
3,1961,0.55,0.06,0
3,1961,0.55,0.06,0
3,1961,0.55,0.06,0
4,1961,-1.55,0.06,0
4,1961,-1.55,0.06,0
4,1961,-1.55,0.06,0
4,1961,-1.55,0.06,0
4,1961,-1.55,0.06,0
4,1961,-1.55,0.06,0
4,1961,-1.55,0.06,0
4,1961,-1.55,0.06,0
4,1961,-1.55,0.06,0
4,1961,-1.55,0.06,0
4,1961,-1.55,0.06,0
4,1961,-1.55,0.06,0
4,1961,-1.55,0.06,0
4,1961,-1.55,0.06,0
4,1961,-1.55,0.06,0
4,1961,-1.55,0.06,0
4,1961,-1.55,0.06,0
4,1961,-1.55,0.06,0
4,1961,-1.55,0.06,0
4,1961,-1.55,0.06,0
4,1961,-1.55,0.06,0
4,1961,-1.55,0.06,0
4,1961,-1.55,0.06,0
4,1961,-1.55,0.06,0
4,1961,-1.55,0.06,0
4,1961,-1.55,0.06,0
4,1961,-1.55,0.06,0
4,1961,-1.55,0.06,0
4,1961,-1.55,0.06,0
4,1961,-1.55,0.06,0
5,1961,-0.36,0.06,0
5,1961,-0.36,0.06,0
5,1961,-0.36,0.06,0
5,1961,-0.36,0.06,0
5,1961,-0.36,0.06,0
5,1961,-0.36,0.06,0
5,1961,-0.36,0.06,0
5,1961,-0.36,0.06,0
5,1961,-0.36,0.06,0
5,1961,-0.36,0.06,0
5,1961,-0.36,0.06,0
5,1961,-0.36,0.06,0
5,1961,-0.36,0.06,0
5,1961,-0.36,0.06,0
5,1961,-0.36,0.06,0
5,1961,-0.36,0.06,0
5,1961,-0.36,0.06,0
5,1961,-0.36,0.06,0
5,1961,-0.36,0.06,0
5,1961,-0.36,0.06,0
5,1961,-0.36,0.06,0
5,1961,-0.36,0.06,0
5,1961,-0.36,0.06,0
5,1961,-0.36,0.06,0
5,1961,-0.36,0.06,0
5,1961,-0.36,0.06,0
5,1961,-0.36,0.06,0
5,1961,-0.36,0.06,0
5,1961,-0.36,0.06,0
5,1961,-0.36,0.06,0
5,1961,-0.36,0.06,0
6,1961,0.86,0.06,0
6,1961,0.86,0.06,0
6,1961,0.86,0.06,0
6,1961,0.86,0.06,0
6,1961,0.86,0.06,0
6,1961,0.86,0.06,0
6,1961,0.86,0.06,0
6,1961,0.86,0.06,0
6,1961,0.86,0.06,0
6,1961,0.86,0.06,0
6,1961,0.86,0.06,0
6,1961,0.86,0.06,0
6,1961,0.86,0.06,0
6,1961,0.86,0.06,0
6,1961,0.86,0.06,0
6,1961,0.86,0.06,0
6,1961,0.86,0.06,0
6,1961,0.86,0.06,0
6,1961,0.86,0.06,0
6,1961,0.86,0.06,0
6,1961,0.86,0.06,0
6,1961,0.86,0.06,0
6,1961,0.86,0.06,0
6,1961,0.86,0.06,0
6,1961,0.86,0.06,0
6,1961,0.86,0.06,0
6,1961,0.86,0.06,0
6,1961,0.86,0.06,0
6,1961,0.86,0.06,0
6,1961,0.86,0.06,0
7,1961,-0.39,0.06,0
7,1961,-0.39,0.06,0
7,1961,-0.39,0.06,0
7,1961,-0.39,0.06,0
7,1961,-0.39,0.06,0
7,1961,-0.39,0.06,0
7,1961,-0.39,0.06,0
7,1961,-0.39,0.06,0
7,1961,-0.39,0.06,0
7,1961,-0.39,0.06,0
7,1961,-0.39,0.06,0
7,1961,-0.39,0.06,0
7,1961,-0.39,0.06,0
7,1961,-0.39,0.06,0
7,1961,-0.39,0.06,0
7,1961,-0.39,0.06,0
7,1961,-0.39,0.06,0
7,1961,-0.39,0.06,0
7,1961,-0.39,0.06,0
7,1961,-0.39,0.06,0
7,1961,-0.39,0.06,0
7,1961,-0.39,0.06,0
7,1961,-0.39,0.06,0
7,1961,-0.39,0.06,0
7,1961,-0.39,0.06,0
7,1961,-0.39,0.06,0
7,1961,-0.39,0.06,0
7,1961,-0.39,0.06,0
7,1961,-0.39,0.06,0
7,1961,-0.39,0.06,0
7,1961,-0.39,0.06,0
8,1961,0.9,0.05,0
8,1961,0.9,0.05,0
8,1961,0.9,0.05,0
8,1961,0.9,0.05,0
8,1961,0.9,0.05,0
8,1961,0.9,0.05,0
8,1961,0.9,0.05,0
8,1961,0.9,0.05,0
8,1961,0.9,0.05,0
8,1961,0.9,0.05,0
8,1961,0.9,0.05,0
8,1961,0.9,0.05,0
8,1961,0.9,0.05,0
8,1961,0.9,0.05,0
8,1961,0.9,0.05,0
8,1961,0.9,0.05,0
8,1961,0.9,0.05,0
8,1961,0.9,0.05,0
8,1961,0.9,0.05,0
8,1961,0.9,0.05,0
8,1961,0.9,0.05,0
8,1961,0.9,0.05,0
8,1961,0.9,0.05,0
8,1961,0.9,0.05,0
8,1961,0.9,0.05,0
8,1961,0.9,0.05,0
8,1961,0.9,0.05,0
8,1961,0.9,0.05,0
8,1961,0.9,0.05,0
9,1961,1.24,0.05,0
9,1961,1.24,0.05,0
9,1961,1.24,0.05,0
9,1961,1.24,0.05,0
9,1961,1.24,0.05,0
9,1961,1.24,0.05,0
9,1961,1.24,0.05,0
9,1961,1.24,0.05,0
9,1961,1.24,0.05,0
9,1961,1.24,0.05,0
9,1961,1.24,0.05,0
9,1961,1.24,0.05,0
9,1961,1.24,0.05,0
9,1961,1.24,0.05,0
9,1961,1.24,0.05,0
9,1961,1.24,0.05,0
9,1961,1.24,0.05,0
9,1961,1.24,0.05,0
9,1961,1.24,0.05,0
9,1961,1.24,0.05,0
9,1961,1.24,0.05,0
9,1961,1.24,0.05,0
9,1961,1.24,0.05,0
9,1961,1.24,0.05,0
9,1961,1.24,0.05,0
9,1961,1.24,0.05,0
9,1961,1.24,0.05,0
9,1961,1.24,0.05,0
9,1961,1.24,0.05,0
9,1961,1.24,0.05,0
10,1961,0.51,0.06,0
10,1961,0.51,0.06,0
10,1961,0.51,0.06,0
10,1961,0.51,0.06,0
10,1961,0.51,0.06,0
10,1961,0.51,0.06,0
10,1961,0.51,0.06,0
10,1961,0.51,0.06,0
10,1961,0.51,0.06,0
10,1961,0.51,0.06,0
10,1961,0.51,0.06,0
10,1961,0.51,0.06,0
10,1961,0.51,0.06,0
10,1961,0.51,0.06,0
10,1961,0.51,0.06,0
10,1961,0.51,0.06,0
10,1961,0.51,0.06,0
10,1961,0.51,0.06,0
10,1961,0.51,0.06,0
10,1961,0.51,0.06,0
10,1961,0.51,0.06,0
10,1961,0.51,0.06,0
10,1961,0.51,0.06,0
10,1961,0.51,0.06,0
10,1961,0.51,0.06,0
10,1961,0.51,0.06,0
10,1961,0.51,0.06,0
10,1961,0.51,0.06,0
10,1961,0.51,0.06,0
10,1961,0.51,0.06,0
10,1961,0.51,0.06,0
11,1961,-0.62,0.06,0
11,1961,-0.62,0.06,0
11,1961,-0.62,0.06,0
11,1961,-0.62,0.06,0
11,1961,-0.62,0.06,0
11,1961,-0.62,0.06,0
11,1961,-0.62,0.06,0
11,1961,-0.62,0.06,0
11,1961,-0.62,0.06,0
11,1961,-0.62,0.06,0
11,1961,-0.62,0.06,0
11,1961,-0.62,0.06,0
11,1961,-0.62,0.06,0
11,1961,-0.62,0.06,0
11,1961,-0.62,0.06,0
11,1961,-0.62,0.06,0
11,1961,-0.62,0.06,0
11,1961,-0.62,0.06,0
11,1961,-0.62,0.06,0
11,1961,-0.62,0.06,0
11,1961,-0.62,0.06,0
11,1961,-0.62,0.06,0
11,1961,-0.62,0.06,0
11,1961,-0.62,0.06,0
11,1961,-0.62,0.06,0
11,1961,-0.62,0.06,0
11,1961,-0.62,0.06,0
11,1961,-0.62,0.06,0
11,1961,-0.62,0.06,0
11,1961,-0.62,0.06,0
12,1961,-1.48,0.06,0
12,1961,-1.48,0.06,0
12,1961,-1.48,0.06,0
12,1961,-1.48,0.06,0
12,1961,-1.48,0.06,0
12,1961,-1.48,0.06,0
12,1961,-1.48,0.06,0
12,1961,-1.48,0.06,0
12,1961,-1.48,0.06,0
12,1961,-1.48,0.06,0
12,1961,-1.48,0.06,0
12,1961,-1.48,0.06,0
12,1961,-1.48,0.06,0
12,1961,-1.48,0.06,0
12,1961,-1.48,0.06,0
12,1961,-1.48,0.06,0
12,1961,-1.48,0.06,0
12,1961,-1.48,0.06,0
12,1961,-1.48,0.06,0
12,1961,-1.48,0.06,0
12,1961,-1.48,0.06,0
12,1961,-1.48,0.06,0
12,1961,-1.48,0.06,0
12,1961,-1.48,0.06,0
12,1961,-1.48,0.06,0
12,1961,-1.48,0.06,0
12,1961,-1.48,0.06,0
12,1961,-1.48,0.06,0
12,1961,-1.48,0.06,0
12,1961,-1.48,0.06,0
12,1961,-1.48,0.06,0
1,1962,0.61,0.06,0
1,1962,0.61,0.06,0
1,1962,0.61,0.06,0
1,1962,0.61,0.06,0
1,1962,0.61,0.06,0
1,1962,0.61,0.06,0
1,1962,0.61,0.06,0
1,1962,0.61,0.06,0
1,1962,0.61,0.06,0
1,1962,0.61,0.06,0
1,1962,0.61,0.06,0
1,1962,0.61,0.06,0
1,1962,0.61,0.06,0
1,1962,0.61,0.06,0
1,1962,0.61,0.06,0
1,1962,0.61,0.06,0
1,1962,0.61,0.06,0
1,1962,0.61,0.06,0
1,1962,0.61,0.06,0
1,1962,0.61,0.06,0
1,1962,0.61,0.06,0
1,1962,0.61,0.06,0
1,1962,0.61,0.06,0
1,1962,0.61,0.06,0
1,1962,0.61,0.06,0
1,1962,0.61,0.06,0
1,1962,0.61,0.06,0
1,1962,0.61,0.06,0
1,1962,0.61,0.06,0
1,1962,0.61,0.06,0
1,1962,0.61,0.06,0
2,1962,0.55,0.06,0
2,1962,0.55,0.06,0
2,1962,0.55,0.06,0
2,1962,0.55,0.06,0
2,1962,0.55,0.06,0
2,1962,0.55,0.06,0
2,1962,0.55,0.06,0
2,1962,0.55,0.06,0
2,1962,0.55,0.06,0
2,1962,0.55,0.06,0
2,1962,0.55,0.06,0
2,1962,0.55,0.06,0
2,1962,0.55,0.06,0
2,1962,0.55,0.06,0
2,1962,0.55,0.06,0
2,1962,0.55,0.06,0
2,1962,0.55,0.06,0
2,1962,0.55,0.06,0
2,1962,0.55,0.06,0
2,1962,0.55,0.06,0
2,1962,0.55,0.06,0
2,1962,0.55,0.06,0
2,1962,0.55,0.06,0
2,1962,0.55,0.06,0
2,1962,0.55,0.06,0
2,1962,0.55,0.06,0
2,1962,0.55,0.06,0
2,1962,0.55,0.06,0
3,1962,-2.47,0.06,0
3,1962,-2.47,0.06,0
3,1962,-2.47,0.06,0
3,1962,-2.47,0.06,0
3,1962,-2.47,0.06,0
3,1962,-2.47,0.06,0
3,1962,-2.47,0.06,0
3,1962,-2.47,0.06,0
3,1962,-2.47,0.06,0
3,1962,-2.47,0.06,0
3,1962,-2.47,0.06,0
3,1962,-2.47,0.06,0
3,1962,-2.47,0.06,0
3,1962,-2.47,0.06,0
3,1962,-2.47,0.06,0
3,1962,-2.47,0.06,0
3,1962,-2.47,0.06,0
3,1962,-2.47,0.06,0
3,1962,-2.47,0.06,0
3,1962,-2.47,0.06,0
3,1962,-2.47,0.06,0
3,1962,-2.47,0.06,0
3,1962,-2.47,0.06,0
3,1962,-2.47,0.06,0
3,1962,-2.47,0.06,0
3,1962,-2.47,0.06,0
3,1962,-2.47,0.06,0
3,1962,-2.47,0.06,0
3,1962,-2.47,0.06,0
3,1962,-2.47,0.06,0
3,1962,-2.47,0.06,0
4,1962,0.99,0.06,0
4,1962,0.99,0.06,0
4,1962,0.99,0.06,0
4,1962,0.99,0.06,0
4,1962,0.99,0.06,0
4,1962,0.99,0.06,0
4,1962,0.99,0.06,0
4,1962,0.99,0.06,0
4,1962,0.99,0.06,0
4,1962,0.99,0.06,0
4,1962,0.99,0.06,0
4,1962,0.99,0.06,0
4,1962,0.99,0.06,0
4,1962,0.99,0.06,0
4,1962,0.99,0.06,0
4,1962,0.99,0.06,0
4,1962,0.99,0.06,0
4,1962,0.99,0.06,0
4,1962,0.99,0.06,0
4,1962,0.99,0.06,0
4,1962,0.99,0.06,0
4,1962,0.99,0.06,0
4,1962,0.99,0.06,0
4,1962,0.99,0.06,0
4,1962,0.99,0.06,0
4,1962,0.99,0.06,0
4,1962,0.99,0.06,0
4,1962,0.99,0.06,0
4,1962,0.99,0.06,0
4,1962,0.99,0.06,0
5,1962,-0.1,0.06,0
5,1962,-0.1,0.06,0
5,1962,-0.1,0.06,0
5,1962,-0.1,0.06,0
5,1962,-0.1,0.06,0
5,1962,-0.1,0.06,0
5,1962,-0.1,0.06,0
5,1962,-0.1,0.06,0
5,1962,-0.1,0.06,0
5,1962,-0.1,0.06,0
5,1962,-0.1,0.06,0
5,1962,-0.1,0.06,0
5,1962,-0.1,0.06,0
5,1962,-0.1,0.06,0
5,1962,-0.1,0.06,0
5,1962,-0.1,0.06,0
5,1962,-0.1,0.06,0
5,1962,-0.1,0.06,0
5,1962,-0.1,0.06,0
5,1962,-0.1,0.06,0
5,1962,-0.1,0.06,0
5,1962,-0.1,0.06,0
5,1962,-0.1,0.06,0
5,1962,-0.1,0.06,0
5,1962,-0.1,0.06,0
5,1962,-0.1,0.06,0
5,1962,-0.1,0.06,0
5,1962,-0.1,0.06,0
5,1962,-0.1,0.06,0
5,1962,-0.1,0.06,0
5,1962,-0.1,0.06,0
6,1962,0.16,0.06,0
6,1962,0.16,0.06,0
6,1962,0.16,0.06,0
6,1962,0.16,0.06,0
6,1962,0.16,0.06,0
6,1962,0.16,0.06,0
6,1962,0.16,0.06,0
6,1962,0.16,0.06,0
6,1962,0.16,0.06,0
6,1962,0.16,0.06,0
6,1962,0.16,0.06,0
6,1962,0.16,0.06,0
6,1962,0.16,0.06,0
6,1962,0.16,0.06,0
6,1962,0.16,0.06,0
6,1962,0.16,0.06,0
6,1962,0.16,0.06,0
6,1962,0.16,0.06,0
6,1962,0.16,0.06,0
6,1962,0.16,0.06,0
6,1962,0.16,0.06,0
6,1962,0.16,0.06,0
6,1962,0.16,0.06,0
6,1962,0.16,0.06,0
6,1962,0.16,0.06,0
6,1962,0.16,0.06,0
6,1962,0.16,0.06,0
6,1962,0.16,0.06,0
6,1962,0.16,0.06,0
6,1962,0.16,0.06,0
7,1962,-2.47,0.06,0
7,1962,-2.47,0.06,0
7,1962,-2.47,0.06,0
7,1962,-2.47,0.06,0
7,1962,-2.47,0.06,0
7,1962,-2.47,0.06,0
7,1962,-2.47,0.06,0
7,1962,-2.47,0.06,0
7,1962,-2.47,0.06,0
7,1962,-2.47,0.06,0
7,1962,-2.47,0.06,0
7,1962,-2.47,0.06,0
7,1962,-2.47,0.06,0
7,1962,-2.47,0.06,0
7,1962,-2.47,0.06,0
7,1962,-2.47,0.06,0
7,1962,-2.47,0.06,0
7,1962,-2.47,0.06,0
7,1962,-2.47,0.06,0
7,1962,-2.47,0.06,0
7,1962,-2.47,0.06,0
7,1962,-2.47,0.06,0
7,1962,-2.47,0.06,0
7,1962,-2.47,0.06,0
7,1962,-2.47,0.06,0
7,1962,-2.47,0.06,0
7,1962,-2.47,0.06,0
7,1962,-2.47,0.06,0
7,1962,-2.47,0.06,0
7,1962,-2.47,0.06,0
8,1962,0.14,0.06,0
8,1962,0.14,0.06,0
8,1962,0.14,0.06,0
8,1962,0.14,0.06,0
8,1962,0.14,0.06,0
8,1962,0.14,0.06,0
8,1962,0.14,0.06,0
8,1962,0.14,0.06,0
8,1962,0.14,0.06,0
8,1962,0.14,0.06,0
8,1962,0.14,0.06,0
8,1962,0.14,0.06,0
8,1962,0.14,0.06,0
8,1962,0.14,0.06,0
8,1962,0.14,0.06,0
8,1962,0.14,0.06,0
8,1962,0.14,0.06,0
8,1962,0.14,0.06,0
8,1962,0.14,0.06,0
8,1962,0.14,0.06,0
8,1962,0.14,0.06,0
8,1962,0.14,0.06,0
8,1962,0.14,0.06,0
8,1962,0.14,0.06,0
8,1962,0.14,0.06,0
8,1962,0.14,0.06,0
8,1962,0.14,0.06,0
8,1962,0.14,0.06,0
8,1962,0.14,0.06,0
8,1962,0.14,0.06,0
9,1962,-0.37,0.06,0
9,1962,-0.37,0.06,0
9,1962,-0.37,0.06,0
9,1962,-0.37,0.06,0
9,1962,-0.37,0.06,0
9,1962,-0.37,0.06,0
9,1962,-0.37,0.06,0
9,1962,-0.37,0.06,0
9,1962,-0.37,0.06,0
9,1962,-0.37,0.06,0
9,1962,-0.37,0.06,0
9,1962,-0.37,0.06,0
9,1962,-0.37,0.06,0
9,1962,-0.37,0.06,0
9,1962,-0.37,0.06,0
9,1962,-0.37,0.06,0
9,1962,-0.37,0.06,0
9,1962,-0.37,0.06,0
9,1962,-0.37,0.06,0
9,1962,-0.37,0.06,0
9,1962,-0.37,0.06,0
9,1962,-0.37,0.06,0
9,1962,-0.37,0.06,0
9,1962,-0.37,0.06,0
9,1962,-0.37,0.06,0
9,1962,-0.37,0.06,0
9,1962,-0.37,0.06,0
9,1962,-0.37,0.06,0
10,1962,0.41,0.06,0
10,1962,0.41,0.06,0
10,1962,0.41,0.06,0
10,1962,0.41,0.06,0
10,1962,0.41,0.06,0
10,1962,0.41,0.06,0
10,1962,0.41,0.06,0
10,1962,0.41,0.06,0
10,1962,0.41,0.06,0
10,1962,0.41,0.06,0
10,1962,0.41,0.06,0
10,1962,0.41,0.06,0
10,1962,0.41,0.06,0
10,1962,0.41,0.06,0
10,1962,0.41,0.06,0
10,1962,0.41,0.06,0
10,1962,0.41,0.06,0
10,1962,0.41,0.06,0
10,1962,0.41,0.06,0
10,1962,0.41,0.06,0
10,1962,0.41,0.06,0
10,1962,0.41,0.06,0
10,1962,0.41,0.06,0
10,1962,0.41,0.06,0
10,1962,0.41,0.06,0
10,1962,0.41,0.06,0
10,1962,0.41,0.06,0
10,1962,0.41,0.06,0
10,1962,0.41,0.06,0
10,1962,0.41,0.06,0
10,1962,0.41,0.06,0
11,1962,-0.23,0.06,0
11,1962,-0.23,0.06,0
11,1962,-0.23,0.06,0
11,1962,-0.23,0.06,0
11,1962,-0.23,0.06,0
11,1962,-0.23,0.06,0
11,1962,-0.23,0.06,0
11,1962,-0.23,0.06,0
11,1962,-0.23,0.06,0
11,1962,-0.23,0.06,0
11,1962,-0.23,0.06,0
11,1962,-0.23,0.06,0
11,1962,-0.23,0.06,0
11,1962,-0.23,0.06,0
11,1962,-0.23,0.06,0
11,1962,-0.23,0.06,0
11,1962,-0.23,0.06,0
11,1962,-0.23,0.06,0
11,1962,-0.23,0.06,0
11,1962,-0.23,0.06,0
11,1962,-0.23,0.06,0
11,1962,-0.23,0.06,0
11,1962,-0.23,0.06,0
11,1962,-0.23,0.06,0
11,1962,-0.23,0.06,0
11,1962,-0.23,0.06,0
11,1962,-0.23,0.06,0
11,1962,-0.23,0.06,0
11,1962,-0.23,0.06,0
11,1962,-0.23,0.06,0
12,1962,-1.32,0.06,0
12,1962,-1.32,0.06,0
12,1962,-1.32,0.06,0
12,1962,-1.32,0.06,0
12,1962,-1.32,0.06,0
12,1962,-1.32,0.06,0
12,1962,-1.32,0.06,0
12,1962,-1.32,0.06,0
12,1962,-1.32,0.06,0
12,1962,-1.32,0.06,0
12,1962,-1.32,0.06,0
12,1962,-1.32,0.06,0
12,1962,-1.32,0.06,0
12,1962,-1.32,0.06,0
12,1962,-1.32,0.06,0
12,1962,-1.32,0.06,0
12,1962,-1.32,0.06,0
12,1962,-1.32,0.06,0
12,1962,-1.32,0.06,0
12,1962,-1.32,0.06,0
12,1962,-1.32,0.06,0
12,1962,-1.32,0.06,0
12,1962,-1.32,0.06,0
12,1962,-1.32,0.06,0
12,1962,-1.32,0.06,0
12,1962,-1.32,0.06,0
12,1962,-1.32,0.06,0
12,1962,-1.32,0.06,0
12,1962,-1.32,0.06,0
12,1962,-1.32,0.06,0
12,1962,-1.32,0.06,0
1,1963,-2.12,0.06,0
1,1963,-2.12,0.06,0
1,1963,-2.12,0.06,0
1,1963,-2.12,0.06,0
1,1963,-2.12,0.06,0
1,1963,-2.12,0.06,0
1,1963,-2.12,0.06,0
1,1963,-2.12,0.06,0
1,1963,-2.12,0.06,0
1,1963,-2.12,0.06,0
1,1963,-2.12,0.06,0
1,1963,-2.12,0.06,0
1,1963,-2.12,0.06,0
1,1963,-2.12,0.06,0
1,1963,-2.12,0.06,0
1,1963,-2.12,0.06,0
1,1963,-2.12,0.06,0
1,1963,-2.12,0.06,0
1,1963,-2.12,0.06,0
1,1963,-2.12,0.06,0
1,1963,-2.12,0.06,0
1,1963,-2.12,0.06,0
1,1963,-2.12,0.06,0
1,1963,-2.12,0.06,0
1,1963,-2.12,0.06,0
1,1963,-2.12,0.06,0
1,1963,-2.12,0.06,0
1,1963,-2.12,0.06,0
1,1963,-2.12,0.06,0
1,1963,-2.12,0.06,0
1,1963,-2.12,0.06,0
2,1963,-0.96,0.06,0
2,1963,-0.96,0.06,0
2,1963,-0.96,0.06,0
2,1963,-0.96,0.06,0
2,1963,-0.96,0.06,0
2,1963,-0.96,0.06,0
2,1963,-0.96,0.06,0
2,1963,-0.96,0.06,0
2,1963,-0.96,0.06,0
2,1963,-0.96,0.06,0
2,1963,-0.96,0.06,0
2,1963,-0.96,0.06,0
2,1963,-0.96,0.06,0
2,1963,-0.96,0.06,0
2,1963,-0.96,0.06,0
2,1963,-0.96,0.06,0
2,1963,-0.96,0.06,0
2,1963,-0.96,0.06,0
2,1963,-0.96,0.06,0
2,1963,-0.96,0.06,0
2,1963,-0.96,0.06,0
2,1963,-0.96,0.06,0
2,1963,-0.96,0.06,0
2,1963,-0.96,0.06,0
2,1963,-0.96,0.06,0
2,1963,-0.96,0.06,0
3,1963,-0.43,0.06,0
3,1963,-0.43,0.06,0
3,1963,-0.43,0.06,0
3,1963,-0.43,0.06,0
3,1963,-0.43,0.06,0
3,1963,-0.43,0.06,0
3,1963,-0.43,0.06,0
3,1963,-0.43,0.06,0
3,1963,-0.43,0.06,0
3,1963,-0.43,0.06,0
3,1963,-0.43,0.06,0
3,1963,-0.43,0.06,0
3,1963,-0.43,0.06,0
3,1963,-0.43,0.06,0
3,1963,-0.43,0.06,0
3,1963,-0.43,0.06,0
3,1963,-0.43,0.06,0
3,1963,-0.43,0.06,0
3,1963,-0.43,0.06,0
3,1963,-0.43,0.06,0
3,1963,-0.43,0.06,0
3,1963,-0.43,0.06,0
3,1963,-0.43,0.06,0
3,1963,-0.43,0.06,0
3,1963,-0.43,0.06,0
3,1963,-0.43,0.06,0
3,1963,-0.43,0.06,0
3,1963,-0.43,0.06,0
3,1963,-0.43,0.06,0
3,1963,-0.43,0.06,0
3,1963,-0.43,0.06,0
4,1963,-1.35,0.06,0
4,1963,-1.35,0.06,0
4,1963,-1.35,0.06,0
4,1963,-1.35,0.06,0
4,1963,-1.35,0.06,0
4,1963,-1.35,0.06,0
4,1963,-1.35,0.06,0
4,1963,-1.35,0.06,0
4,1963,-1.35,0.06,0
4,1963,-1.35,0.06,0
4,1963,-1.35,0.06,0
4,1963,-1.35,0.06,0
4,1963,-1.35,0.06,0
4,1963,-1.35,0.06,0
4,1963,-1.35,0.06,0
4,1963,-1.35,0.06,0
4,1963,-1.35,0.06,0
4,1963,-1.35,0.06,0
4,1963,-1.35,0.06,0
4,1963,-1.35,0.06,0
4,1963,-1.35,0.06,0
4,1963,-1.35,0.06,0
4,1963,-1.35,0.06,0
4,1963,-1.35,0.06,0
4,1963,-1.35,0.06,0
4,1963,-1.35,0.06,0
4,1963,-1.35,0.06,0
4,1963,-1.35,0.06,0
4,1963,-1.35,0.06,0
4,1963,-1.35,0.06,0
5,1963,2.16,0.06,0
5,1963,2.16,0.06,0
5,1963,2.16,0.06,0
5,1963,2.16,0.06,0
5,1963,2.16,0.06,0
5,1963,2.16,0.06,0
5,1963,2.16,0.06,0
5,1963,2.16,0.06,0
5,1963,2.16,0.06,0
5,1963,2.16,0.06,0
5,1963,2.16,0.06,0
5,1963,2.16,0.06,0
5,1963,2.16,0.06,0
5,1963,2.16,0.06,0
5,1963,2.16,0.06,0
5,1963,2.16,0.06,0
5,1963,2.16,0.06,0
5,1963,2.16,0.06,0
5,1963,2.16,0.06,0
5,1963,2.16,0.06,0
5,1963,2.16,0.06,0
5,1963,2.16,0.06,0
5,1963,2.16,0.06,0
5,1963,2.16,0.06,0
5,1963,2.16,0.06,0
5,1963,2.16,0.06,0
5,1963,2.16,0.06,0
5,1963,2.16,0.06,0
5,1963,2.16,0.06,0
5,1963,2.16,0.06,0
5,1963,2.16,0.06,0
6,1963,-0.43,0.05,0
6,1963,-0.43,0.05,0
6,1963,-0.43,0.05,0
6,1963,-0.43,0.05,0
6,1963,-0.43,0.05,0
6,1963,-0.43,0.05,0
6,1963,-0.43,0.05,0
6,1963,-0.43,0.05,0
6,1963,-0.43,0.05,0
6,1963,-0.43,0.05,0
6,1963,-0.43,0.05,0
6,1963,-0.43,0.05,0
6,1963,-0.43,0.05,0
6,1963,-0.43,0.05,0
6,1963,-0.43,0.05,0
6,1963,-0.43,0.05,0
6,1963,-0.43,0.05,0
6,1963,-0.43,0.05,0
6,1963,-0.43,0.05,0
6,1963,-0.43,0.05,0
6,1963,-0.43,0.05,0
6,1963,-0.43,0.05,0
6,1963,-0.43,0.05,0
6,1963,-0.43,0.05,0
6,1963,-0.43,0.05,0
6,1963,-0.43,0.05,0
6,1963,-0.43,0.05,0
6,1963,-0.43,0.05,0
6,1963,-0.43,0.05,0
7,1963,-0.77,0.05,0
7,1963,-0.77,0.05,0
7,1963,-0.77,0.05,0
7,1963,-0.77,0.05,0
7,1963,-0.77,0.05,0
7,1963,-0.77,0.05,0
7,1963,-0.77,0.05,0
7,1963,-0.77,0.05,0
7,1963,-0.77,0.05,0
7,1963,-0.77,0.05,0
7,1963,-0.77,0.05,0
7,1963,-0.77,0.05,0
7,1963,-0.77,0.05,0
7,1963,-0.77,0.05,0
7,1963,-0.77,0.05,0
7,1963,-0.77,0.05,0
7,1963,-0.77,0.05,0
7,1963,-0.77,0.05,0
7,1963,-0.77,0.05,0
7,1963,-0.77,0.05,0
7,1963,-0.77,0.05,0
7,1963,-0.77,0.05,0
7,1963,-0.77,0.05,0
7,1963,-0.77,0.05,0
7,1963,-0.77,0.05,0
7,1963,-0.77,0.05,0
7,1963,-0.77,0.05,0
7,1963,-0.77,0.05,0
8,1963,-0.64,0.05,0
8,1963,-0.64,0.05,0
8,1963,-0.64,0.05,0
8,1963,-0.64,0.05,0
8,1963,-0.64,0.05,0
8,1963,-0.64,0.05,0
8,1963,-0.64,0.05,0
8,1963,-0.64,0.05,0
8,1963,-0.64,0.05,0
8,1963,-0.64,0.05,0
8,1963,-0.64,0.05,0
8,1963,-0.64,0.05,0
8,1963,-0.64,0.05,0
8,1963,-0.64,0.05,0
8,1963,-0.64,0.05,0
8,1963,-0.64,0.05,0
8,1963,-0.64,0.05,0
8,1963,-0.64,0.05,0
8,1963,-0.64,0.05,0
8,1963,-0.64,0.05,0
8,1963,-0.64,0.05,0
8,1963,-0.64,0.05,0
8,1963,-0.64,0.05,0
8,1963,-0.64,0.05,0
8,1963,-0.64,0.05,0
8,1963,-0.64,0.05,0
8,1963,-0.64,0.05,0
8,1963,-0.64,0.05,0
8,1963,-0.64,0.05,0
8,1963,-0.64,0.05,0
9,1963,1.79,0.05,0
9,1963,1.79,0.05,0
9,1963,1.79,0.05,0
9,1963,1.79,0.05,0
9,1963,1.79,0.05,0
9,1963,1.79,0.05,0
9,1963,1.79,0.05,0
9,1963,1.79,0.05,0
9,1963,1.79,0.05,0
9,1963,1.79,0.05,0
9,1963,1.79,0.05,0
9,1963,1.79,0.05,0
9,1963,1.79,0.05,0
9,1963,1.79,0.05,0
9,1963,1.79,0.05,0
9,1963,1.79,0.05,0
9,1963,1.79,0.05,0
9,1963,1.79,0.05,0
9,1963,1.79,0.05,0
9,1963,1.79,0.05,0
9,1963,1.79,0.05,0
9,1963,1.79,0.05,0
9,1963,1.79,0.05,0
9,1963,1.79,0.05,0
9,1963,1.79,0.05,0
9,1963,1.79,0.05,0
9,1963,1.79,0.05,0
9,1963,1.79,0.05,0
9,1963,1.79,0.05,0
9,1963,1.79,0.05,0
10,1963,0.94,0.04,0
10,1963,0.94,0.04,0
10,1963,0.94,0.04,0
10,1963,0.94,0.04,0
10,1963,0.94,0.04,0
10,1963,0.94,0.04,0
10,1963,0.94,0.04,0
10,1963,0.94,0.04,0
10,1963,0.94,0.04,0
10,1963,0.94,0.04,0
10,1963,0.94,0.04,0
10,1963,0.94,0.04,0
10,1963,0.94,0.04,0
10,1963,0.94,0.04,0
10,1963,0.94,0.04,0
10,1963,0.94,0.04,0
10,1963,0.94,0.04,0
10,1963,0.94,0.04,0
10,1963,0.94,0.04,0
10,1963,0.94,0.04,0
10,1963,0.94,0.04,0
10,1963,0.94,0.04,0
10,1963,0.94,0.04,0
10,1963,0.94,0.04,0
10,1963,0.94,0.04,0
10,1963,0.94,0.04,0
10,1963,0.94,0.04,0
10,1963,0.94,0.04,0
10,1963,0.94,0.04,0
10,1963,0.94,0.04,0
10,1963,0.94,0.04,0
11,1963,-1.27,0.04,0
11,1963,-1.27,0.04,0
11,1963,-1.27,0.04,0
11,1963,-1.27,0.04,0
11,1963,-1.27,0.04,0
11,1963,-1.27,0.04,0
11,1963,-1.27,0.04,0
11,1963,-1.27,0.04,0
11,1963,-1.27,0.04,0
11,1963,-1.27,0.04,0
11,1963,-1.27,0.04,0
11,1963,-1.27,0.04,0
11,1963,-1.27,0.04,0
11,1963,-1.27,0.04,0
11,1963,-1.27,0.04,0
11,1963,-1.27,0.04,0
11,1963,-1.27,0.04,0
11,1963,-1.27,0.04,0
11,1963,-1.27,0.04,0
11,1963,-1.27,0.04,0
11,1963,-1.27,0.04,0
11,1963,-1.27,0.04,0
11,1963,-1.27,0.04,0
11,1963,-1.27,0.04,0
11,1963,-1.27,0.04,0
11,1963,-1.27,0.04,0
11,1963,-1.27,0.04,0
11,1963,-1.27,0.04,0
12,1963,-1.92,0.04,0
12,1963,-1.92,0.04,0
12,1963,-1.92,0.04,0
12,1963,-1.92,0.04,0
12,1963,-1.92,0.04,0
12,1963,-1.92,0.04,0
12,1963,-1.92,0.04,0
12,1963,-1.92,0.04,0
12,1963,-1.92,0.04,0
12,1963,-1.92,0.04,0
12,1963,-1.92,0.04,0
12,1963,-1.92,0.04,0
12,1963,-1.92,0.04,0
12,1963,-1.92,0.04,0
12,1963,-1.92,0.04,0
12,1963,-1.92,0.04,0
12,1963,-1.92,0.04,0
12,1963,-1.92,0.04,0
12,1963,-1.92,0.04,0
12,1963,-1.92,0.04,0
12,1963,-1.92,0.04,0
12,1963,-1.92,0.04,0
12,1963,-1.92,0.04,0
12,1963,-1.92,0.04,0
12,1963,-1.92,0.04,0
12,1963,-1.92,0.04,0
12,1963,-1.92,0.04,0
12,1963,-1.92,0.04,0
12,1963,-1.92,0.04,0
12,1963,-1.92,0.04,0
12,1963,-1.92,0.04,0
1,1964,-0.95,0.04,0
1,1964,-0.95,0.04,0
1,1964,-0.95,0.04,0
1,1964,-0.95,0.04,0
1,1964,-0.95,0.04,0
1,1964,-0.95,0.04,0
1,1964,-0.95,0.04,0
1,1964,-0.95,0.04,0
1,1964,-0.95,0.04,0
1,1964,-0.95,0.04,0
1,1964,-0.95,0.04,0
1,1964,-0.95,0.04,0
1,1964,-0.95,0.04,0
1,1964,-0.95,0.04,0
1,1964,-0.95,0.04,0
1,1964,-0.95,0.04,0
1,1964,-0.95,0.04,0
1,1964,-0.95,0.04,0
1,1964,-0.95,0.04,0
1,1964,-0.95,0.04,0
1,1964,-0.95,0.04,0
1,1964,-0.95,0.04,0
1,1964,-0.95,0.04,0
1,1964,-0.95,0.04,0
1,1964,-0.95,0.04,0
1,1964,-0.95,0.04,0
1,1964,-0.95,0.04,0
1,1964,-0.95,0.04,0
1,1964,-0.95,0.04,0
1,1964,-0.95,0.04,0
1,1964,-0.95,0.04,0
2,1964,-1.43,0.04,0
2,1964,-1.43,0.04,0
2,1964,-1.43,0.04,0
2,1964,-1.43,0.04,0
2,1964,-1.43,0.04,0
2,1964,-1.43,0.04,0
2,1964,-1.43,0.04,0
2,1964,-1.43,0.04,0
2,1964,-1.43,0.04,0
2,1964,-1.43,0.04,0
2,1964,-1.43,0.04,0
2,1964,-1.43,0.04,0
2,1964,-1.43,0.04,0
2,1964,-1.43,0.04,0
2,1964,-1.43,0.04,0
2,1964,-1.43,0.04,0
2,1964,-1.43,0.04,0
2,1964,-1.43,0.04,0
2,1964,-1.43,0.04,0
2,1964,-1.43,0.04,0
2,1964,-1.43,0.04,0
2,1964,-1.43,0.04,0
2,1964,-1.43,0.04,0
2,1964,-1.43,0.04,0
2,1964,-1.43,0.04,0
2,1964,-1.43,0.04,0
2,1964,-1.43,0.04,0
2,1964,-1.43,0.04,0
2,1964,-1.43,0.04,0
3,1964,-1.2,0.04,0
3,1964,-1.2,0.04,0
3,1964,-1.2,0.04,0
3,1964,-1.2,0.04,0
3,1964,-1.2,0.04,0
3,1964,-1.2,0.04,0
3,1964,-1.2,0.04,0
3,1964,-1.2,0.04,0
3,1964,-1.2,0.04,0
3,1964,-1.2,0.04,0
3,1964,-1.2,0.04,0
3,1964,-1.2,0.04,0
3,1964,-1.2,0.04,0
3,1964,-1.2,0.04,0
3,1964,-1.2,0.04,0
3,1964,-1.2,0.04,0
3,1964,-1.2,0.04,0
3,1964,-1.2,0.04,0
3,1964,-1.2,0.04,0
3,1964,-1.2,0.04,0
3,1964,-1.2,0.04,0
3,1964,-1.2,0.04,0
3,1964,-1.2,0.04,0
3,1964,-1.2,0.04,0
3,1964,-1.2,0.04,0
3,1964,-1.2,0.04,0
3,1964,-1.2,0.04,0
3,1964,-1.2,0.04,0
3,1964,-1.2,0.04,0
3,1964,-1.2,0.04,0
4,1964,0.36,0.04,0
4,1964,0.36,0.04,0
4,1964,0.36,0.04,0
4,1964,0.36,0.04,0
4,1964,0.36,0.04,0
4,1964,0.36,0.04,0
4,1964,0.36,0.04,0
4,1964,0.36,0.04,0
4,1964,0.36,0.04,0
4,1964,0.36,0.04,0
4,1964,0.36,0.04,0
4,1964,0.36,0.04,0
4,1964,0.36,0.04,0
4,1964,0.36,0.04,0
4,1964,0.36,0.04,0
4,1964,0.36,0.04,0
4,1964,0.36,0.04,0
4,1964,0.36,0.04,0
4,1964,0.36,0.04,0
4,1964,0.36,0.04,0
4,1964,0.36,0.04,0
4,1964,0.36,0.04,0
4,1964,0.36,0.04,0
4,1964,0.36,0.04,0
4,1964,0.36,0.04,0
4,1964,0.36,0.04,0
4,1964,0.36,0.04,0
4,1964,0.36,0.04,0
4,1964,0.36,0.04,0
4,1964,0.36,0.04,0
5,1964,0.52,0.04,0
5,1964,0.52,0.04,0
5,1964,0.52,0.04,0
5,1964,0.52,0.04,0
5,1964,0.52,0.04,0
5,1964,0.52,0.04,0
5,1964,0.52,0.04,0
5,1964,0.52,0.04,0
5,1964,0.52,0.04,0
5,1964,0.52,0.04,0
5,1964,0.52,0.04,0
5,1964,0.52,0.04,0
5,1964,0.52,0.04,0
5,1964,0.52,0.04,0
5,1964,0.52,0.04,0
5,1964,0.52,0.04,0
5,1964,0.52,0.04,0
5,1964,0.52,0.04,0
5,1964,0.52,0.04,0
5,1964,0.52,0.04,0
5,1964,0.52,0.04,0
5,1964,0.52,0.04,0
5,1964,0.52,0.04,0
5,1964,0.52,0.04,0
5,1964,0.52,0.04,0
5,1964,0.52,0.04,0
5,1964,0.52,0.04,0
5,1964,0.52,0.04,0
5,1964,0.52,0.04,0
5,1964,0.52,0.04,0
6,1964,1.29,0.04,0
6,1964,1.29,0.04,0
6,1964,1.29,0.04,0
6,1964,1.29,0.04,0
6,1964,1.29,0.04,0
6,1964,1.29,0.04,0
6,1964,1.29,0.04,0
6,1964,1.29,0.04,0
6,1964,1.29,0.04,0
6,1964,1.29,0.04,0
6,1964,1.29,0.04,0
6,1964,1.29,0.04,0
6,1964,1.29,0.04,0
6,1964,1.29,0.04,0
6,1964,1.29,0.04,0
6,1964,1.29,0.04,0
6,1964,1.29,0.04,0
6,1964,1.29,0.04,0
6,1964,1.29,0.04,0
6,1964,1.29,0.04,0
6,1964,1.29,0.04,0
6,1964,1.29,0.04,0
6,1964,1.29,0.04,0
6,1964,1.29,0.04,0
6,1964,1.29,0.04,0
6,1964,1.29,0.04,0
6,1964,1.29,0.04,0
6,1964,1.29,0.04,0
6,1964,1.29,0.04,0
7,1964,1.9,0.04,0
7,1964,1.9,0.04,0
7,1964,1.9,0.04,0
7,1964,1.9,0.04,0
7,1964,1.9,0.04,0
7,1964,1.9,0.04,0
7,1964,1.9,0.04,0
7,1964,1.9,0.04,0
7,1964,1.9,0.04,0
7,1964,1.9,0.04,0
7,1964,1.9,0.04,0
7,1964,1.9,0.04,0
7,1964,1.9,0.04,0
7,1964,1.9,0.04,0
7,1964,1.9,0.04,0
7,1964,1.9,0.04,0
7,1964,1.9,0.04,0
7,1964,1.9,0.04,0
7,1964,1.9,0.04,0
7,1964,1.9,0.04,0
7,1964,1.9,0.04,0
7,1964,1.9,0.04,0
7,1964,1.9,0.04,0
7,1964,1.9,0.04,0
7,1964,1.9,0.04,0
7,1964,1.9,0.04,0
7,1964,1.9,0.04,0
7,1964,1.9,0.04,0
7,1964,1.9,0.04,0
8,1964,-1.77,0.04,0
8,1964,-1.77,0.04,0
8,1964,-1.77,0.04,0
8,1964,-1.77,0.04,0
8,1964,-1.77,0.04,0
8,1964,-1.77,0.04,0
8,1964,-1.77,0.04,0
8,1964,-1.77,0.04,0
8,1964,-1.77,0.04,0
8,1964,-1.77,0.04,0
8,1964,-1.77,0.04,0
8,1964,-1.77,0.04,0
8,1964,-1.77,0.04,0
8,1964,-1.77,0.04,0
8,1964,-1.77,0.04,0
8,1964,-1.77,0.04,0
8,1964,-1.77,0.04,0
8,1964,-1.77,0.04,0
8,1964,-1.77,0.04,0
8,1964,-1.77,0.04,0
8,1964,-1.77,0.04,0
8,1964,-1.77,0.04,0
8,1964,-1.77,0.04,0
8,1964,-1.77,0.04,0
8,1964,-1.77,0.04,0
8,1964,-1.77,0.04,0
8,1964,-1.77,0.04,0
8,1964,-1.77,0.04,0
9,1964,0.2,0.04,0
9,1964,0.2,0.04,0
9,1964,0.2,0.04,0
9,1964,0.2,0.04,0
9,1964,0.2,0.04,0
9,1964,0.2,0.04,0
9,1964,0.2,0.04,0
9,1964,0.2,0.04,0
9,1964,0.2,0.04,0
9,1964,0.2,0.04,0
9,1964,0.2,0.04,0
9,1964,0.2,0.04,0
9,1964,0.2,0.04,0
9,1964,0.2,0.04,0
9,1964,0.2,0.04,0
9,1964,0.2,0.04,0
9,1964,0.2,0.04,0
9,1964,0.2,0.04,0
9,1964,0.2,0.04,0
9,1964,0.2,0.04,0
9,1964,0.2,0.04,0
9,1964,0.2,0.04,0
9,1964,0.2,0.04,0
9,1964,0.2,0.04,0
9,1964,0.2,0.04,0
9,1964,0.2,0.04,0
9,1964,0.2,0.04,0
9,1964,0.2,0.04,0
9,1964,0.2,0.04,0
9,1964,0.2,0.04,0
10,1964,0.74,0.04,0
10,1964,0.74,0.04,0
10,1964,0.74,0.04,0
10,1964,0.74,0.04,0
10,1964,0.74,0.04,0
10,1964,0.74,0.04,0
10,1964,0.74,0.04,0
10,1964,0.74,0.04,0
10,1964,0.74,0.04,0
10,1964,0.74,0.04,0
10,1964,0.74,0.04,0
10,1964,0.74,0.04,0
10,1964,0.74,0.04,0
10,1964,0.74,0.04,0
10,1964,0.74,0.04,0
10,1964,0.74,0.04,0
10,1964,0.74,0.04,0
10,1964,0.74,0.04,0
10,1964,0.74,0.04,0
10,1964,0.74,0.04,0
10,1964,0.74,0.04,0
10,1964,0.74,0.04,0
10,1964,0.74,0.04,0
10,1964,0.74,0.04,0
10,1964,0.74,0.04,0
10,1964,0.74,0.04,0
10,1964,0.74,0.04,0
10,1964,0.74,0.04,0
10,1964,0.74,0.04,0
10,1964,0.74,0.04,0
10,1964,0.74,0.04,0
11,1964,-0.01,0.04,0
11,1964,-0.01,0.04,0
11,1964,-0.01,0.04,0
11,1964,-0.01,0.04,0
11,1964,-0.01,0.04,0
11,1964,-0.01,0.04,0
11,1964,-0.01,0.04,0
11,1964,-0.01,0.04,0
11,1964,-0.01,0.04,0
11,1964,-0.01,0.04,0
11,1964,-0.01,0.04,0
11,1964,-0.01,0.04,0
11,1964,-0.01,0.04,0
11,1964,-0.01,0.04,0
11,1964,-0.01,0.04,0
11,1964,-0.01,0.04,0
11,1964,-0.01,0.04,0
11,1964,-0.01,0.04,0
11,1964,-0.01,0.04,0
11,1964,-0.01,0.04,0
11,1964,-0.01,0.04,0
11,1964,-0.01,0.04,0
11,1964,-0.01,0.04,0
11,1964,-0.01,0.04,0
11,1964,-0.01,0.04,0
11,1964,-0.01,0.04,0
11,1964,-0.01,0.04,0
11,1964,-0.01,0.04,0
11,1964,-0.01,0.04,0
11,1964,-0.01,0.04,0
12,1964,-0.15,0.04,0
12,1964,-0.15,0.04,0
12,1964,-0.15,0.04,0
12,1964,-0.15,0.04,0
12,1964,-0.15,0.04,0
12,1964,-0.15,0.04,0
12,1964,-0.15,0.04,0
12,1964,-0.15,0.04,0
12,1964,-0.15,0.04,0
12,1964,-0.15,0.04,0
12,1964,-0.15,0.04,0
12,1964,-0.15,0.04,0
12,1964,-0.15,0.04,0
12,1964,-0.15,0.04,0
12,1964,-0.15,0.04,0
12,1964,-0.15,0.04,0
12,1964,-0.15,0.04,0
12,1964,-0.15,0.04,0
12,1964,-0.15,0.04,0
12,1964,-0.15,0.04,0
12,1964,-0.15,0.04,0
12,1964,-0.15,0.04,0
12,1964,-0.15,0.04,0
12,1964,-0.15,0.04,0
12,1964,-0.15,0.04,0
12,1964,-0.15,0.04,0
12,1964,-0.15,0.04,0
12,1964,-0.15,0.04,0
12,1964,-0.15,0.04,0
12,1964,-0.15,0.04,0
1,1965,-0.12,0.04,0
1,1965,-0.12,0.04,0
1,1965,-0.12,0.04,0
1,1965,-0.12,0.04,0
1,1965,-0.12,0.04,0
1,1965,-0.12,0.04,0
1,1965,-0.12,0.04,0
1,1965,-0.12,0.04,0
1,1965,-0.12,0.04,0
1,1965,-0.12,0.04,0
1,1965,-0.12,0.04,0
1,1965,-0.12,0.04,0
1,1965,-0.12,0.04,0
1,1965,-0.12,0.04,0
1,1965,-0.12,0.04,0
1,1965,-0.12,0.04,0
1,1965,-0.12,0.04,0
1,1965,-0.12,0.04,0
1,1965,-0.12,0.04,0
1,1965,-0.12,0.04,0
1,1965,-0.12,0.04,0
1,1965,-0.12,0.04,0
1,1965,-0.12,0.04,0
1,1965,-0.12,0.04,0
1,1965,-0.12,0.04,0
1,1965,-0.12,0.04,0
1,1965,-0.12,0.04,0
1,1965,-0.12,0.04,0
1,1965,-0.12,0.04,0
1,1965,-0.12,0.04,0
1,1965,-0.12,0.04,0
2,1965,-1.55,0.03,0
2,1965,-1.55,0.03,0
2,1965,-1.55,0.03,0
2,1965,-1.55,0.03,0
2,1965,-1.55,0.03,0
2,1965,-1.55,0.03,0
2,1965,-1.55,0.03,0
2,1965,-1.55,0.03,0
2,1965,-1.55,0.03,0
2,1965,-1.55,0.03,0
2,1965,-1.55,0.03,0
2,1965,-1.55,0.03,0
2,1965,-1.55,0.03,0
2,1965,-1.55,0.03,0
2,1965,-1.55,0.03,0
2,1965,-1.55,0.03,0
2,1965,-1.55,0.03,0
2,1965,-1.55,0.03,0
2,1965,-1.55,0.03,0
2,1965,-1.55,0.03,0
2,1965,-1.55,0.03,0
2,1965,-1.55,0.03,0
2,1965,-1.55,0.03,0
2,1965,-1.55,0.03,0
2,1965,-1.55,0.03,0
2,1965,-1.55,0.03,0
2,1965,-1.55,0.03,0
2,1965,-1.55,0.03,0
3,1965,-1.51,0.03,0
3,1965,-1.51,0.03,0
3,1965,-1.51,0.03,0
3,1965,-1.51,0.03,0
3,1965,-1.51,0.03,0
3,1965,-1.51,0.03,0
3,1965,-1.51,0.03,0
3,1965,-1.51,0.03,0
3,1965,-1.51,0.03,0
3,1965,-1.51,0.03,0
3,1965,-1.51,0.03,0
3,1965,-1.51,0.03,0
3,1965,-1.51,0.03,0
3,1965,-1.51,0.03,0
3,1965,-1.51,0.03,0
3,1965,-1.51,0.03,0
3,1965,-1.51,0.03,0
3,1965,-1.51,0.03,0
3,1965,-1.51,0.03,0
3,1965,-1.51,0.03,0
3,1965,-1.51,0.03,0
3,1965,-1.51,0.03,0
3,1965,-1.51,0.03,0
3,1965,-1.51,0.03,0
3,1965,-1.51,0.03,0
3,1965,-1.51,0.03,0
3,1965,-1.51,0.03,0
3,1965,-1.51,0.03,0
3,1965,-1.51,0.03,0
3,1965,-1.51,0.03,0
3,1965,-1.51,0.03,0
4,1965,0.72,0.03,0
4,1965,0.72,0.03,0
4,1965,0.72,0.03,0
4,1965,0.72,0.03,0
4,1965,0.72,0.03,0
4,1965,0.72,0.03,0
4,1965,0.72,0.03,0
4,1965,0.72,0.03,0
4,1965,0.72,0.03,0
4,1965,0.72,0.03,0
4,1965,0.72,0.03,0
4,1965,0.72,0.03,0
4,1965,0.72,0.03,0
4,1965,0.72,0.03,0
4,1965,0.72,0.03,0
4,1965,0.72,0.03,0
4,1965,0.72,0.03,0
4,1965,0.72,0.03,0
4,1965,0.72,0.03,0
4,1965,0.72,0.03,0
4,1965,0.72,0.03,0
4,1965,0.72,0.03,0
4,1965,0.72,0.03,0
4,1965,0.72,0.03,0
4,1965,0.72,0.03,0
4,1965,0.72,0.03,0
4,1965,0.72,0.03,0
4,1965,0.72,0.03,0
4,1965,0.72,0.03,0
4,1965,0.72,0.03,0
5,1965,-0.62,0.03,0
5,1965,-0.62,0.03,0
5,1965,-0.62,0.03,0
5,1965,-0.62,0.03,0
5,1965,-0.62,0.03,0
5,1965,-0.62,0.03,0
5,1965,-0.62,0.03,0
5,1965,-0.62,0.03,0
5,1965,-0.62,0.03,0
5,1965,-0.62,0.03,0
5,1965,-0.62,0.03,0
5,1965,-0.62,0.03,0
5,1965,-0.62,0.03,0
5,1965,-0.62,0.03,0
5,1965,-0.62,0.03,0
5,1965,-0.62,0.03,0
5,1965,-0.62,0.03,0
5,1965,-0.62,0.03,0
5,1965,-0.62,0.03,0
5,1965,-0.62,0.03,0
5,1965,-0.62,0.03,0
5,1965,-0.62,0.03,0
5,1965,-0.62,0.03,0
5,1965,-0.62,0.03,0
5,1965,-0.62,0.03,0
5,1965,-0.62,0.03,0
5,1965,-0.62,0.03,0
5,1965,-0.62,0.03,0
5,1965,-0.62,0.03,0
5,1965,-0.62,0.03,0
5,1965,-0.62,0.03,0
6,1965,0.29,0.03,0
6,1965,0.29,0.03,0
6,1965,0.29,0.03,0
6,1965,0.29,0.03,0
6,1965,0.29,0.03,0
6,1965,0.29,0.03,0
6,1965,0.29,0.03,0
6,1965,0.29,0.03,0
6,1965,0.29,0.03,0
6,1965,0.29,0.03,0
6,1965,0.29,0.03,0
6,1965,0.29,0.03,0
6,1965,0.29,0.03,0
6,1965,0.29,0.03,0
6,1965,0.29,0.03,0
6,1965,0.29,0.03,0
6,1965,0.29,0.03,0
6,1965,0.29,0.03,0
6,1965,0.29,0.03,0
6,1965,0.29,0.03,0
6,1965,0.29,0.03,0
6,1965,0.29,0.03,0
6,1965,0.29,0.03,0
6,1965,0.29,0.03,0
6,1965,0.29,0.03,0
6,1965,0.29,0.03,0
6,1965,0.29,0.03,0
6,1965,0.29,0.03,0
6,1965,0.29,0.03,0
7,1965,0.32,0.03,0
7,1965,0.32,0.03,0
7,1965,0.32,0.03,0
7,1965,0.32,0.03,0
7,1965,0.32,0.03,0
7,1965,0.32,0.03,0
7,1965,0.32,0.03,0
7,1965,0.32,0.03,0
7,1965,0.32,0.03,0
7,1965,0.32,0.03,0
7,1965,0.32,0.03,0
7,1965,0.32,0.03,0
7,1965,0.32,0.03,0
7,1965,0.32,0.03,0
7,1965,0.32,0.03,0
7,1965,0.32,0.03,0
7,1965,0.32,0.03,0
7,1965,0.32,0.03,0
7,1965,0.32,0.03,0
7,1965,0.32,0.03,0
7,1965,0.32,0.03,0
7,1965,0.32,0.03,0
7,1965,0.32,0.03,0
7,1965,0.32,0.03,0
7,1965,0.32,0.03,0
7,1965,0.32,0.03,0
8,1965,0.45,0.02,0
8,1965,0.45,0.02,0
8,1965,0.45,0.02,0
8,1965,0.45,0.02,0
8,1965,0.45,0.02,0
8,1965,0.45,0.02,0
8,1965,0.45,0.02,0
8,1965,0.45,0.02,0
8,1965,0.45,0.02,0
8,1965,0.45,0.02,0
8,1965,0.45,0.02,0
8,1965,0.45,0.02,0
8,1965,0.45,0.02,0
8,1965,0.45,0.02,0
8,1965,0.45,0.02,0
8,1965,0.45,0.02,0
8,1965,0.45,0.02,0
8,1965,0.45,0.02,0
8,1965,0.45,0.02,0
8,1965,0.45,0.02,0
8,1965,0.45,0.02,0
8,1965,0.45,0.02,0
8,1965,0.45,0.02,0
8,1965,0.45,0.02,0
8,1965,0.45,0.02,0
8,1965,0.45,0.02,0
8,1965,0.45,0.02,0
8,1965,0.45,0.02,0
8,1965,0.45,0.02,0
9,1965,0.37,0.02,0
9,1965,0.37,0.02,0
9,1965,0.37,0.02,0
9,1965,0.37,0.02,0
9,1965,0.37,0.02,0
9,1965,0.37,0.02,0
9,1965,0.37,0.02,0
9,1965,0.37,0.02,0
9,1965,0.37,0.02,0
9,1965,0.37,0.02,0
9,1965,0.37,0.02,0
9,1965,0.37,0.02,0
9,1965,0.37,0.02,0
9,1965,0.37,0.02,0
9,1965,0.37,0.02,0
9,1965,0.37,0.02,0
9,1965,0.37,0.02,0
9,1965,0.37,0.02,0
9,1965,0.37,0.02,0
9,1965,0.37,0.02,0
9,1965,0.37,0.02,0
9,1965,0.37,0.02,0
9,1965,0.37,0.02,0
9,1965,0.37,0.02,0
9,1965,0.37,0.02,0
9,1965,0.37,0.02,0
9,1965,0.37,0.02,0
9,1965,0.37,0.02,0
9,1965,0.37,0.02,0
9,1965,0.37,0.02,0
10,1965,0.38,0.02,0
10,1965,0.38,0.02,0
10,1965,0.38,0.02,0
10,1965,0.38,0.02,0
10,1965,0.38,0.02,0
10,1965,0.38,0.02,0
10,1965,0.38,0.02,0
10,1965,0.38,0.02,0
10,1965,0.38,0.02,0
10,1965,0.38,0.02,0
10,1965,0.38,0.02,0
10,1965,0.38,0.02,0
10,1965,0.38,0.02,0
10,1965,0.38,0.02,0
10,1965,0.38,0.02,0
10,1965,0.38,0.02,0
10,1965,0.38,0.02,0
10,1965,0.38,0.02,0
10,1965,0.38,0.02,0
10,1965,0.38,0.02,0
10,1965,0.38,0.02,0
10,1965,0.38,0.02,0
10,1965,0.38,0.02,0
10,1965,0.38,0.02,0
10,1965,0.38,0.02,0
10,1965,0.38,0.02,0
10,1965,0.38,0.02,0
10,1965,0.38,0.02,0
10,1965,0.38,0.02,0
10,1965,0.38,0.02,0
10,1965,0.38,0.02,0
11,1965,-1.66,0.02,0
11,1965,-1.66,0.02,0
11,1965,-1.66,0.02,0
11,1965,-1.66,0.02,0
11,1965,-1.66,0.02,0
11,1965,-1.66,0.02,0
11,1965,-1.66,0.02,0
11,1965,-1.66,0.02,0
11,1965,-1.66,0.02,0
11,1965,-1.66,0.02,0
11,1965,-1.66,0.02,0
11,1965,-1.66,0.02,0
11,1965,-1.66,0.02,0
11,1965,-1.66,0.02,0
11,1965,-1.66,0.02,0
11,1965,-1.66,0.02,0
11,1965,-1.66,0.02,0
11,1965,-1.66,0.02,0
11,1965,-1.66,0.02,0
11,1965,-1.66,0.02,0
11,1965,-1.66,0.02,0
11,1965,-1.66,0.02,0
11,1965,-1.66,0.02,0
11,1965,-1.66,0.02,0
11,1965,-1.66,0.02,0
11,1965,-1.66,0.02,0
11,1965,-1.66,0.02,0
11,1965,-1.66,0.02,0
11,1965,-1.66,0.02,0
12,1965,1.37,0.01,0
12,1965,1.37,0.01,0
12,1965,1.37,0.01,0
12,1965,1.37,0.01,0
12,1965,1.37,0.01,0
12,1965,1.37,0.01,0
12,1965,1.37,0.01,0
12,1965,1.37,0.01,0
12,1965,1.37,0.01,0
12,1965,1.37,0.01,0
12,1965,1.37,0.01,0
12,1965,1.37,0.01,0
12,1965,1.37,0.01,0
12,1965,1.37,0.01,0
12,1965,1.37,0.01,0
12,1965,1.37,0.01,0
12,1965,1.37,0.01,0
12,1965,1.37,0.01,0
12,1965,1.37,0.01,0
12,1965,1.37,0.01,0
12,1965,1.37,0.01,0
12,1965,1.37,0.01,0
12,1965,1.37,0.01,0
12,1965,1.37,0.01,0
12,1965,1.37,0.01,0
12,1965,1.37,0.01,0
12,1965,1.37,0.01,0
12,1965,1.37,0.01,0
12,1965,1.37,0.01,0
1,1966,-1.74,0.01,0
1,1966,-1.74,0.01,0
1,1966,-1.74,0.01,0
1,1966,-1.74,0.01,0
1,1966,-1.74,0.01,0
1,1966,-1.74,0.01,0
1,1966,-1.74,0.01,0
1,1966,-1.74,0.01,0
1,1966,-1.74,0.01,0
1,1966,-1.74,0.01,0
1,1966,-1.74,0.01,0
1,1966,-1.74,0.01,0
1,1966,-1.74,0.01,0
1,1966,-1.74,0.01,0
1,1966,-1.74,0.01,0
1,1966,-1.74,0.01,0
1,1966,-1.74,0.01,0
1,1966,-1.74,0.01,0
1,1966,-1.74,0.01,0
1,1966,-1.74,0.01,0
1,1966,-1.74,0.01,0
1,1966,-1.74,0.01,0
1,1966,-1.74,0.01,0
1,1966,-1.74,0.01,0
1,1966,-1.74,0.01,0
1,1966,-1.74,0.01,0
1,1966,-1.74,0.01,0
1,1966,-1.74,0.01,0
1,1966,-1.74,0.01,0
2,1966,-1.39,0.01,0
2,1966,-1.39,0.01,0
2,1966,-1.39,0.01,0
2,1966,-1.39,0.01,0
2,1966,-1.39,0.01,0
2,1966,-1.39,0.01,0
2,1966,-1.39,0.01,0
2,1966,-1.39,0.01,0
2,1966,-1.39,0.01,0
2,1966,-1.39,0.01,0
2,1966,-1.39,0.01,0
2,1966,-1.39,0.01,0
2,1966,-1.39,0.01,0
2,1966,-1.39,0.01,0
2,1966,-1.39,0.01,0
2,1966,-1.39,0.01,0
2,1966,-1.39,0.01,0
2,1966,-1.39,0.01,0
2,1966,-1.39,0.01,0
2,1966,-1.39,0.01,0
2,1966,-1.39,0.01,0
2,1966,-1.39,0.01,0
2,1966,-1.39,0.01,0
2,1966,-1.39,0.01,0
2,1966,-1.39,0.01,0
2,1966,-1.39,0.01,0
2,1966,-1.39,0.01,0
2,1966,-1.39,0.01,0
3,1966,0.56,0.01,0
3,1966,0.56,0.01,0
3,1966,0.56,0.01,0
3,1966,0.56,0.01,0
3,1966,0.56,0.01,0
3,1966,0.56,0.01,0
3,1966,0.56,0.01,0
3,1966,0.56,0.01,0
3,1966,0.56,0.01,0
3,1966,0.56,0.01,0
3,1966,0.56,0.01,0
3,1966,0.56,0.01,0
3,1966,0.56,0.01,0
3,1966,0.56,0.01,0
3,1966,0.56,0.01,0
3,1966,0.56,0.01,0
3,1966,0.56,0.01,0
3,1966,0.56,0.01,0
3,1966,0.56,0.01,0
3,1966,0.56,0.01,0
3,1966,0.56,0.01,0
3,1966,0.56,0.01,0
3,1966,0.56,0.01,0
3,1966,0.56,0.01,0
3,1966,0.56,0.01,0
3,1966,0.56,0.01,0
3,1966,0.56,0.01,0
3,1966,0.56,0.01,0
3,1966,0.56,0.01,0
3,1966,0.56,0.01,0
3,1966,0.56,0.01,0
4,1966,-0.75,0.01,0
4,1966,-0.75,0.01,0
4,1966,-0.75,0.01,0
4,1966,-0.75,0.01,0
4,1966,-0.75,0.01,0
4,1966,-0.75,0.01,0
4,1966,-0.75,0.01,0
4,1966,-0.75,0.01,0
4,1966,-0.75,0.01,0
4,1966,-0.75,0.01,0
4,1966,-0.75,0.01,0
4,1966,-0.75,0.01,0
4,1966,-0.75,0.01,0
4,1966,-0.75,0.01,0
4,1966,-0.75,0.01,0
4,1966,-0.75,0.01,0
4,1966,-0.75,0.01,0
4,1966,-0.75,0.01,0
4,1966,-0.75,0.01,0
4,1966,-0.75,0.01,0
4,1966,-0.75,0.01,0
4,1966,-0.75,0.01,0
4,1966,-0.75,0.01,0
4,1966,-0.75,0.01,0
4,1966,-0.75,0.01,0
4,1966,-0.75,0.01,0
4,1966,-0.75,0.01,0
4,1966,-0.75,0.01,0
4,1966,-0.75,0.01,0
5,1966,0.22,0,0
5,1966,0.22,0,0
5,1966,0.22,0,0
5,1966,0.22,0,0
5,1966,0.22,0,0
5,1966,0.22,0,0
5,1966,0.22,0,0
5,1966,0.22,0,0
5,1966,0.22,0,0
5,1966,0.22,0,0
5,1966,0.22,0,0
5,1966,0.22,0,0
5,1966,0.22,0,0
5,1966,0.22,0,0
5,1966,0.22,0,0
5,1966,0.22,0,0
5,1966,0.22,0,0
5,1966,0.22,0,0
5,1966,0.22,0,0
5,1966,0.22,0,0
5,1966,0.22,0,0
5,1966,0.22,0,0
5,1966,0.22,0,0
5,1966,0.22,0,0
5,1966,0.22,0,0
5,1966,0.22,0,0
5,1966,0.22,0,0
5,1966,0.22,0,0
5,1966,0.22,0,0
5,1966,0.22,0,0
5,1966,0.22,0,0
6,1966,1.05,0,0
6,1966,1.05,0,0
6,1966,1.05,0,0
6,1966,1.05,0,0
6,1966,1.05,0,0
6,1966,1.05,0,0
6,1966,1.05,0,0
6,1966,1.05,0,0
6,1966,1.05,0,0
6,1966,1.05,0,0
6,1966,1.05,0,0
6,1966,1.05,0,0
6,1966,1.05,0,0
6,1966,1.05,0,0
6,1966,1.05,0,0
6,1966,1.05,0,0
6,1966,1.05,0,0
6,1966,1.05,0,0
6,1966,1.05,0,0
6,1966,1.05,0,0
6,1966,1.05,0,0
6,1966,1.05,0,0
6,1966,1.05,0,0
6,1966,1.05,0,0
6,1966,1.05,0,0
6,1966,1.05,0,0
6,1966,1.05,0,0
6,1966,1.05,0,0
6,1966,1.05,0,0
7,1966,0.32,0,0
7,1966,0.32,0,0
7,1966,0.32,0,0
7,1966,0.32,0,0
7,1966,0.32,0,0
7,1966,0.32,0,0
7,1966,0.32,0,0
7,1966,0.32,0,0
7,1966,0.32,0,0
7,1966,0.32,0,0
7,1966,0.32,0,0
7,1966,0.32,0,0
7,1966,0.32,0,0
7,1966,0.32,0,0
7,1966,0.32,0,0
7,1966,0.32,0,0
7,1966,0.32,0,0
7,1966,0.32,0,0
7,1966,0.32,0,0
7,1966,0.32,0,0
7,1966,0.32,0,0
7,1966,0.32,0,0
7,1966,0.32,0,0
7,1966,0.32,0,0
7,1966,0.32,0,0
7,1966,0.32,0,0
7,1966,0.32,0,0
7,1966,0.32,0,0
7,1966,0.32,0,0
7,1966,0.32,0,0
7,1966,0.32,0,0
8,1966,-1.76,0,0
8,1966,-1.76,0,0
8,1966,-1.76,0,0
8,1966,-1.76,0,0
8,1966,-1.76,0,0
8,1966,-1.76,0,0
8,1966,-1.76,0,0
8,1966,-1.76,0,0
8,1966,-1.76,0,0
8,1966,-1.76,0,0
8,1966,-1.76,0,0
8,1966,-1.76,0,0
8,1966,-1.76,0,0
8,1966,-1.76,0,0
8,1966,-1.76,0,0
8,1966,-1.76,0,0
8,1966,-1.76,0,0
8,1966,-1.76,0,0
8,1966,-1.76,0,0
8,1966,-1.76,0,0
8,1966,-1.76,0,0
8,1966,-1.76,0,0
8,1966,-1.76,0,0
8,1966,-1.76,0,0
8,1966,-1.76,0,0
8,1966,-1.76,0,0
8,1966,-1.76,0,0
8,1966,-1.76,0,0
8,1966,-1.76,0,0
9,1966,-0.45,0,0
9,1966,-0.45,0,0
9,1966,-0.45,0,0
9,1966,-0.45,0,0
9,1966,-0.45,0,0
9,1966,-0.45,0,0
9,1966,-0.45,0,0
9,1966,-0.45,0,0
9,1966,-0.45,0,0
9,1966,-0.45,0,0
9,1966,-0.45,0,0
9,1966,-0.45,0,0
9,1966,-0.45,0,0
9,1966,-0.45,0,0
9,1966,-0.45,0,0
9,1966,-0.45,0,0
9,1966,-0.45,0,0
9,1966,-0.45,0,0
9,1966,-0.45,0,0
9,1966,-0.45,0,0
9,1966,-0.45,0,0
9,1966,-0.45,0,0
9,1966,-0.45,0,0
9,1966,-0.45,0,0
9,1966,-0.45,0,0
9,1966,-0.45,0,0
9,1966,-0.45,0,0
9,1966,-0.45,0,0
9,1966,-0.45,0,0
9,1966,-0.45,0,0
10,1966,-0.68,0,0
10,1966,-0.68,0,0
10,1966,-0.68,0,0
10,1966,-0.68,0,0
10,1966,-0.68,0,0
10,1966,-0.68,0,0
10,1966,-0.68,0,0
10,1966,-0.68,0,0
10,1966,-0.68,0,0
10,1966,-0.68,0,0
10,1966,-0.68,0,0
10,1966,-0.68,0,0
10,1966,-0.68,0,0
10,1966,-0.68,0,0
10,1966,-0.68,0,0
10,1966,-0.68,0,0
10,1966,-0.68,0,0
10,1966,-0.68,0,0
10,1966,-0.68,0,0
10,1966,-0.68,0,0
10,1966,-0.68,0,0
10,1966,-0.68,0,0
10,1966,-0.68,0,0
10,1966,-0.68,0,0
10,1966,-0.68,0,0
10,1966,-0.68,0,0
10,1966,-0.68,0,0
10,1966,-0.68,0,0
10,1966,-0.68,0,0
11,1966,-0.04,0,0
11,1966,-0.04,0,0
11,1966,-0.04,0,0
11,1966,-0.04,0,0
11,1966,-0.04,0,0
11,1966,-0.04,0,0
11,1966,-0.04,0,0
11,1966,-0.04,0,0
11,1966,-0.04,0,0
11,1966,-0.04,0,0
11,1966,-0.04,0,0
11,1966,-0.04,0,0
11,1966,-0.04,0,0
11,1966,-0.04,0,0
11,1966,-0.04,0,0
11,1966,-0.04,0,0
11,1966,-0.04,0,0
11,1966,-0.04,0,0
11,1966,-0.04,0,0
11,1966,-0.04,0,0
11,1966,-0.04,0,0
11,1966,-0.04,0,0
11,1966,-0.04,0,0
11,1966,-0.04,0,0
11,1966,-0.04,0,0
11,1966,-0.04,0,0
11,1966,-0.04,0,0
11,1966,-0.04,0,0
11,1966,-0.04,0,0
11,1966,-0.04,0,0
12,1966,0.72,-0.01,0
12,1966,0.72,-0.01,0
12,1966,0.72,-0.01,0
12,1966,0.72,-0.01,0
12,1966,0.72,-0.01,0
12,1966,0.72,-0.01,0
12,1966,0.72,-0.01,0
12,1966,0.72,-0.01,0
12,1966,0.72,-0.01,0
12,1966,0.72,-0.01,0
12,1966,0.72,-0.01,0
12,1966,0.72,-0.01,0
12,1966,0.72,-0.01,0
12,1966,0.72,-0.01,0
12,1966,0.72,-0.01,0
12,1966,0.72,-0.01,0
12,1966,0.72,-0.01,0
12,1966,0.72,-0.01,0
12,1966,0.72,-0.01,0
12,1966,0.72,-0.01,0
12,1966,0.72,-0.01,0
12,1966,0.72,-0.01,0
12,1966,0.72,-0.01,0
12,1966,0.72,-0.01,0
12,1966,0.72,-0.01,0
12,1966,0.72,-0.01,0
12,1966,0.72,-0.01,0
12,1966,0.72,-0.01,0
12,1966,0.72,-0.01,0
12,1966,0.72,-0.01,0
1,1967,-0.89,-0.01,0
1,1967,-0.89,-0.01,0
1,1967,-0.89,-0.01,0
1,1967,-0.89,-0.01,0
1,1967,-0.89,-0.01,0
1,1967,-0.89,-0.01,0
1,1967,-0.89,-0.01,0
1,1967,-0.89,-0.01,0
1,1967,-0.89,-0.01,0
1,1967,-0.89,-0.01,0
1,1967,-0.89,-0.01,0
1,1967,-0.89,-0.01,0
1,1967,-0.89,-0.01,0
1,1967,-0.89,-0.01,0
1,1967,-0.89,-0.01,0
1,1967,-0.89,-0.01,0
1,1967,-0.89,-0.01,0
1,1967,-0.89,-0.01,0
1,1967,-0.89,-0.01,0
1,1967,-0.89,-0.01,0
1,1967,-0.89,-0.01,0
1,1967,-0.89,-0.01,0
1,1967,-0.89,-0.01,0
1,1967,-0.89,-0.01,0
1,1967,-0.89,-0.01,0
1,1967,-0.89,-0.01,0
1,1967,-0.89,-0.01,0
1,1967,-0.89,-0.01,0
1,1967,-0.89,-0.01,0
1,1967,-0.89,-0.01,0
1,1967,-0.89,-0.01,0
2,1967,0.19,-0.01,0
2,1967,0.19,-0.01,0
2,1967,0.19,-0.01,0
2,1967,0.19,-0.01,0
2,1967,0.19,-0.01,0
2,1967,0.19,-0.01,0
2,1967,0.19,-0.01,0
2,1967,0.19,-0.01,0
2,1967,0.19,-0.01,0
2,1967,0.19,-0.01,0
2,1967,0.19,-0.01,0
2,1967,0.19,-0.01,0
2,1967,0.19,-0.01,0
2,1967,0.19,-0.01,0
2,1967,0.19,-0.01,0
2,1967,0.19,-0.01,0
2,1967,0.19,-0.01,0
2,1967,0.19,-0.01,0
2,1967,0.19,-0.01,0
2,1967,0.19,-0.01,0
2,1967,0.19,-0.01,0
2,1967,0.19,-0.01,0
2,1967,0.19,-0.01,0
2,1967,0.19,-0.01,0
2,1967,0.19,-0.01,0
2,1967,0.19,-0.01,0
2,1967,0.19,-0.01,0
3,1967,1.51,-0.02,0
3,1967,1.51,-0.02,0
3,1967,1.51,-0.02,0
3,1967,1.51,-0.02,0
3,1967,1.51,-0.02,0
3,1967,1.51,-0.02,0
3,1967,1.51,-0.02,0
3,1967,1.51,-0.02,0
3,1967,1.51,-0.02,0
3,1967,1.51,-0.02,0
3,1967,1.51,-0.02,0
3,1967,1.51,-0.02,0
3,1967,1.51,-0.02,0
3,1967,1.51,-0.02,0
3,1967,1.51,-0.02,0
3,1967,1.51,-0.02,0
3,1967,1.51,-0.02,0
3,1967,1.51,-0.02,0
3,1967,1.51,-0.02,0
3,1967,1.51,-0.02,0
3,1967,1.51,-0.02,0
3,1967,1.51,-0.02,0
3,1967,1.51,-0.02,0
3,1967,1.51,-0.02,0
3,1967,1.51,-0.02,0
3,1967,1.51,-0.02,0
3,1967,1.51,-0.02,0
3,1967,1.51,-0.02,0
3,1967,1.51,-0.02,0
3,1967,1.51,-0.02,0
3,1967,1.51,-0.02,0
4,1967,0.18,-0.02,0
4,1967,0.18,-0.02,0
4,1967,0.18,-0.02,0
4,1967,0.18,-0.02,0
4,1967,0.18,-0.02,0
4,1967,0.18,-0.02,0
4,1967,0.18,-0.02,0
4,1967,0.18,-0.02,0
4,1967,0.18,-0.02,0
4,1967,0.18,-0.02,0
4,1967,0.18,-0.02,0
4,1967,0.18,-0.02,0
4,1967,0.18,-0.02,0
4,1967,0.18,-0.02,0
4,1967,0.18,-0.02,0
4,1967,0.18,-0.02,0
4,1967,0.18,-0.02,0
4,1967,0.18,-0.02,0
4,1967,0.18,-0.02,0
4,1967,0.18,-0.02,0
4,1967,0.18,-0.02,0
4,1967,0.18,-0.02,0
4,1967,0.18,-0.02,0
4,1967,0.18,-0.02,0
4,1967,0.18,-0.02,0
4,1967,0.18,-0.02,0
4,1967,0.18,-0.02,0
4,1967,0.18,-0.02,0
4,1967,0.18,-0.02,0
4,1967,0.18,-0.02,0
5,1967,-0.99,-0.03,0
5,1967,-0.99,-0.03,0
5,1967,-0.99,-0.03,0
5,1967,-0.99,-0.03,0
5,1967,-0.99,-0.03,0
5,1967,-0.99,-0.03,0
5,1967,-0.99,-0.03,0
5,1967,-0.99,-0.03,0
5,1967,-0.99,-0.03,0
5,1967,-0.99,-0.03,0
5,1967,-0.99,-0.03,0
5,1967,-0.99,-0.03,0
5,1967,-0.99,-0.03,0
5,1967,-0.99,-0.03,0
5,1967,-0.99,-0.03,0
5,1967,-0.99,-0.03,0
5,1967,-0.99,-0.03,0
5,1967,-0.99,-0.03,0
5,1967,-0.99,-0.03,0
5,1967,-0.99,-0.03,0
5,1967,-0.99,-0.03,0
5,1967,-0.99,-0.03,0
5,1967,-0.99,-0.03,0
5,1967,-0.99,-0.03,0
5,1967,-0.99,-0.03,0
5,1967,-0.99,-0.03,0
5,1967,-0.99,-0.03,0
5,1967,-0.99,-0.03,0
5,1967,-0.99,-0.03,0
6,1967,1.4,-0.03,0
6,1967,1.4,-0.03,0
6,1967,1.4,-0.03,0
6,1967,1.4,-0.03,0
6,1967,1.4,-0.03,0
6,1967,1.4,-0.03,0
6,1967,1.4,-0.03,0
6,1967,1.4,-0.03,0
6,1967,1.4,-0.03,0
6,1967,1.4,-0.03,0
6,1967,1.4,-0.03,0
6,1967,1.4,-0.03,0
6,1967,1.4,-0.03,0
6,1967,1.4,-0.03,0
6,1967,1.4,-0.03,0
6,1967,1.4,-0.03,0
6,1967,1.4,-0.03,0
6,1967,1.4,-0.03,0
6,1967,1.4,-0.03,0
6,1967,1.4,-0.03,0
6,1967,1.4,-0.03,0
6,1967,1.4,-0.03,0
6,1967,1.4,-0.03,0
6,1967,1.4,-0.03,0
6,1967,1.4,-0.03,0
6,1967,1.4,-0.03,0
6,1967,1.4,-0.03,0
7,1967,0.41,-0.04,0
7,1967,0.41,-0.04,0
7,1967,0.41,-0.04,0
7,1967,0.41,-0.04,0
7,1967,0.41,-0.04,0
7,1967,0.41,-0.04,0
7,1967,0.41,-0.04,0
7,1967,0.41,-0.04,0
7,1967,0.41,-0.04,0
7,1967,0.41,-0.04,0
7,1967,0.41,-0.04,0
7,1967,0.41,-0.04,0
7,1967,0.41,-0.04,0
7,1967,0.41,-0.04,0
7,1967,0.41,-0.04,0
7,1967,0.41,-0.04,0
7,1967,0.41,-0.04,0
7,1967,0.41,-0.04,0
7,1967,0.41,-0.04,0
7,1967,0.41,-0.04,0
7,1967,0.41,-0.04,0
7,1967,0.41,-0.04,0
7,1967,0.41,-0.04,0
7,1967,0.41,-0.04,0
7,1967,0.41,-0.04,0
7,1967,0.41,-0.04,0
7,1967,0.41,-0.04,0
8,1967,1.44,-0.04,0
8,1967,1.44,-0.04,0
8,1967,1.44,-0.04,0
8,1967,1.44,-0.04,0
8,1967,1.44,-0.04,0
8,1967,1.44,-0.04,0
8,1967,1.44,-0.04,0
8,1967,1.44,-0.04,0
8,1967,1.44,-0.04,0
8,1967,1.44,-0.04,0
8,1967,1.44,-0.04,0
8,1967,1.44,-0.04,0
8,1967,1.44,-0.04,0
8,1967,1.44,-0.04,0
8,1967,1.44,-0.04,0
8,1967,1.44,-0.04,0
8,1967,1.44,-0.04,0
8,1967,1.44,-0.04,0
8,1967,1.44,-0.04,0
8,1967,1.44,-0.04,0
8,1967,1.44,-0.04,0
8,1967,1.44,-0.04,0
8,1967,1.44,-0.04,0
8,1967,1.44,-0.04,0
8,1967,1.44,-0.04,0
8,1967,1.44,-0.04,0
8,1967,1.44,-0.04,0
8,1967,1.44,-0.04,0
9,1967,0.93,-0.04,0
9,1967,0.93,-0.04,0
9,1967,0.93,-0.04,0
9,1967,0.93,-0.04,0
9,1967,0.93,-0.04,0
9,1967,0.93,-0.04,0
9,1967,0.93,-0.04,0
9,1967,0.93,-0.04,0
9,1967,0.93,-0.04,0
9,1967,0.93,-0.04,0
9,1967,0.93,-0.04,0
9,1967,0.93,-0.04,0
9,1967,0.93,-0.04,0
9,1967,0.93,-0.04,0
9,1967,0.93,-0.04,0
9,1967,0.93,-0.04,0
9,1967,0.93,-0.04,0
9,1967,0.93,-0.04,0
9,1967,0.93,-0.04,0
9,1967,0.93,-0.04,0
9,1967,0.93,-0.04,0
9,1967,0.93,-0.04,0
9,1967,0.93,-0.04,0
9,1967,0.93,-0.04,0
9,1967,0.93,-0.04,0
9,1967,0.93,-0.04,0
9,1967,0.93,-0.04,0
9,1967,0.93,-0.04,0
9,1967,0.93,-0.04,0
10,1967,0.07,-0.05,0
10,1967,0.07,-0.05,0
10,1967,0.07,-0.05,0
10,1967,0.07,-0.05,0
10,1967,0.07,-0.05,0
10,1967,0.07,-0.05,0
10,1967,0.07,-0.05,0
10,1967,0.07,-0.05,0
10,1967,0.07,-0.05,0
10,1967,0.07,-0.05,0
10,1967,0.07,-0.05,0
10,1967,0.07,-0.05,0
10,1967,0.07,-0.05,0
10,1967,0.07,-0.05,0
10,1967,0.07,-0.05,0
10,1967,0.07,-0.05,0
10,1967,0.07,-0.05,0
10,1967,0.07,-0.05,0
10,1967,0.07,-0.05,0
10,1967,0.07,-0.05,0
10,1967,0.07,-0.05,0
10,1967,0.07,-0.05,0
10,1967,0.07,-0.05,0
10,1967,0.07,-0.05,0
10,1967,0.07,-0.05,0
10,1967,0.07,-0.05,0
10,1967,0.07,-0.05,0
10,1967,0.07,-0.05,0
10,1967,0.07,-0.05,0
10,1967,0.07,-0.05,0
10,1967,0.07,-0.05,0
11,1967,0.6,-0.05,0
11,1967,0.6,-0.05,0
11,1967,0.6,-0.05,0
11,1967,0.6,-0.05,0
11,1967,0.6,-0.05,0
11,1967,0.6,-0.05,0
11,1967,0.6,-0.05,0
11,1967,0.6,-0.05,0
11,1967,0.6,-0.05,0
11,1967,0.6,-0.05,0
11,1967,0.6,-0.05,0
11,1967,0.6,-0.05,0
11,1967,0.6,-0.05,0
11,1967,0.6,-0.05,0
11,1967,0.6,-0.05,0
11,1967,0.6,-0.05,0
11,1967,0.6,-0.05,0
11,1967,0.6,-0.05,0
11,1967,0.6,-0.05,0
11,1967,0.6,-0.05,0
11,1967,0.6,-0.05,0
11,1967,0.6,-0.05,0
11,1967,0.6,-0.05,0
11,1967,0.6,-0.05,0
11,1967,0.6,-0.05,0
11,1967,0.6,-0.05,0
11,1967,0.6,-0.05,0
11,1967,0.6,-0.05,0
11,1967,0.6,-0.05,0
11,1967,0.6,-0.05,0
12,1967,-0.45,-0.06,0
12,1967,-0.45,-0.06,0
12,1967,-0.45,-0.06,0
12,1967,-0.45,-0.06,0
12,1967,-0.45,-0.06,0
12,1967,-0.45,-0.06,0
12,1967,-0.45,-0.06,0
12,1967,-0.45,-0.06,0
12,1967,-0.45,-0.06,0
12,1967,-0.45,-0.06,0
12,1967,-0.45,-0.06,0
12,1967,-0.45,-0.06,0
12,1967,-0.45,-0.06,0
12,1967,-0.45,-0.06,0
12,1967,-0.45,-0.06,0
12,1967,-0.45,-0.06,0
12,1967,-0.45,-0.06,0
12,1967,-0.45,-0.06,0
12,1967,-0.45,-0.06,0
12,1967,-0.45,-0.06,0
12,1967,-0.45,-0.06,0
12,1967,-0.45,-0.06,0
12,1967,-0.45,-0.06,0
12,1967,-0.45,-0.06,0
12,1967,-0.45,-0.06,0
12,1967,-0.45,-0.06,0
12,1967,-0.45,-0.06,0
12,1967,-0.45,-0.06,0
12,1967,-0.45,-0.06,0
12,1967,-0.45,-0.06,0
12,1967,-0.45,-0.06,0
1,1968,0.13,-0.06,0
1,1968,0.13,-0.06,0
1,1968,0.13,-0.06,0
1,1968,0.13,-0.06,0
1,1968,0.13,-0.06,0
1,1968,0.13,-0.06,0
1,1968,0.13,-0.06,0
1,1968,0.13,-0.06,0
1,1968,0.13,-0.06,0
1,1968,0.13,-0.06,0
1,1968,0.13,-0.06,0
1,1968,0.13,-0.06,0
1,1968,0.13,-0.06,0
1,1968,0.13,-0.06,0
1,1968,0.13,-0.06,0
1,1968,0.13,-0.06,0
1,1968,0.13,-0.06,0
1,1968,0.13,-0.06,0
1,1968,0.13,-0.06,0
1,1968,0.13,-0.06,0
1,1968,0.13,-0.06,0
1,1968,0.13,-0.06,0
1,1968,0.13,-0.06,0
1,1968,0.13,-0.06,0
1,1968,0.13,-0.06,0
1,1968,0.13,-0.06,0
1,1968,0.13,-0.06,0
1,1968,0.13,-0.06,0
1,1968,0.13,-0.06,0
1,1968,0.13,-0.06,0
2,1968,-1.29,-0.07,0
2,1968,-1.29,-0.07,0
2,1968,-1.29,-0.07,0
2,1968,-1.29,-0.07,0
2,1968,-1.29,-0.07,0
2,1968,-1.29,-0.07,0
2,1968,-1.29,-0.07,0
2,1968,-1.29,-0.07,0
2,1968,-1.29,-0.07,0
2,1968,-1.29,-0.07,0
2,1968,-1.29,-0.07,0
2,1968,-1.29,-0.07,0
2,1968,-1.29,-0.07,0
2,1968,-1.29,-0.07,0
2,1968,-1.29,-0.07,0
2,1968,-1.29,-0.07,0
2,1968,-1.29,-0.07,0
2,1968,-1.29,-0.07,0
2,1968,-1.29,-0.07,0
2,1968,-1.29,-0.07,0
2,1968,-1.29,-0.07,0
2,1968,-1.29,-0.07,0
2,1968,-1.29,-0.07,0
2,1968,-1.29,-0.07,0
2,1968,-1.29,-0.07,0
2,1968,-1.29,-0.07,0
2,1968,-1.29,-0.07,0
2,1968,-1.29,-0.07,0
2,1968,-1.29,-0.07,0
3,1968,0.4,-0.07,0
3,1968,0.4,-0.07,0
3,1968,0.4,-0.07,0
3,1968,0.4,-0.07,0
3,1968,0.4,-0.07,0
3,1968,0.4,-0.07,0
3,1968,0.4,-0.07,0
3,1968,0.4,-0.07,0
3,1968,0.4,-0.07,0
3,1968,0.4,-0.07,0
3,1968,0.4,-0.07,0
3,1968,0.4,-0.07,0
3,1968,0.4,-0.07,0
3,1968,0.4,-0.07,0
3,1968,0.4,-0.07,0
3,1968,0.4,-0.07,0
3,1968,0.4,-0.07,0
3,1968,0.4,-0.07,0
3,1968,0.4,-0.07,0
3,1968,0.4,-0.07,0
3,1968,0.4,-0.07,0
3,1968,0.4,-0.07,0
3,1968,0.4,-0.07,0
3,1968,0.4,-0.07,0
3,1968,0.4,-0.07,0
3,1968,0.4,-0.07,0
3,1968,0.4,-0.07,0
3,1968,0.4,-0.07,0
3,1968,0.4,-0.07,0
3,1968,0.4,-0.07,0
3,1968,0.4,-0.07,0
4,1968,-1.08,-0.08,0
4,1968,-1.08,-0.08,0
4,1968,-1.08,-0.08,0
4,1968,-1.08,-0.08,0
4,1968,-1.08,-0.08,0
4,1968,-1.08,-0.08,0
4,1968,-1.08,-0.08,0
4,1968,-1.08,-0.08,0
4,1968,-1.08,-0.08,0
4,1968,-1.08,-0.08,0
4,1968,-1.08,-0.08,0
4,1968,-1.08,-0.08,0
4,1968,-1.08,-0.08,0
4,1968,-1.08,-0.08,0
4,1968,-1.08,-0.08,0
4,1968,-1.08,-0.08,0
4,1968,-1.08,-0.08,0
4,1968,-1.08,-0.08,0
4,1968,-1.08,-0.08,0
4,1968,-1.08,-0.08,0
4,1968,-1.08,-0.08,0
4,1968,-1.08,-0.08,0
4,1968,-1.08,-0.08,0
4,1968,-1.08,-0.08,0
4,1968,-1.08,-0.08,0
4,1968,-1.08,-0.08,0
4,1968,-1.08,-0.08,0
5,1968,-1.76,-0.08,0
5,1968,-1.76,-0.08,0
5,1968,-1.76,-0.08,0
5,1968,-1.76,-0.08,0
5,1968,-1.76,-0.08,0
5,1968,-1.76,-0.08,0
5,1968,-1.76,-0.08,0
5,1968,-1.76,-0.08,0
5,1968,-1.76,-0.08,0
5,1968,-1.76,-0.08,0
5,1968,-1.76,-0.08,0
5,1968,-1.76,-0.08,0
5,1968,-1.76,-0.08,0
5,1968,-1.76,-0.08,0
5,1968,-1.76,-0.08,0
5,1968,-1.76,-0.08,0
5,1968,-1.76,-0.08,0
5,1968,-1.76,-0.08,0
5,1968,-1.76,-0.08,0
5,1968,-1.76,-0.08,0
5,1968,-1.76,-0.08,0
5,1968,-1.76,-0.08,0
5,1968,-1.76,-0.08,0
5,1968,-1.76,-0.08,0
5,1968,-1.76,-0.08,0
5,1968,-1.76,-0.08,0
5,1968,-1.76,-0.08,0
5,1968,-1.76,-0.08,0
5,1968,-1.76,-0.08,0
5,1968,-1.76,-0.08,0
6,1968,0.33,-0.08,0
6,1968,0.33,-0.08,0
6,1968,0.33,-0.08,0
6,1968,0.33,-0.08,0
6,1968,0.33,-0.08,0
6,1968,0.33,-0.08,0
6,1968,0.33,-0.08,0
6,1968,0.33,-0.08,0
6,1968,0.33,-0.08,0
6,1968,0.33,-0.08,0
6,1968,0.33,-0.08,0
6,1968,0.33,-0.08,0
6,1968,0.33,-0.08,0
6,1968,0.33,-0.08,0
6,1968,0.33,-0.08,0
6,1968,0.33,-0.08,0
6,1968,0.33,-0.08,0
6,1968,0.33,-0.08,0
6,1968,0.33,-0.08,0
6,1968,0.33,-0.08,0
6,1968,0.33,-0.08,0
6,1968,0.33,-0.08,0
6,1968,0.33,-0.08,0
6,1968,0.33,-0.08,0
6,1968,0.33,-0.08,0
6,1968,0.33,-0.08,0
6,1968,0.33,-0.08,0
6,1968,0.33,-0.08,0
7,1968,-0.8,-0.08,0
7,1968,-0.8,-0.08,0
7,1968,-0.8,-0.08,0
7,1968,-0.8,-0.08,0
7,1968,-0.8,-0.08,0
7,1968,-0.8,-0.08,0
7,1968,-0.8,-0.08,0
7,1968,-0.8,-0.08,0
7,1968,-0.8,-0.08,0
7,1968,-0.8,-0.08,0
7,1968,-0.8,-0.08,0
7,1968,-0.8,-0.08,0
7,1968,-0.8,-0.08,0
7,1968,-0.8,-0.08,0
7,1968,-0.8,-0.08,0
7,1968,-0.8,-0.08,0
7,1968,-0.8,-0.08,0
7,1968,-0.8,-0.08,0
7,1968,-0.8,-0.08,0
7,1968,-0.8,-0.08,0
7,1968,-0.8,-0.08,0
7,1968,-0.8,-0.08,0
7,1968,-0.8,-0.08,0
8,1968,-0.66,-0.08,0
8,1968,-0.66,-0.08,0
8,1968,-0.66,-0.08,0
8,1968,-0.66,-0.08,0
8,1968,-0.66,-0.08,0
8,1968,-0.66,-0.08,0
8,1968,-0.66,-0.08,0
8,1968,-0.66,-0.08,0
8,1968,-0.66,-0.08,0
8,1968,-0.66,-0.08,0
8,1968,-0.66,-0.08,0
8,1968,-0.66,-0.08,0
8,1968,-0.66,-0.08,0
8,1968,-0.66,-0.08,0
8,1968,-0.66,-0.08,0
8,1968,-0.66,-0.08,0
8,1968,-0.66,-0.08,0
8,1968,-0.66,-0.08,0
8,1968,-0.66,-0.08,0
8,1968,-0.66,-0.08,0
8,1968,-0.66,-0.08,0
8,1968,-0.66,-0.08,0
8,1968,-0.66,-0.08,0
8,1968,-0.66,-0.08,0
8,1968,-0.66,-0.08,0
8,1968,-0.66,-0.08,0
8,1968,-0.66,-0.08,0
8,1968,-0.66,-0.08,0
8,1968,-0.66,-0.08,0
8,1968,-0.66,-0.08,0
8,1968,-0.66,-0.08,0
9,1968,-1.92,-0.08,0
9,1968,-1.92,-0.08,0
9,1968,-1.92,-0.08,0
9,1968,-1.92,-0.08,0
9,1968,-1.92,-0.08,0
9,1968,-1.92,-0.08,0
9,1968,-1.92,-0.08,0
9,1968,-1.92,-0.08,0
9,1968,-1.92,-0.08,0
9,1968,-1.92,-0.08,0
9,1968,-1.92,-0.08,0
9,1968,-1.92,-0.08,0
9,1968,-1.92,-0.08,0
9,1968,-1.92,-0.08,0
9,1968,-1.92,-0.08,0
9,1968,-1.92,-0.08,0
9,1968,-1.92,-0.08,0
9,1968,-1.92,-0.08,0
9,1968,-1.92,-0.08,0
9,1968,-1.92,-0.08,0
9,1968,-1.92,-0.08,0
9,1968,-1.92,-0.08,0
9,1968,-1.92,-0.08,0
9,1968,-1.92,-0.08,0
9,1968,-1.92,-0.08,0
9,1968,-1.92,-0.08,0
9,1968,-1.92,-0.08,0
9,1968,-1.92,-0.08,0
10,1968,-2.3,-0.08,0
10,1968,-2.3,-0.08,0
10,1968,-2.3,-0.08,0
10,1968,-2.3,-0.08,0
10,1968,-2.3,-0.08,0
10,1968,-2.3,-0.08,0
10,1968,-2.3,-0.08,0
10,1968,-2.3,-0.08,0
10,1968,-2.3,-0.08,0
10,1968,-2.3,-0.08,0
10,1968,-2.3,-0.08,0
10,1968,-2.3,-0.08,0
10,1968,-2.3,-0.08,0
10,1968,-2.3,-0.08,0
10,1968,-2.3,-0.08,0
10,1968,-2.3,-0.08,0
10,1968,-2.3,-0.08,0
10,1968,-2.3,-0.08,0
10,1968,-2.3,-0.08,0
10,1968,-2.3,-0.08,0
10,1968,-2.3,-0.08,0
10,1968,-2.3,-0.08,0
10,1968,-2.3,-0.08,0
10,1968,-2.3,-0.08,0
10,1968,-2.3,-0.08,0
10,1968,-2.3,-0.08,0
10,1968,-2.3,-0.08,0
10,1968,-2.3,-0.08,0
10,1968,-2.3,-0.08,0
10,1968,-2.3,-0.08,0
11,1968,-0.93,-0.08,0
11,1968,-0.93,-0.08,0
11,1968,-0.93,-0.08,0
11,1968,-0.93,-0.08,0
11,1968,-0.93,-0.08,0
11,1968,-0.93,-0.08,0
11,1968,-0.93,-0.08,0
11,1968,-0.93,-0.08,0
11,1968,-0.93,-0.08,0
11,1968,-0.93,-0.08,0
11,1968,-0.93,-0.08,0
11,1968,-0.93,-0.08,0
11,1968,-0.93,-0.08,0
11,1968,-0.93,-0.08,0
11,1968,-0.93,-0.08,0
11,1968,-0.93,-0.08,0
11,1968,-0.93,-0.08,0
11,1968,-0.93,-0.08,0
11,1968,-0.93,-0.08,0
11,1968,-0.93,-0.08,0
11,1968,-0.93,-0.08,0
11,1968,-0.93,-0.08,0
11,1968,-0.93,-0.08,0
11,1968,-0.93,-0.08,0
11,1968,-0.93,-0.08,0
11,1968,-0.93,-0.08,0
11,1968,-0.93,-0.08,0
11,1968,-0.93,-0.08,0
11,1968,-0.93,-0.08,0
11,1968,-0.93,-0.08,0
12,1968,-1.4,-0.08,0
12,1968,-1.4,-0.08,0
12,1968,-1.4,-0.08,0
12,1968,-1.4,-0.08,0
12,1968,-1.4,-0.08,0
12,1968,-1.4,-0.08,0
12,1968,-1.4,-0.08,0
12,1968,-1.4,-0.08,0
12,1968,-1.4,-0.08,0
12,1968,-1.4,-0.08,0
12,1968,-1.4,-0.08,0
12,1968,-1.4,-0.08,0
12,1968,-1.4,-0.08,0
12,1968,-1.4,-0.08,0
12,1968,-1.4,-0.08,0
12,1968,-1.4,-0.08,0
12,1968,-1.4,-0.08,0
12,1968,-1.4,-0.08,0
12,1968,-1.4,-0.08,0
12,1968,-1.4,-0.08,0
12,1968,-1.4,-0.08,0
12,1968,-1.4,-0.08,0
12,1968,-1.4,-0.08,0
12,1968,-1.4,-0.08,0
12,1968,-1.4,-0.08,0
12,1968,-1.4,-0.08,0
12,1968,-1.4,-0.08,0
12,1968,-1.4,-0.08,0
12,1968,-1.4,-0.08,0
12,1968,-1.4,-0.08,0
1,1969,-0.83,-0.08,0
1,1969,-0.83,-0.08,0
1,1969,-0.83,-0.08,0
1,1969,-0.83,-0.08,0
1,1969,-0.83,-0.08,0
1,1969,-0.83,-0.08,0
1,1969,-0.83,-0.08,0
1,1969,-0.83,-0.08,0
1,1969,-0.83,-0.08,0
1,1969,-0.83,-0.08,0
1,1969,-0.83,-0.08,0
1,1969,-0.83,-0.08,0
1,1969,-0.83,-0.08,0
1,1969,-0.83,-0.08,0
1,1969,-0.83,-0.08,0
1,1969,-0.83,-0.08,0
1,1969,-0.83,-0.08,0
1,1969,-0.83,-0.08,0
1,1969,-0.83,-0.08,0
1,1969,-0.83,-0.08,0
1,1969,-0.83,-0.08,0
1,1969,-0.83,-0.08,0
1,1969,-0.83,-0.08,0
1,1969,-0.83,-0.08,0
1,1969,-0.83,-0.08,0
1,1969,-0.83,-0.08,0
1,1969,-0.83,-0.08,0
1,1969,-0.83,-0.08,0
1,1969,-0.83,-0.08,0
1,1969,-0.83,-0.08,0
1,1969,-0.83,-0.08,0
2,1969,-1.55,-0.08,0
2,1969,-1.55,-0.08,0
2,1969,-1.55,-0.08,0
2,1969,-1.55,-0.08,0
2,1969,-1.55,-0.08,0
2,1969,-1.55,-0.08,0
2,1969,-1.55,-0.08,0
2,1969,-1.55,-0.08,0
2,1969,-1.55,-0.08,0
2,1969,-1.55,-0.08,0
2,1969,-1.55,-0.08,0
2,1969,-1.55,-0.08,0
2,1969,-1.55,-0.08,0
2,1969,-1.55,-0.08,0
2,1969,-1.55,-0.08,0
2,1969,-1.55,-0.08,0
2,1969,-1.55,-0.08,0
2,1969,-1.55,-0.08,0
2,1969,-1.55,-0.08,0
2,1969,-1.55,-0.08,0
2,1969,-1.55,-0.08,0
2,1969,-1.55,-0.08,0
2,1969,-1.55,-0.08,0
2,1969,-1.55,-0.08,0
2,1969,-1.55,-0.08,0
2,1969,-1.55,-0.08,0
2,1969,-1.55,-0.08,0
2,1969,-1.55,-0.08,0
3,1969,-1.56,-0.08,0
3,1969,-1.56,-0.08,0
3,1969,-1.56,-0.08,0
3,1969,-1.56,-0.08,0
3,1969,-1.56,-0.08,0
3,1969,-1.56,-0.08,0
3,1969,-1.56,-0.08,0
3,1969,-1.56,-0.08,0
3,1969,-1.56,-0.08,0
3,1969,-1.56,-0.08,0
3,1969,-1.56,-0.08,0
3,1969,-1.56,-0.08,0
3,1969,-1.56,-0.08,0
3,1969,-1.56,-0.08,0
3,1969,-1.56,-0.08,0
3,1969,-1.56,-0.08,0
3,1969,-1.56,-0.08,0
3,1969,-1.56,-0.08,0
3,1969,-1.56,-0.08,0
3,1969,-1.56,-0.08,0
3,1969,-1.56,-0.08,0
3,1969,-1.56,-0.08,0
3,1969,-1.56,-0.08,0
3,1969,-1.56,-0.08,0
3,1969,-1.56,-0.08,0
3,1969,-1.56,-0.08,0
3,1969,-1.56,-0.08,0
3,1969,-1.56,-0.08,0
3,1969,-1.56,-0.08,0
3,1969,-1.56,-0.08,0
3,1969,-1.56,-0.08,0
4,1969,1.53,-0.09,0
4,1969,1.53,-0.09,0
4,1969,1.53,-0.09,0
4,1969,1.53,-0.09,0
4,1969,1.53,-0.09,0
4,1969,1.53,-0.09,0
4,1969,1.53,-0.09,0
4,1969,1.53,-0.09,0
4,1969,1.53,-0.09,0
4,1969,1.53,-0.09,0
4,1969,1.53,-0.09,0
4,1969,1.53,-0.09,0
4,1969,1.53,-0.09,0
4,1969,1.53,-0.09,0
4,1969,1.53,-0.09,0
4,1969,1.53,-0.09,0
4,1969,1.53,-0.09,0
4,1969,1.53,-0.09,0
4,1969,1.53,-0.09,0
4,1969,1.53,-0.09,0
4,1969,1.53,-0.09,0
4,1969,1.53,-0.09,0
4,1969,1.53,-0.09,0
4,1969,1.53,-0.09,0
4,1969,1.53,-0.09,0
4,1969,1.53,-0.09,0
4,1969,1.53,-0.09,0
4,1969,1.53,-0.09,0
4,1969,1.53,-0.09,0
4,1969,1.53,-0.09,0
5,1969,0.55,-0.09,0
5,1969,0.55,-0.09,0
5,1969,0.55,-0.09,0
5,1969,0.55,-0.09,0
5,1969,0.55,-0.09,0
5,1969,0.55,-0.09,0
5,1969,0.55,-0.09,0
5,1969,0.55,-0.09,0
5,1969,0.55,-0.09,0
5,1969,0.55,-0.09,0
5,1969,0.55,-0.09,0
5,1969,0.55,-0.09,0
5,1969,0.55,-0.09,0
5,1969,0.55,-0.09,0
5,1969,0.55,-0.09,0
5,1969,0.55,-0.09,0
5,1969,0.55,-0.09,0
5,1969,0.55,-0.09,0
5,1969,0.55,-0.09,0
5,1969,0.55,-0.09,0
5,1969,0.55,-0.09,0
5,1969,0.55,-0.09,0
5,1969,0.55,-0.09,0
5,1969,0.55,-0.09,0
5,1969,0.55,-0.09,0
5,1969,0.55,-0.09,0
5,1969,0.55,-0.09,0
5,1969,0.55,-0.09,0
5,1969,0.55,-0.09,0
5,1969,0.55,-0.09,0
5,1969,0.55,-0.09,0
6,1969,0.55,-0.09,0
6,1969,0.55,-0.09,0
6,1969,0.55,-0.09,0
6,1969,0.55,-0.09,0
6,1969,0.55,-0.09,0
6,1969,0.55,-0.09,0
6,1969,0.55,-0.09,0
6,1969,0.55,-0.09,0
6,1969,0.55,-0.09,0
6,1969,0.55,-0.09,0
6,1969,0.55,-0.09,0
6,1969,0.55,-0.09,0
6,1969,0.55,-0.09,0
6,1969,0.55,-0.09,0
6,1969,0.55,-0.09,0
6,1969,0.55,-0.09,0
6,1969,0.55,-0.09,0
6,1969,0.55,-0.09,0
6,1969,0.55,-0.09,0
6,1969,0.55,-0.09,0
6,1969,0.55,-0.09,0
6,1969,0.55,-0.09,0
6,1969,0.55,-0.09,0
6,1969,0.55,-0.09,0
6,1969,0.55,-0.09,0
6,1969,0.55,-0.09,0
6,1969,0.55,-0.09,0
6,1969,0.55,-0.09,0
6,1969,0.55,-0.09,0
6,1969,0.55,-0.09,0
7,1969,0.57,-0.1,0
7,1969,0.57,-0.1,0
7,1969,0.57,-0.1,0
7,1969,0.57,-0.1,0
7,1969,0.57,-0.1,0
7,1969,0.57,-0.1,0
7,1969,0.57,-0.1,0
7,1969,0.57,-0.1,0
7,1969,0.57,-0.1,0
7,1969,0.57,-0.1,0
7,1969,0.57,-0.1,0
7,1969,0.57,-0.1,0
7,1969,0.57,-0.1,0
7,1969,0.57,-0.1,0
7,1969,0.57,-0.1,0
7,1969,0.57,-0.1,0
7,1969,0.57,-0.1,0
7,1969,0.57,-0.1,0
7,1969,0.57,-0.1,0
7,1969,0.57,-0.1,0
7,1969,0.57,-0.1,0
7,1969,0.57,-0.1,0
7,1969,0.57,-0.1,0
7,1969,0.57,-0.1,0
7,1969,0.57,-0.1,0
7,1969,0.57,-0.1,0
7,1969,0.57,-0.1,0
7,1969,0.57,-0.1,0
8,1969,-1.45,-0.1,0
8,1969,-1.45,-0.1,0
8,1969,-1.45,-0.1,0
8,1969,-1.45,-0.1,0
8,1969,-1.45,-0.1,0
8,1969,-1.45,-0.1,0
8,1969,-1.45,-0.1,0
8,1969,-1.45,-0.1,0
8,1969,-1.45,-0.1,0
8,1969,-1.45,-0.1,0
8,1969,-1.45,-0.1,0
8,1969,-1.45,-0.1,0
8,1969,-1.45,-0.1,0
8,1969,-1.45,-0.1,0
8,1969,-1.45,-0.1,0
8,1969,-1.45,-0.1,0
8,1969,-1.45,-0.1,0
8,1969,-1.45,-0.1,0
8,1969,-1.45,-0.1,0
8,1969,-1.45,-0.1,0
8,1969,-1.45,-0.1,0
8,1969,-1.45,-0.1,0
8,1969,-1.45,-0.1,0
8,1969,-1.45,-0.1,0
8,1969,-1.45,-0.1,0
8,1969,-1.45,-0.1,0
8,1969,-1.45,-0.1,0
8,1969,-1.45,-0.1,0
8,1969,-1.45,-0.1,0
8,1969,-1.45,-0.1,0
8,1969,-1.45,-0.1,0
9,1969,2.07,-0.1,0
9,1969,2.07,-0.1,0
9,1969,2.07,-0.1,0
9,1969,2.07,-0.1,0
9,1969,2.07,-0.1,0
9,1969,2.07,-0.1,0
9,1969,2.07,-0.1,0
9,1969,2.07,-0.1,0
9,1969,2.07,-0.1,0
9,1969,2.07,-0.1,0
9,1969,2.07,-0.1,0
9,1969,2.07,-0.1,0
9,1969,2.07,-0.1,0
9,1969,2.07,-0.1,0
9,1969,2.07,-0.1,0
9,1969,2.07,-0.1,0
9,1969,2.07,-0.1,0
9,1969,2.07,-0.1,0
9,1969,2.07,-0.1,0
9,1969,2.07,-0.1,0
9,1969,2.07,-0.1,0
9,1969,2.07,-0.1,0
9,1969,2.07,-0.1,0
9,1969,2.07,-0.1,0
9,1969,2.07,-0.1,0
9,1969,2.07,-0.1,0
9,1969,2.07,-0.1,0
9,1969,2.07,-0.1,0
9,1969,2.07,-0.1,0
9,1969,2.07,-0.1,0
10,1969,0.66,-0.11,0
10,1969,0.66,-0.11,0
10,1969,0.66,-0.11,0
10,1969,0.66,-0.11,0
10,1969,0.66,-0.11,0
10,1969,0.66,-0.11,0
10,1969,0.66,-0.11,0
10,1969,0.66,-0.11,0
10,1969,0.66,-0.11,0
10,1969,0.66,-0.11,0
10,1969,0.66,-0.11,0
10,1969,0.66,-0.11,0
10,1969,0.66,-0.11,0
10,1969,0.66,-0.11,0
10,1969,0.66,-0.11,0
10,1969,0.66,-0.11,0
10,1969,0.66,-0.11,0
10,1969,0.66,-0.11,0
10,1969,0.66,-0.11,0
10,1969,0.66,-0.11,0
10,1969,0.66,-0.11,0
10,1969,0.66,-0.11,0
10,1969,0.66,-0.11,0
10,1969,0.66,-0.11,0
10,1969,0.66,-0.11,0
10,1969,0.66,-0.11,0
10,1969,0.66,-0.11,0
10,1969,0.66,-0.11,0
10,1969,0.66,-0.11,0
10,1969,0.66,-0.11,0
10,1969,0.66,-0.11,0
11,1969,-0.96,-0.11,0
11,1969,-0.96,-0.11,0
11,1969,-0.96,-0.11,0
11,1969,-0.96,-0.11,0
11,1969,-0.96,-0.11,0
11,1969,-0.96,-0.11,0
11,1969,-0.96,-0.11,0
11,1969,-0.96,-0.11,0
11,1969,-0.96,-0.11,0
11,1969,-0.96,-0.11,0
11,1969,-0.96,-0.11,0
11,1969,-0.96,-0.11,0
11,1969,-0.96,-0.11,0
11,1969,-0.96,-0.11,0
11,1969,-0.96,-0.11,0
11,1969,-0.96,-0.11,0
11,1969,-0.96,-0.11,0
11,1969,-0.96,-0.11,0
11,1969,-0.96,-0.11,0
11,1969,-0.96,-0.11,0
11,1969,-0.96,-0.11,0
11,1969,-0.96,-0.11,0
11,1969,-0.96,-0.11,0
11,1969,-0.96,-0.11,0
11,1969,-0.96,-0.11,0
11,1969,-0.96,-0.11,0
11,1969,-0.96,-0.11,0
11,1969,-0.96,-0.11,0
11,1969,-0.96,-0.11,0
11,1969,-0.96,-0.11,0
12,1969,-0.28,-0.11,0
12,1969,-0.28,-0.11,0
12,1969,-0.28,-0.11,0
12,1969,-0.28,-0.11,0
12,1969,-0.28,-0.11,0
12,1969,-0.28,-0.11,0
12,1969,-0.28,-0.11,0
12,1969,-0.28,-0.11,0
12,1969,-0.28,-0.11,0
12,1969,-0.28,-0.11,0
12,1969,-0.28,-0.11,0
12,1969,-0.28,-0.11,0
12,1969,-0.28,-0.11,0
12,1969,-0.28,-0.11,0
12,1969,-0.28,-0.11,0
12,1969,-0.28,-0.11,0
12,1969,-0.28,-0.11,0
12,1969,-0.28,-0.11,0
12,1969,-0.28,-0.11,0
12,1969,-0.28,-0.11,0
12,1969,-0.28,-0.11,0
12,1969,-0.28,-0.11,0
12,1969,-0.28,-0.11,0
12,1969,-0.28,-0.11,0
12,1969,-0.28,-0.11,0
12,1969,-0.28,-0.11,0
12,1969,-0.28,-0.11,0
12,1969,-0.28,-0.11,0
12,1969,-0.28,-0.11,0
12,1969,-0.28,-0.11,0
12,1969,-0.28,-0.11,0
1,1970,-1.5,-0.11,0
1,1970,-1.5,-0.11,0
1,1970,-1.5,-0.11,0
1,1970,-1.5,-0.11,0
1,1970,-1.5,-0.11,0
1,1970,-1.5,-0.11,0
1,1970,-1.5,-0.11,0
1,1970,-1.5,-0.11,0
1,1970,-1.5,-0.11,0
1,1970,-1.5,-0.11,0
1,1970,-1.5,-0.11,0
1,1970,-1.5,-0.11,0
1,1970,-1.5,-0.11,0
1,1970,-1.5,-0.11,0
1,1970,-1.5,-0.11,0
1,1970,-1.5,-0.11,0
1,1970,-1.5,-0.11,0
1,1970,-1.5,-0.11,0
1,1970,-1.5,-0.11,0
1,1970,-1.5,-0.11,0
1,1970,-1.5,-0.11,0
1,1970,-1.5,-0.11,0
1,1970,-1.5,-0.11,0
1,1970,-1.5,-0.11,0
1,1970,-1.5,-0.11,0
1,1970,-1.5,-0.11,0
1,1970,-1.5,-0.11,0
1,1970,-1.5,-0.11,0
1,1970,-1.5,-0.11,0
1,1970,-1.5,-0.11,0
1,1970,-1.5,-0.11,0
2,1970,0.64,-0.12,0
2,1970,0.64,-0.12,0
2,1970,0.64,-0.12,0
2,1970,0.64,-0.12,0
2,1970,0.64,-0.12,0
2,1970,0.64,-0.12,0
2,1970,0.64,-0.12,0
2,1970,0.64,-0.12,0
2,1970,0.64,-0.12,0
2,1970,0.64,-0.12,0
2,1970,0.64,-0.12,0
2,1970,0.64,-0.12,0
2,1970,0.64,-0.12,0
2,1970,0.64,-0.12,0
2,1970,0.64,-0.12,0
2,1970,0.64,-0.12,0
2,1970,0.64,-0.12,0
2,1970,0.64,-0.12,0
2,1970,0.64,-0.12,0
2,1970,0.64,-0.12,0
2,1970,0.64,-0.12,0
2,1970,0.64,-0.12,0
2,1970,0.64,-0.12,0
2,1970,0.64,-0.12,0
2,1970,0.64,-0.12,0
2,1970,0.64,-0.12,0
2,1970,0.64,-0.12,0
2,1970,0.64,-0.12,0
3,1970,-0.96,-0.12,0
3,1970,-0.96,-0.12,0
3,1970,-0.96,-0.12,0
3,1970,-0.96,-0.12,0
3,1970,-0.96,-0.12,0
3,1970,-0.96,-0.12,0
3,1970,-0.96,-0.12,0
3,1970,-0.96,-0.12,0
3,1970,-0.96,-0.12,0
3,1970,-0.96,-0.12,0
3,1970,-0.96,-0.12,0
3,1970,-0.96,-0.12,0
3,1970,-0.96,-0.12,0
3,1970,-0.96,-0.12,0
3,1970,-0.96,-0.12,0
3,1970,-0.96,-0.12,0
3,1970,-0.96,-0.12,0
3,1970,-0.96,-0.12,0
3,1970,-0.96,-0.12,0
3,1970,-0.96,-0.12,0
3,1970,-0.96,-0.12,0
3,1970,-0.96,-0.12,0
3,1970,-0.96,-0.12,0
3,1970,-0.96,-0.12,0
3,1970,-0.96,-0.12,0
3,1970,-0.96,-0.12,0
3,1970,-0.96,-0.12,0
3,1970,-0.96,-0.12,0
3,1970,-0.96,-0.12,0
3,1970,-0.96,-0.12,0
3,1970,-0.96,-0.12,0
4,1970,-1.3,-0.12,0
4,1970,-1.3,-0.12,0
4,1970,-1.3,-0.12,0
4,1970,-1.3,-0.12,0
4,1970,-1.3,-0.12,0
4,1970,-1.3,-0.12,0
4,1970,-1.3,-0.12,0
4,1970,-1.3,-0.12,0
4,1970,-1.3,-0.12,0
4,1970,-1.3,-0.12,0
4,1970,-1.3,-0.12,0
4,1970,-1.3,-0.12,0
4,1970,-1.3,-0.12,0
4,1970,-1.3,-0.12,0
4,1970,-1.3,-0.12,0
4,1970,-1.3,-0.12,0
4,1970,-1.3,-0.12,0
4,1970,-1.3,-0.12,0
4,1970,-1.3,-0.12,0
4,1970,-1.3,-0.12,0
4,1970,-1.3,-0.12,0
4,1970,-1.3,-0.12,0
4,1970,-1.3,-0.12,0
4,1970,-1.3,-0.12,0
4,1970,-1.3,-0.12,0
4,1970,-1.3,-0.12,0
4,1970,-1.3,-0.12,0
4,1970,-1.3,-0.12,0
4,1970,-1.3,-0.12,0
4,1970,-1.3,-0.12,0
5,1970,1.14,-0.12,0
5,1970,1.14,-0.12,0
5,1970,1.14,-0.12,0
5,1970,1.14,-0.12,0
5,1970,1.14,-0.12,0
5,1970,1.14,-0.12,0
5,1970,1.14,-0.12,0
5,1970,1.14,-0.12,0
5,1970,1.14,-0.12,0
5,1970,1.14,-0.12,0
5,1970,1.14,-0.12,0
5,1970,1.14,-0.12,0
5,1970,1.14,-0.12,0
5,1970,1.14,-0.12,0
5,1970,1.14,-0.12,0
5,1970,1.14,-0.12,0
5,1970,1.14,-0.12,0
5,1970,1.14,-0.12,0
5,1970,1.14,-0.12,0
5,1970,1.14,-0.12,0
5,1970,1.14,-0.12,0
5,1970,1.14,-0.12,0
5,1970,1.14,-0.12,0
5,1970,1.14,-0.12,0
5,1970,1.14,-0.12,0
5,1970,1.14,-0.12,0
5,1970,1.14,-0.12,0
5,1970,1.14,-0.12,0
5,1970,1.14,-0.12,0
5,1970,1.14,-0.12,0
5,1970,1.14,-0.12,0
6,1970,1.55,-0.12,0
6,1970,1.55,-0.12,0
6,1970,1.55,-0.12,0
6,1970,1.55,-0.12,0
6,1970,1.55,-0.12,0
6,1970,1.55,-0.12,0
6,1970,1.55,-0.12,0
6,1970,1.55,-0.12,0
6,1970,1.55,-0.12,0
6,1970,1.55,-0.12,0
6,1970,1.55,-0.12,0
6,1970,1.55,-0.12,0
6,1970,1.55,-0.12,0
6,1970,1.55,-0.12,0
6,1970,1.55,-0.12,0
6,1970,1.55,-0.12,0
6,1970,1.55,-0.12,0
6,1970,1.55,-0.12,0
6,1970,1.55,-0.12,0
6,1970,1.55,-0.12,0
6,1970,1.55,-0.12,0
6,1970,1.55,-0.12,0
6,1970,1.55,-0.12,0
6,1970,1.55,-0.12,0
6,1970,1.55,-0.12,0
6,1970,1.55,-0.12,0
6,1970,1.55,-0.12,0
6,1970,1.55,-0.12,0
6,1970,1.55,-0.12,0
7,1970,0.1,-0.12,0
7,1970,0.1,-0.12,0
7,1970,0.1,-0.12,0
7,1970,0.1,-0.12,0
7,1970,0.1,-0.12,0
7,1970,0.1,-0.12,0
7,1970,0.1,-0.12,0
7,1970,0.1,-0.12,0
7,1970,0.1,-0.12,0
7,1970,0.1,-0.12,0
7,1970,0.1,-0.12,0
7,1970,0.1,-0.12,0
7,1970,0.1,-0.12,0
7,1970,0.1,-0.12,0
7,1970,0.1,-0.12,0
7,1970,0.1,-0.12,0
7,1970,0.1,-0.12,0
7,1970,0.1,-0.12,0
7,1970,0.1,-0.12,0
7,1970,0.1,-0.12,0
7,1970,0.1,-0.12,0
7,1970,0.1,-0.12,0
7,1970,0.1,-0.12,0
7,1970,0.1,-0.12,0
7,1970,0.1,-0.12,0
7,1970,0.1,-0.12,0
7,1970,0.1,-0.12,0
7,1970,0.1,-0.12,0
7,1970,0.1,-0.12,0
7,1970,0.1,-0.12,0
7,1970,0.1,-0.12,0
8,1970,0.1,-0.12,0
8,1970,0.1,-0.12,0
8,1970,0.1,-0.12,0
8,1970,0.1,-0.12,0
8,1970,0.1,-0.12,0
8,1970,0.1,-0.12,0
8,1970,0.1,-0.12,0
8,1970,0.1,-0.12,0
8,1970,0.1,-0.12,0
8,1970,0.1,-0.12,0
8,1970,0.1,-0.12,0
8,1970,0.1,-0.12,0
8,1970,0.1,-0.12,0
8,1970,0.1,-0.12,0
8,1970,0.1,-0.12,0
8,1970,0.1,-0.12,0
8,1970,0.1,-0.12,0
8,1970,0.1,-0.12,0
8,1970,0.1,-0.12,0
8,1970,0.1,-0.12,0
8,1970,0.1,-0.12,0
8,1970,0.1,-0.12,0
8,1970,0.1,-0.12,0
8,1970,0.1,-0.12,0
8,1970,0.1,-0.12,0
8,1970,0.1,-0.12,0
8,1970,0.1,-0.12,0
8,1970,0.1,-0.12,0
8,1970,0.1,-0.12,0
8,1970,0.1,-0.12,0
8,1970,0.1,-0.12,0
9,1970,-0.09,-0.12,0
9,1970,-0.09,-0.12,0
9,1970,-0.09,-0.12,0
9,1970,-0.09,-0.12,0
9,1970,-0.09,-0.12,0
9,1970,-0.09,-0.12,0
9,1970,-0.09,-0.12,0
9,1970,-0.09,-0.12,0
9,1970,-0.09,-0.12,0
9,1970,-0.09,-0.12,0
9,1970,-0.09,-0.12,0
9,1970,-0.09,-0.12,0
9,1970,-0.09,-0.12,0
9,1970,-0.09,-0.12,0
9,1970,-0.09,-0.12,0
9,1970,-0.09,-0.12,0
9,1970,-0.09,-0.12,0
9,1970,-0.09,-0.12,0
9,1970,-0.09,-0.12,0
9,1970,-0.09,-0.12,0
9,1970,-0.09,-0.12,0
9,1970,-0.09,-0.12,0
9,1970,-0.09,-0.12,0
9,1970,-0.09,-0.12,0
9,1970,-0.09,-0.12,0
9,1970,-0.09,-0.12,0
9,1970,-0.09,-0.12,0
9,1970,-0.09,-0.12,0
9,1970,-0.09,-0.12,0
9,1970,-0.09,-0.12,0
10,1970,-0.92,-0.12,0
10,1970,-0.92,-0.12,0
10,1970,-0.92,-0.12,0
10,1970,-0.92,-0.12,0
10,1970,-0.92,-0.12,0
10,1970,-0.92,-0.12,0
10,1970,-0.92,-0.12,0
10,1970,-0.92,-0.12,0
10,1970,-0.92,-0.12,0
10,1970,-0.92,-0.12,0
10,1970,-0.92,-0.12,0
10,1970,-0.92,-0.12,0
10,1970,-0.92,-0.12,0
10,1970,-0.92,-0.12,0
10,1970,-0.92,-0.12,0
10,1970,-0.92,-0.12,0
10,1970,-0.92,-0.12,0
10,1970,-0.92,-0.12,0
10,1970,-0.92,-0.12,0
10,1970,-0.92,-0.12,0
10,1970,-0.92,-0.12,0
10,1970,-0.92,-0.12,0
10,1970,-0.92,-0.12,0
10,1970,-0.92,-0.12,0
10,1970,-0.92,-0.12,0
10,1970,-0.92,-0.12,0
10,1970,-0.92,-0.12,0
10,1970,-0.92,-0.12,0
10,1970,-0.92,-0.12,0
10,1970,-0.92,-0.12,0
10,1970,-0.92,-0.12,0
11,1970,-0.6,-0.12,0
11,1970,-0.6,-0.12,0
11,1970,-0.6,-0.12,0
11,1970,-0.6,-0.12,0
11,1970,-0.6,-0.12,0
11,1970,-0.6,-0.12,0
11,1970,-0.6,-0.12,0
11,1970,-0.6,-0.12,0
11,1970,-0.6,-0.12,0
11,1970,-0.6,-0.12,0
11,1970,-0.6,-0.12,0
11,1970,-0.6,-0.12,0
11,1970,-0.6,-0.12,0
11,1970,-0.6,-0.12,0
11,1970,-0.6,-0.12,0
11,1970,-0.6,-0.12,0
11,1970,-0.6,-0.12,0
11,1970,-0.6,-0.12,0
11,1970,-0.6,-0.12,0
11,1970,-0.6,-0.12,0
11,1970,-0.6,-0.12,0
11,1970,-0.6,-0.12,0
11,1970,-0.6,-0.12,0
11,1970,-0.6,-0.12,0
11,1970,-0.6,-0.12,0
11,1970,-0.6,-0.12,0
11,1970,-0.6,-0.12,0
11,1970,-0.6,-0.12,0
11,1970,-0.6,-0.12,0
11,1970,-0.6,-0.12,0
12,1970,-1.2,-0.12,0
12,1970,-1.2,-0.12,0
12,1970,-1.2,-0.12,0
12,1970,-1.2,-0.12,0
12,1970,-1.2,-0.12,0
12,1970,-1.2,-0.12,0
12,1970,-1.2,-0.12,0
12,1970,-1.2,-0.12,0
12,1970,-1.2,-0.12,0
12,1970,-1.2,-0.12,0
12,1970,-1.2,-0.12,0
12,1970,-1.2,-0.12,0
12,1970,-1.2,-0.12,0
12,1970,-1.2,-0.12,0
12,1970,-1.2,-0.12,0
12,1970,-1.2,-0.12,0
12,1970,-1.2,-0.12,0
12,1970,-1.2,-0.12,0
12,1970,-1.2,-0.12,0
12,1970,-1.2,-0.12,0
12,1970,-1.2,-0.12,0
12,1970,-1.2,-0.12,0
12,1970,-1.2,-0.12,0
12,1970,-1.2,-0.12,0
12,1970,-1.2,-0.12,0
12,1970,-1.2,-0.12,0
12,1970,-1.2,-0.12,0
12,1970,-1.2,-0.12,0
12,1970,-1.2,-0.12,0
12,1970,-1.2,-0.12,0
12,1970,-1.2,-0.12,0
1,1971,-1.13,-0.12,0
1,1971,-1.13,-0.12,0
1,1971,-1.13,-0.12,0
1,1971,-1.13,-0.12,0
1,1971,-1.13,-0.12,0
1,1971,-1.13,-0.12,0
1,1971,-1.13,-0.12,0
1,1971,-1.13,-0.12,0
1,1971,-1.13,-0.12,0
1,1971,-1.13,-0.12,0
1,1971,-1.13,-0.12,0
1,1971,-1.13,-0.12,0
1,1971,-1.13,-0.12,0
1,1971,-1.13,-0.12,0
1,1971,-1.13,-0.12,0
1,1971,-1.13,-0.12,0
1,1971,-1.13,-0.12,0
1,1971,-1.13,-0.12,0
1,1971,-1.13,-0.12,0
1,1971,-1.13,-0.12,0
1,1971,-1.13,-0.12,0
1,1971,-1.13,-0.12,0
1,1971,-1.13,-0.12,0
1,1971,-1.13,-0.12,0
1,1971,-1.13,-0.12,0
1,1971,-1.13,-0.12,0
1,1971,-1.13,-0.12,0
1,1971,-1.13,-0.12,0
1,1971,-1.13,-0.12,0
1,1971,-1.13,-0.12,0
1,1971,-1.13,-0.12,0
2,1971,0.24,-0.12,0
2,1971,0.24,-0.12,0
2,1971,0.24,-0.12,0
2,1971,0.24,-0.12,0
2,1971,0.24,-0.12,0
2,1971,0.24,-0.12,0
2,1971,0.24,-0.12,0
2,1971,0.24,-0.12,0
2,1971,0.24,-0.12,0
2,1971,0.24,-0.12,0
2,1971,0.24,-0.12,0
2,1971,0.24,-0.12,0
2,1971,0.24,-0.12,0
2,1971,0.24,-0.12,0
2,1971,0.24,-0.12,0
2,1971,0.24,-0.12,0
2,1971,0.24,-0.12,0
2,1971,0.24,-0.12,0
2,1971,0.24,-0.12,0
2,1971,0.24,-0.12,0
2,1971,0.24,-0.12,0
2,1971,0.24,-0.12,0
2,1971,0.24,-0.12,0
2,1971,0.24,-0.12,0
2,1971,0.24,-0.12,0
2,1971,0.24,-0.12,0
2,1971,0.24,-0.12,0
2,1971,0.24,-0.12,0
3,1971,-0.84,-0.12,0
3,1971,-0.84,-0.12,0
3,1971,-0.84,-0.12,0
3,1971,-0.84,-0.12,0
3,1971,-0.84,-0.12,0
3,1971,-0.84,-0.12,0
3,1971,-0.84,-0.12,0
3,1971,-0.84,-0.12,0
3,1971,-0.84,-0.12,0
3,1971,-0.84,-0.12,0
3,1971,-0.84,-0.12,0
3,1971,-0.84,-0.12,0
3,1971,-0.84,-0.12,0
3,1971,-0.84,-0.12,0
3,1971,-0.84,-0.12,0
3,1971,-0.84,-0.12,0
3,1971,-0.84,-0.12,0
3,1971,-0.84,-0.12,0
3,1971,-0.84,-0.12,0
3,1971,-0.84,-0.12,0
3,1971,-0.84,-0.12,0
3,1971,-0.84,-0.12,0
3,1971,-0.84,-0.12,0
3,1971,-0.84,-0.12,0
3,1971,-0.84,-0.12,0
3,1971,-0.84,-0.12,0
3,1971,-0.84,-0.12,0
3,1971,-0.84,-0.12,0
3,1971,-0.84,-0.12,0
3,1971,-0.84,-0.12,0
3,1971,-0.84,-0.12,0
4,1971,-0.24,-0.12,0
4,1971,-0.24,-0.12,0
4,1971,-0.24,-0.12,0
4,1971,-0.24,-0.12,0
4,1971,-0.24,-0.12,0
4,1971,-0.24,-0.12,0
4,1971,-0.24,-0.12,0
4,1971,-0.24,-0.12,0
4,1971,-0.24,-0.12,0
4,1971,-0.24,-0.12,0
4,1971,-0.24,-0.12,0
4,1971,-0.24,-0.12,0
4,1971,-0.24,-0.12,0
4,1971,-0.24,-0.12,0
4,1971,-0.24,-0.12,0
4,1971,-0.24,-0.12,0
4,1971,-0.24,-0.12,0
4,1971,-0.24,-0.12,0
4,1971,-0.24,-0.12,0
4,1971,-0.24,-0.12,0
4,1971,-0.24,-0.12,0
4,1971,-0.24,-0.12,0
4,1971,-0.24,-0.12,0
4,1971,-0.24,-0.12,0
4,1971,-0.24,-0.12,0
4,1971,-0.24,-0.12,0
4,1971,-0.24,-0.12,0
4,1971,-0.24,-0.12,0
4,1971,-0.24,-0.12,0
4,1971,-0.24,-0.12,0
5,1971,0.5,-0.13,0
5,1971,0.5,-0.13,0
5,1971,0.5,-0.13,0
5,1971,0.5,-0.13,0
5,1971,0.5,-0.13,0
5,1971,0.5,-0.13,0
5,1971,0.5,-0.13,0
5,1971,0.5,-0.13,0
5,1971,0.5,-0.13,0
5,1971,0.5,-0.13,0
5,1971,0.5,-0.13,0
5,1971,0.5,-0.13,0
5,1971,0.5,-0.13,0
5,1971,0.5,-0.13,0
5,1971,0.5,-0.13,0
5,1971,0.5,-0.13,0
5,1971,0.5,-0.13,0
5,1971,0.5,-0.13,0
5,1971,0.5,-0.13,0
5,1971,0.5,-0.13,0
5,1971,0.5,-0.13,0
5,1971,0.5,-0.13,0
5,1971,0.5,-0.13,0
5,1971,0.5,-0.13,0
5,1971,0.5,-0.13,0
5,1971,0.5,-0.13,0
5,1971,0.5,-0.13,0
5,1971,0.5,-0.13,0
5,1971,0.5,-0.13,0
5,1971,0.5,-0.13,0
5,1971,0.5,-0.13,0
6,1971,-1.57,-0.13,0
6,1971,-1.57,-0.13,0
6,1971,-1.57,-0.13,0
6,1971,-1.57,-0.13,0
6,1971,-1.57,-0.13,0
6,1971,-1.57,-0.13,0
6,1971,-1.57,-0.13,0
6,1971,-1.57,-0.13,0
6,1971,-1.57,-0.13,0
6,1971,-1.57,-0.13,0
6,1971,-1.57,-0.13,0
6,1971,-1.57,-0.13,0
6,1971,-1.57,-0.13,0
6,1971,-1.57,-0.13,0
6,1971,-1.57,-0.13,0
6,1971,-1.57,-0.13,0
6,1971,-1.57,-0.13,0
6,1971,-1.57,-0.13,0
6,1971,-1.57,-0.13,0
6,1971,-1.57,-0.13,0
6,1971,-1.57,-0.13,0
6,1971,-1.57,-0.13,0
6,1971,-1.57,-0.13,0
6,1971,-1.57,-0.13,0
6,1971,-1.57,-0.13,0
6,1971,-1.57,-0.13,0
7,1971,0.24,-0.13,0
7,1971,0.24,-0.13,0
7,1971,0.24,-0.13,0
7,1971,0.24,-0.13,0
7,1971,0.24,-0.13,0
7,1971,0.24,-0.13,0
7,1971,0.24,-0.13,0
7,1971,0.24,-0.13,0
7,1971,0.24,-0.13,0
7,1971,0.24,-0.13,0
7,1971,0.24,-0.13,0
7,1971,0.24,-0.13,0
7,1971,0.24,-0.13,0
7,1971,0.24,-0.13,0
7,1971,0.24,-0.13,0
7,1971,0.24,-0.13,0
7,1971,0.24,-0.13,0
7,1971,0.24,-0.13,0
7,1971,0.24,-0.13,0
7,1971,0.24,-0.13,0
7,1971,0.24,-0.13,0
7,1971,0.24,-0.13,0
7,1971,0.24,-0.13,0
7,1971,0.24,-0.13,0
7,1971,0.24,-0.13,0
7,1971,0.24,-0.13,0
7,1971,0.24,-0.13,0
7,1971,0.24,-0.13,0
7,1971,0.24,-0.13,0
7,1971,0.24,-0.13,0
7,1971,0.24,-0.13,0
8,1971,1.55,-0.13,0
8,1971,1.55,-0.13,0
8,1971,1.55,-0.13,0
8,1971,1.55,-0.13,0
8,1971,1.55,-0.13,0
8,1971,1.55,-0.13,0
8,1971,1.55,-0.13,0
8,1971,1.55,-0.13,0
8,1971,1.55,-0.13,0
8,1971,1.55,-0.13,0
8,1971,1.55,-0.13,0
8,1971,1.55,-0.13,0
8,1971,1.55,-0.13,0
8,1971,1.55,-0.13,0
8,1971,1.55,-0.13,0
8,1971,1.55,-0.13,0
8,1971,1.55,-0.13,0
8,1971,1.55,-0.13,0
8,1971,1.55,-0.13,0
8,1971,1.55,-0.13,0
8,1971,1.55,-0.13,0
8,1971,1.55,-0.13,0
8,1971,1.55,-0.13,0
8,1971,1.55,-0.13,0
8,1971,1.55,-0.13,0
8,1971,1.55,-0.13,0
8,1971,1.55,-0.13,0
8,1971,1.55,-0.13,0
8,1971,1.55,-0.13,0
8,1971,1.55,-0.13,0
9,1971,0.39,-0.13,0
9,1971,0.39,-0.13,0
9,1971,0.39,-0.13,0
9,1971,0.39,-0.13,0
9,1971,0.39,-0.13,0
9,1971,0.39,-0.13,0
9,1971,0.39,-0.13,0
9,1971,0.39,-0.13,0
9,1971,0.39,-0.13,0
9,1971,0.39,-0.13,0
9,1971,0.39,-0.13,0
9,1971,0.39,-0.13,0
9,1971,0.39,-0.13,0
9,1971,0.39,-0.13,0
9,1971,0.39,-0.13,0
9,1971,0.39,-0.13,0
9,1971,0.39,-0.13,0
9,1971,0.39,-0.13,0
9,1971,0.39,-0.13,0
9,1971,0.39,-0.13,0
9,1971,0.39,-0.13,0
9,1971,0.39,-0.13,0
9,1971,0.39,-0.13,0
9,1971,0.39,-0.13,0
9,1971,0.39,-0.13,0
9,1971,0.39,-0.13,0
9,1971,0.39,-0.13,0
9,1971,0.39,-0.13,0
9,1971,0.39,-0.13,0
9,1971,0.39,-0.13,0
10,1971,0.58,-0.13,0
10,1971,0.58,-0.13,0
10,1971,0.58,-0.13,0
10,1971,0.58,-0.13,0
10,1971,0.58,-0.13,0
10,1971,0.58,-0.13,0
10,1971,0.58,-0.13,0
10,1971,0.58,-0.13,0
10,1971,0.58,-0.13,0
10,1971,0.58,-0.13,0
10,1971,0.58,-0.13,0
10,1971,0.58,-0.13,0
10,1971,0.58,-0.13,0
10,1971,0.58,-0.13,0
10,1971,0.58,-0.13,0
10,1971,0.58,-0.13,0
10,1971,0.58,-0.13,0
10,1971,0.58,-0.13,0
10,1971,0.58,-0.13,0
10,1971,0.58,-0.13,0
10,1971,0.58,-0.13,0
10,1971,0.58,-0.13,0
10,1971,0.58,-0.13,0
10,1971,0.58,-0.13,0
10,1971,0.58,-0.13,0
10,1971,0.58,-0.13,0
10,1971,0.58,-0.13,0
10,1971,0.58,-0.13,0
11,1971,-0.2,-0.14,0
11,1971,-0.2,-0.14,0
11,1971,-0.2,-0.14,0
11,1971,-0.2,-0.14,0
11,1971,-0.2,-0.14,0
11,1971,-0.2,-0.14,0
11,1971,-0.2,-0.14,0
11,1971,-0.2,-0.14,0
11,1971,-0.2,-0.14,0
11,1971,-0.2,-0.14,0
11,1971,-0.2,-0.14,0
11,1971,-0.2,-0.14,0
11,1971,-0.2,-0.14,0
11,1971,-0.2,-0.14,0
11,1971,-0.2,-0.14,0
11,1971,-0.2,-0.14,0
11,1971,-0.2,-0.14,0
11,1971,-0.2,-0.14,0
11,1971,-0.2,-0.14,0
11,1971,-0.2,-0.14,0
11,1971,-0.2,-0.14,0
11,1971,-0.2,-0.14,0
11,1971,-0.2,-0.14,0
11,1971,-0.2,-0.14,0
11,1971,-0.2,-0.14,0
11,1971,-0.2,-0.14,0
11,1971,-0.2,-0.14,0
11,1971,-0.2,-0.14,0
11,1971,-0.2,-0.14,0
11,1971,-0.2,-0.14,0
12,1971,0.6,-0.14,0
12,1971,0.6,-0.14,0
12,1971,0.6,-0.14,0
12,1971,0.6,-0.14,0
12,1971,0.6,-0.14,0
12,1971,0.6,-0.14,0
12,1971,0.6,-0.14,0
12,1971,0.6,-0.14,0
12,1971,0.6,-0.14,0
12,1971,0.6,-0.14,0
12,1971,0.6,-0.14,0
12,1971,0.6,-0.14,0
12,1971,0.6,-0.14,0
12,1971,0.6,-0.14,0
12,1971,0.6,-0.14,0
12,1971,0.6,-0.14,0
12,1971,0.6,-0.14,0
12,1971,0.6,-0.14,0
12,1971,0.6,-0.14,0
12,1971,0.6,-0.14,0
12,1971,0.6,-0.14,0
12,1971,0.6,-0.14,0
12,1971,0.6,-0.14,0
12,1971,0.6,-0.14,0
12,1971,0.6,-0.14,0
12,1971,0.6,-0.14,0
12,1971,0.6,-0.14,0
12,1971,0.6,-0.14,0
12,1971,0.6,-0.14,0
12,1971,0.6,-0.14,0
12,1971,0.6,-0.14,0
1,1972,0.27,-0.14,0
1,1972,0.27,-0.14,0
1,1972,0.27,-0.14,0
1,1972,0.27,-0.14,0
1,1972,0.27,-0.14,0
1,1972,0.27,-0.14,0
1,1972,0.27,-0.14,0
1,1972,0.27,-0.14,0
1,1972,0.27,-0.14,0
1,1972,0.27,-0.14,0
1,1972,0.27,-0.14,0
1,1972,0.27,-0.14,0
1,1972,0.27,-0.14,0
1,1972,0.27,-0.14,0
1,1972,0.27,-0.14,0
1,1972,0.27,-0.14,0
1,1972,0.27,-0.14,0
1,1972,0.27,-0.14,0
1,1972,0.27,-0.14,0
1,1972,0.27,-0.14,0
1,1972,0.27,-0.14,0
1,1972,0.27,-0.14,0
1,1972,0.27,-0.14,0
1,1972,0.27,-0.14,0
1,1972,0.27,-0.14,0
1,1972,0.27,-0.14,0
1,1972,0.27,-0.14,0
1,1972,0.27,-0.14,0
1,1972,0.27,-0.14,0
1,1972,0.27,-0.14,0
1,1972,0.27,-0.14,0
2,1972,0.32,-0.15,0
2,1972,0.32,-0.15,0
2,1972,0.32,-0.15,0
2,1972,0.32,-0.15,0
2,1972,0.32,-0.15,0
2,1972,0.32,-0.15,0
2,1972,0.32,-0.15,0
2,1972,0.32,-0.15,0
2,1972,0.32,-0.15,0
2,1972,0.32,-0.15,0
2,1972,0.32,-0.15,0
2,1972,0.32,-0.15,0
2,1972,0.32,-0.15,0
2,1972,0.32,-0.15,0
2,1972,0.32,-0.15,0
2,1972,0.32,-0.15,0
2,1972,0.32,-0.15,0
2,1972,0.32,-0.15,0
2,1972,0.32,-0.15,0
2,1972,0.32,-0.15,0
2,1972,0.32,-0.15,0
2,1972,0.32,-0.15,0
2,1972,0.32,-0.15,0
2,1972,0.32,-0.15,0
2,1972,0.32,-0.15,0
2,1972,0.32,-0.15,0
2,1972,0.32,-0.15,0
2,1972,0.32,-0.15,0
2,1972,0.32,-0.15,0
3,1972,0.72,-0.15,0
3,1972,0.72,-0.15,0
3,1972,0.72,-0.15,0
3,1972,0.72,-0.15,0
3,1972,0.72,-0.15,0
3,1972,0.72,-0.15,0
3,1972,0.72,-0.15,0
3,1972,0.72,-0.15,0
3,1972,0.72,-0.15,0
3,1972,0.72,-0.15,0
3,1972,0.72,-0.15,0
3,1972,0.72,-0.15,0
3,1972,0.72,-0.15,0
3,1972,0.72,-0.15,0
3,1972,0.72,-0.15,0
3,1972,0.72,-0.15,0
3,1972,0.72,-0.15,0
3,1972,0.72,-0.15,0
3,1972,0.72,-0.15,0
3,1972,0.72,-0.15,0
3,1972,0.72,-0.15,0
3,1972,0.72,-0.15,0
3,1972,0.72,-0.15,0
3,1972,0.72,-0.15,0
3,1972,0.72,-0.15,0
3,1972,0.72,-0.15,0
3,1972,0.72,-0.15,0
3,1972,0.72,-0.15,0
3,1972,0.72,-0.15,0
3,1972,0.72,-0.15,0
3,1972,0.72,-0.15,0
4,1972,-0.22,-0.15,0
4,1972,-0.22,-0.15,0
4,1972,-0.22,-0.15,0
4,1972,-0.22,-0.15,0
4,1972,-0.22,-0.15,0
4,1972,-0.22,-0.15,0
4,1972,-0.22,-0.15,0
4,1972,-0.22,-0.15,0
4,1972,-0.22,-0.15,0
4,1972,-0.22,-0.15,0
4,1972,-0.22,-0.15,0
4,1972,-0.22,-0.15,0
4,1972,-0.22,-0.15,0
4,1972,-0.22,-0.15,0
4,1972,-0.22,-0.15,0
4,1972,-0.22,-0.15,0
4,1972,-0.22,-0.15,0
4,1972,-0.22,-0.15,0
4,1972,-0.22,-0.15,0
4,1972,-0.22,-0.15,0
4,1972,-0.22,-0.15,0
4,1972,-0.22,-0.15,0
4,1972,-0.22,-0.15,0
4,1972,-0.22,-0.15,0
4,1972,-0.22,-0.15,0
4,1972,-0.22,-0.15,0
4,1972,-0.22,-0.15,0
4,1972,-0.22,-0.15,0
4,1972,-0.22,-0.15,0
4,1972,-0.22,-0.15,0
5,1972,0.95,-0.16,0
5,1972,0.95,-0.16,0
5,1972,0.95,-0.16,0
5,1972,0.95,-0.16,0
5,1972,0.95,-0.16,0
5,1972,0.95,-0.16,0
5,1972,0.95,-0.16,0
5,1972,0.95,-0.16,0
5,1972,0.95,-0.16,0
5,1972,0.95,-0.16,0
5,1972,0.95,-0.16,0
5,1972,0.95,-0.16,0
5,1972,0.95,-0.16,0
5,1972,0.95,-0.16,0
5,1972,0.95,-0.16,0
5,1972,0.95,-0.16,0
5,1972,0.95,-0.16,0
5,1972,0.95,-0.16,0
5,1972,0.95,-0.16,0
5,1972,0.95,-0.16,0
5,1972,0.95,-0.16,0
5,1972,0.95,-0.16,0
5,1972,0.95,-0.16,0
5,1972,0.95,-0.16,0
5,1972,0.95,-0.16,0
5,1972,0.95,-0.16,0
5,1972,0.95,-0.16,0
5,1972,0.95,-0.16,0
5,1972,0.95,-0.16,0
5,1972,0.95,-0.16,0
5,1972,0.95,-0.16,0
6,1972,0.88,-0.15,0
6,1972,0.88,-0.15,0
6,1972,0.88,-0.15,0
6,1972,0.88,-0.15,0
6,1972,0.88,-0.15,0
6,1972,0.88,-0.15,0
6,1972,0.88,-0.15,0
6,1972,0.88,-0.15,0
6,1972,0.88,-0.15,0
6,1972,0.88,-0.15,0
6,1972,0.88,-0.15,0
6,1972,0.88,-0.15,0
6,1972,0.88,-0.15,0
6,1972,0.88,-0.15,0
6,1972,0.88,-0.15,0
6,1972,0.88,-0.15,0
6,1972,0.88,-0.15,0
6,1972,0.88,-0.15,0
6,1972,0.88,-0.15,0
6,1972,0.88,-0.15,0
6,1972,0.88,-0.15,0
6,1972,0.88,-0.15,0
6,1972,0.88,-0.15,0
6,1972,0.88,-0.15,0
6,1972,0.88,-0.15,0
6,1972,0.88,-0.15,0
6,1972,0.88,-0.15,0
6,1972,0.88,-0.15,0
6,1972,0.88,-0.15,0
7,1972,0.18,-0.15,0
7,1972,0.18,-0.15,0
7,1972,0.18,-0.15,0
7,1972,0.18,-0.15,0
7,1972,0.18,-0.15,0
7,1972,0.18,-0.15,0
7,1972,0.18,-0.15,0
7,1972,0.18,-0.15,0
7,1972,0.18,-0.15,0
7,1972,0.18,-0.15,0
7,1972,0.18,-0.15,0
7,1972,0.18,-0.15,0
7,1972,0.18,-0.15,0
7,1972,0.18,-0.15,0
7,1972,0.18,-0.15,0
7,1972,0.18,-0.15,0
7,1972,0.18,-0.15,0
7,1972,0.18,-0.15,0
7,1972,0.18,-0.15,0
7,1972,0.18,-0.15,0
7,1972,0.18,-0.15,0
7,1972,0.18,-0.15,0
7,1972,0.18,-0.15,0
7,1972,0.18,-0.15,0
7,1972,0.18,-0.15,0
7,1972,0.18,-0.15,0
7,1972,0.18,-0.15,0
7,1972,0.18,-0.15,0
7,1972,0.18,-0.15,0
8,1972,1.32,-0.15,0
8,1972,1.32,-0.15,0
8,1972,1.32,-0.15,0
8,1972,1.32,-0.15,0
8,1972,1.32,-0.15,0
8,1972,1.32,-0.15,0
8,1972,1.32,-0.15,0
8,1972,1.32,-0.15,0
8,1972,1.32,-0.15,0
8,1972,1.32,-0.15,0
8,1972,1.32,-0.15,0
8,1972,1.32,-0.15,0
8,1972,1.32,-0.15,0
8,1972,1.32,-0.15,0
8,1972,1.32,-0.15,0
8,1972,1.32,-0.15,0
8,1972,1.32,-0.15,0
8,1972,1.32,-0.15,0
8,1972,1.32,-0.15,0
8,1972,1.32,-0.15,0
8,1972,1.32,-0.15,0
8,1972,1.32,-0.15,0
8,1972,1.32,-0.15,0
8,1972,1.32,-0.15,0
8,1972,1.32,-0.15,0
8,1972,1.32,-0.15,0
8,1972,1.32,-0.15,0
8,1972,1.32,-0.15,0
8,1972,1.32,-0.15,0
8,1972,1.32,-0.15,0
8,1972,1.32,-0.15,0
9,1972,-0.12,-0.15,0
9,1972,-0.12,-0.15,0
9,1972,-0.12,-0.15,0
9,1972,-0.12,-0.15,0
9,1972,-0.12,-0.15,0
9,1972,-0.12,-0.15,0
9,1972,-0.12,-0.15,0
9,1972,-0.12,-0.15,0
9,1972,-0.12,-0.15,0
9,1972,-0.12,-0.15,0
9,1972,-0.12,-0.15,0
9,1972,-0.12,-0.15,0
9,1972,-0.12,-0.15,0
9,1972,-0.12,-0.15,0
9,1972,-0.12,-0.15,0
9,1972,-0.12,-0.15,0
9,1972,-0.12,-0.15,0
9,1972,-0.12,-0.15,0
9,1972,-0.12,-0.15,0
9,1972,-0.12,-0.15,0
9,1972,-0.12,-0.15,0
9,1972,-0.12,-0.15,0
9,1972,-0.12,-0.15,0
9,1972,-0.12,-0.15,0
9,1972,-0.12,-0.15,0
9,1972,-0.12,-0.15,0
9,1972,-0.12,-0.15,0
9,1972,-0.12,-0.15,0
9,1972,-0.12,-0.15,0
9,1972,-0.12,-0.15,0
10,1972,1.09,-0.16,0
10,1972,1.09,-0.16,0
10,1972,1.09,-0.16,0
10,1972,1.09,-0.16,0
10,1972,1.09,-0.16,0
10,1972,1.09,-0.16,0
10,1972,1.09,-0.16,0
10,1972,1.09,-0.16,0
10,1972,1.09,-0.16,0
10,1972,1.09,-0.16,0
10,1972,1.09,-0.16,0
10,1972,1.09,-0.16,0
10,1972,1.09,-0.16,0
10,1972,1.09,-0.16,0
10,1972,1.09,-0.16,0
10,1972,1.09,-0.16,0
10,1972,1.09,-0.16,0
10,1972,1.09,-0.16,0
10,1972,1.09,-0.16,0
10,1972,1.09,-0.16,0
10,1972,1.09,-0.16,0
10,1972,1.09,-0.16,0
10,1972,1.09,-0.16,0
10,1972,1.09,-0.16,0
10,1972,1.09,-0.16,0
10,1972,1.09,-0.16,0
10,1972,1.09,-0.16,0
10,1972,1.09,-0.16,0
10,1972,1.09,-0.16,0
10,1972,1.09,-0.16,0
10,1972,1.09,-0.16,0
11,1972,0.54,-0.16,0
11,1972,0.54,-0.16,0
11,1972,0.54,-0.16,0
11,1972,0.54,-0.16,0
11,1972,0.54,-0.16,0
11,1972,0.54,-0.16,0
11,1972,0.54,-0.16,0
11,1972,0.54,-0.16,0
11,1972,0.54,-0.16,0
11,1972,0.54,-0.16,0
11,1972,0.54,-0.16,0
11,1972,0.54,-0.16,0
11,1972,0.54,-0.16,0
11,1972,0.54,-0.16,0
11,1972,0.54,-0.16,0
11,1972,0.54,-0.16,0
11,1972,0.54,-0.16,0
11,1972,0.54,-0.16,0
11,1972,0.54,-0.16,0
11,1972,0.54,-0.16,0
11,1972,0.54,-0.16,0
11,1972,0.54,-0.16,0
11,1972,0.54,-0.16,0
11,1972,0.54,-0.16,0
11,1972,0.54,-0.16,0
11,1972,0.54,-0.16,0
11,1972,0.54,-0.16,0
11,1972,0.54,-0.16,0
11,1972,0.54,-0.16,0
11,1972,0.54,-0.16,0
12,1972,0.19,-0.16,0
12,1972,0.19,-0.16,0
12,1972,0.19,-0.16,0
12,1972,0.19,-0.16,0
12,1972,0.19,-0.16,0
12,1972,0.19,-0.16,0
12,1972,0.19,-0.16,0
12,1972,0.19,-0.16,0
12,1972,0.19,-0.16,0
12,1972,0.19,-0.16,0
12,1972,0.19,-0.16,0
12,1972,0.19,-0.16,0
12,1972,0.19,-0.16,0
12,1972,0.19,-0.16,0
12,1972,0.19,-0.16,0
12,1972,0.19,-0.16,0
12,1972,0.19,-0.16,0
12,1972,0.19,-0.16,0
12,1972,0.19,-0.16,0
12,1972,0.19,-0.16,0
12,1972,0.19,-0.16,0
12,1972,0.19,-0.16,0
12,1972,0.19,-0.16,0
12,1972,0.19,-0.16,0
12,1972,0.19,-0.16,0
12,1972,0.19,-0.16,0
12,1972,0.19,-0.16,0
12,1972,0.19,-0.16,0
12,1972,0.19,-0.16,0
12,1972,0.19,-0.16,0
12,1972,0.19,-0.16,0
1,1973,0.04,-0.16,0
1,1973,0.04,-0.16,0
1,1973,0.04,-0.16,0
1,1973,0.04,-0.16,0
1,1973,0.04,-0.16,0
1,1973,0.04,-0.16,0
1,1973,0.04,-0.16,0
1,1973,0.04,-0.16,0
1,1973,0.04,-0.16,0
1,1973,0.04,-0.16,0
1,1973,0.04,-0.16,0
1,1973,0.04,-0.16,0
1,1973,0.04,-0.16,0
1,1973,0.04,-0.16,0
1,1973,0.04,-0.16,0
1,1973,0.04,-0.16,0
1,1973,0.04,-0.16,0
1,1973,0.04,-0.16,0
1,1973,0.04,-0.16,0
1,1973,0.04,-0.16,0
1,1973,0.04,-0.16,0
1,1973,0.04,-0.16,0
1,1973,0.04,-0.16,0
1,1973,0.04,-0.16,0
1,1973,0.04,-0.16,0
1,1973,0.04,-0.16,0
1,1973,0.04,-0.16,0
1,1973,0.04,-0.16,0
1,1973,0.04,-0.16,0
1,1973,0.04,-0.16,0
1,1973,0.04,-0.16,0
2,1973,0.85,-0.16,0
2,1973,0.85,-0.16,0
2,1973,0.85,-0.16,0
2,1973,0.85,-0.16,0
2,1973,0.85,-0.16,0
2,1973,0.85,-0.16,0
2,1973,0.85,-0.16,0
2,1973,0.85,-0.16,0
2,1973,0.85,-0.16,0
2,1973,0.85,-0.16,0
2,1973,0.85,-0.16,0
2,1973,0.85,-0.16,0
2,1973,0.85,-0.16,0
2,1973,0.85,-0.16,0
2,1973,0.85,-0.16,0
2,1973,0.85,-0.16,0
2,1973,0.85,-0.16,0
2,1973,0.85,-0.16,0
2,1973,0.85,-0.16,0
2,1973,0.85,-0.16,0
2,1973,0.85,-0.16,0
2,1973,0.85,-0.16,0
2,1973,0.85,-0.16,0
2,1973,0.85,-0.16,0
2,1973,0.85,-0.16,0
2,1973,0.85,-0.16,0
2,1973,0.85,-0.16,0
2,1973,0.85,-0.16,0
3,1973,0.3,-0.16,0
3,1973,0.3,-0.16,0
3,1973,0.3,-0.16,0
3,1973,0.3,-0.16,0
3,1973,0.3,-0.16,0
3,1973,0.3,-0.16,0
3,1973,0.3,-0.16,0
3,1973,0.3,-0.16,0
3,1973,0.3,-0.16,0
3,1973,0.3,-0.16,0
3,1973,0.3,-0.16,0
3,1973,0.3,-0.16,0
3,1973,0.3,-0.16,0
3,1973,0.3,-0.16,0
3,1973,0.3,-0.16,0
3,1973,0.3,-0.16,0
3,1973,0.3,-0.16,0
3,1973,0.3,-0.16,0
3,1973,0.3,-0.16,0
3,1973,0.3,-0.16,0
3,1973,0.3,-0.16,0
3,1973,0.3,-0.16,0
3,1973,0.3,-0.16,0
3,1973,0.3,-0.16,0
3,1973,0.3,-0.16,0
3,1973,0.3,-0.16,0
3,1973,0.3,-0.16,0
3,1973,0.3,-0.16,0
3,1973,0.3,-0.16,0
3,1973,0.3,-0.16,0
3,1973,0.3,-0.16,0
4,1973,-0.54,-0.16,0
4,1973,-0.54,-0.16,0
4,1973,-0.54,-0.16,0
4,1973,-0.54,-0.16,0
4,1973,-0.54,-0.16,0
4,1973,-0.54,-0.16,0
4,1973,-0.54,-0.16,0
4,1973,-0.54,-0.16,0
4,1973,-0.54,-0.16,0
4,1973,-0.54,-0.16,0
4,1973,-0.54,-0.16,0
4,1973,-0.54,-0.16,0
4,1973,-0.54,-0.16,0
4,1973,-0.54,-0.16,0
4,1973,-0.54,-0.16,0
4,1973,-0.54,-0.16,0
4,1973,-0.54,-0.16,0
4,1973,-0.54,-0.16,0
4,1973,-0.54,-0.16,0
4,1973,-0.54,-0.16,0
4,1973,-0.54,-0.16,0
4,1973,-0.54,-0.16,0
4,1973,-0.54,-0.16,0
4,1973,-0.54,-0.16,0
4,1973,-0.54,-0.16,0
4,1973,-0.54,-0.16,0
4,1973,-0.54,-0.16,0
4,1973,-0.54,-0.16,0
4,1973,-0.54,-0.16,0
4,1973,-0.54,-0.16,0
5,1973,-0.44,-0.16,0
5,1973,-0.44,-0.16,0
5,1973,-0.44,-0.16,0
5,1973,-0.44,-0.16,0
5,1973,-0.44,-0.16,0
5,1973,-0.44,-0.16,0
5,1973,-0.44,-0.16,0
5,1973,-0.44,-0.16,0
5,1973,-0.44,-0.16,0
5,1973,-0.44,-0.16,0
5,1973,-0.44,-0.16,0
5,1973,-0.44,-0.16,0
5,1973,-0.44,-0.16,0
5,1973,-0.44,-0.16,0
5,1973,-0.44,-0.16,0
5,1973,-0.44,-0.16,0
5,1973,-0.44,-0.16,0
5,1973,-0.44,-0.16,0
5,1973,-0.44,-0.16,0
5,1973,-0.44,-0.16,0
5,1973,-0.44,-0.16,0
5,1973,-0.44,-0.16,0
5,1973,-0.44,-0.16,0
5,1973,-0.44,-0.16,0
5,1973,-0.44,-0.16,0
5,1973,-0.44,-0.16,0
5,1973,-0.44,-0.16,0
5,1973,-0.44,-0.16,0
5,1973,-0.44,-0.16,0
5,1973,-0.44,-0.16,0
5,1973,-0.44,-0.16,0
6,1973,0.39,-0.16,0
6,1973,0.39,-0.16,0
6,1973,0.39,-0.16,0
6,1973,0.39,-0.16,0
6,1973,0.39,-0.16,0
6,1973,0.39,-0.16,0
6,1973,0.39,-0.16,0
6,1973,0.39,-0.16,0
6,1973,0.39,-0.16,0
6,1973,0.39,-0.16,0
6,1973,0.39,-0.16,0
6,1973,0.39,-0.16,0
6,1973,0.39,-0.16,0
6,1973,0.39,-0.16,0
6,1973,0.39,-0.16,0
6,1973,0.39,-0.16,0
6,1973,0.39,-0.16,0
6,1973,0.39,-0.16,0
6,1973,0.39,-0.16,0
6,1973,0.39,-0.16,0
6,1973,0.39,-0.16,0
6,1973,0.39,-0.16,0
6,1973,0.39,-0.16,0
6,1973,0.39,-0.16,0
6,1973,0.39,-0.16,0
6,1973,0.39,-0.16,0
6,1973,0.39,-0.16,0
6,1973,0.39,-0.16,0
6,1973,0.39,-0.16,0
7,1973,0.57,-0.17,0
7,1973,0.57,-0.17,0
7,1973,0.57,-0.17,0
7,1973,0.57,-0.17,0
7,1973,0.57,-0.17,0
7,1973,0.57,-0.17,0
7,1973,0.57,-0.17,0
7,1973,0.57,-0.17,0
7,1973,0.57,-0.17,0
7,1973,0.57,-0.17,0
7,1973,0.57,-0.17,0
7,1973,0.57,-0.17,0
7,1973,0.57,-0.17,0
7,1973,0.57,-0.17,0
7,1973,0.57,-0.17,0
7,1973,0.57,-0.17,0
7,1973,0.57,-0.17,0
7,1973,0.57,-0.17,0
7,1973,0.57,-0.17,0
7,1973,0.57,-0.17,0
7,1973,0.57,-0.17,0
7,1973,0.57,-0.17,0
7,1973,0.57,-0.17,0
7,1973,0.57,-0.17,0
7,1973,0.57,-0.17,0
7,1973,0.57,-0.17,0
7,1973,0.57,-0.17,0
7,1973,0.57,-0.17,0
7,1973,0.57,-0.17,0
7,1973,0.57,-0.17,0
7,1973,0.57,-0.17,0
8,1973,-0.06,-0.16,0
8,1973,-0.06,-0.16,0
8,1973,-0.06,-0.16,0
8,1973,-0.06,-0.16,0
8,1973,-0.06,-0.16,0
8,1973,-0.06,-0.16,0
8,1973,-0.06,-0.16,0
8,1973,-0.06,-0.16,0
8,1973,-0.06,-0.16,0
8,1973,-0.06,-0.16,0
8,1973,-0.06,-0.16,0
8,1973,-0.06,-0.16,0
8,1973,-0.06,-0.16,0
8,1973,-0.06,-0.16,0
8,1973,-0.06,-0.16,0
8,1973,-0.06,-0.16,0
8,1973,-0.06,-0.16,0
8,1973,-0.06,-0.16,0
8,1973,-0.06,-0.16,0
8,1973,-0.06,-0.16,0
8,1973,-0.06,-0.16,0
8,1973,-0.06,-0.16,0
8,1973,-0.06,-0.16,0
8,1973,-0.06,-0.16,0
8,1973,-0.06,-0.16,0
8,1973,-0.06,-0.16,0
8,1973,-0.06,-0.16,0
8,1973,-0.06,-0.16,0
8,1973,-0.06,-0.16,0
8,1973,-0.06,-0.16,0
8,1973,-0.06,-0.16,0
9,1973,-0.3,-0.16,0
9,1973,-0.3,-0.16,0
9,1973,-0.3,-0.16,0
9,1973,-0.3,-0.16,0
9,1973,-0.3,-0.16,0
9,1973,-0.3,-0.16,0
9,1973,-0.3,-0.16,0
9,1973,-0.3,-0.16,0
9,1973,-0.3,-0.16,0
9,1973,-0.3,-0.16,0
9,1973,-0.3,-0.16,0
9,1973,-0.3,-0.16,0
9,1973,-0.3,-0.16,0
9,1973,-0.3,-0.16,0
9,1973,-0.3,-0.16,0
9,1973,-0.3,-0.16,0
9,1973,-0.3,-0.16,0
9,1973,-0.3,-0.16,0
9,1973,-0.3,-0.16,0
9,1973,-0.3,-0.16,0
9,1973,-0.3,-0.16,0
9,1973,-0.3,-0.16,0
9,1973,-0.3,-0.16,0
9,1973,-0.3,-0.16,0
9,1973,-0.3,-0.16,0
9,1973,-0.3,-0.16,0
9,1973,-0.3,-0.16,0
9,1973,-0.3,-0.16,0
9,1973,-0.3,-0.16,0
9,1973,-0.3,-0.16,0
10,1973,-1.24,-0.16,0
10,1973,-1.24,-0.16,0
10,1973,-1.24,-0.16,0
10,1973,-1.24,-0.16,0
10,1973,-1.24,-0.16,0
10,1973,-1.24,-0.16,0
10,1973,-1.24,-0.16,0
10,1973,-1.24,-0.16,0
10,1973,-1.24,-0.16,0
10,1973,-1.24,-0.16,0
10,1973,-1.24,-0.16,0
10,1973,-1.24,-0.16,0
10,1973,-1.24,-0.16,0
10,1973,-1.24,-0.16,0
10,1973,-1.24,-0.16,0
10,1973,-1.24,-0.16,0
10,1973,-1.24,-0.16,0
10,1973,-1.24,-0.16,0
10,1973,-1.24,-0.16,0
10,1973,-1.24,-0.16,0
10,1973,-1.24,-0.16,0
10,1973,-1.24,-0.16,0
10,1973,-1.24,-0.16,0
10,1973,-1.24,-0.16,0
10,1973,-1.24,-0.16,0
10,1973,-1.24,-0.16,0
10,1973,-1.24,-0.16,0
10,1973,-1.24,-0.16,0
10,1973,-1.24,-0.16,0
10,1973,-1.24,-0.16,0
11,1973,-0.93,-0.16,0
11,1973,-0.93,-0.16,0
11,1973,-0.93,-0.16,0
11,1973,-0.93,-0.16,0
11,1973,-0.93,-0.16,0
11,1973,-0.93,-0.16,0
11,1973,-0.93,-0.16,0
11,1973,-0.93,-0.16,0
11,1973,-0.93,-0.16,0
11,1973,-0.93,-0.16,0
11,1973,-0.93,-0.16,0
11,1973,-0.93,-0.16,0
11,1973,-0.93,-0.16,0
11,1973,-0.93,-0.16,0
11,1973,-0.93,-0.16,0
11,1973,-0.93,-0.16,0
11,1973,-0.93,-0.16,0
11,1973,-0.93,-0.16,0
11,1973,-0.93,-0.16,0
11,1973,-0.93,-0.16,0
11,1973,-0.93,-0.16,0
11,1973,-0.93,-0.16,0
11,1973,-0.93,-0.16,0
11,1973,-0.93,-0.16,0
11,1973,-0.93,-0.16,0
11,1973,-0.93,-0.16,0
11,1973,-0.93,-0.16,0
11,1973,-0.93,-0.16,0
11,1973,-0.93,-0.16,0
11,1973,-0.93,-0.16,0
12,1973,0.32,-0.16,0
12,1973,0.32,-0.16,0
12,1973,0.32,-0.16,0
12,1973,0.32,-0.16,0
12,1973,0.32,-0.16,0
12,1973,0.32,-0.16,0
12,1973,0.32,-0.16,0
12,1973,0.32,-0.16,0
12,1973,0.32,-0.16,0
12,1973,0.32,-0.16,0
12,1973,0.32,-0.16,0
12,1973,0.32,-0.16,0
12,1973,0.32,-0.16,0
12,1973,0.32,-0.16,0
12,1973,0.32,-0.16,0
12,1973,0.32,-0.16,0
12,1973,0.32,-0.16,0
12,1973,0.32,-0.16,0
12,1973,0.32,-0.16,0
12,1973,0.32,-0.16,0
12,1973,0.32,-0.16,0
12,1973,0.32,-0.16,0
12,1973,0.32,-0.16,0
12,1973,0.32,-0.16,0
12,1973,0.32,-0.16,0
12,1973,0.32,-0.16,0
12,1973,0.32,-0.16,0
12,1973,0.32,-0.16,0
12,1973,0.32,-0.16,0
12,1973,0.32,-0.16,0
12,1973,0.32,-0.16,0
1,1974,1.34,-0.16,0
1,1974,1.34,-0.16,0
1,1974,1.34,-0.16,0
1,1974,1.34,-0.16,0
1,1974,1.34,-0.16,0
1,1974,1.34,-0.16,0
1,1974,1.34,-0.16,0
1,1974,1.34,-0.16,0
1,1974,1.34,-0.16,0
1,1974,1.34,-0.16,0
1,1974,1.34,-0.16,0
1,1974,1.34,-0.16,0
1,1974,1.34,-0.16,0
1,1974,1.34,-0.16,0
1,1974,1.34,-0.16,0
1,1974,1.34,-0.16,0
1,1974,1.34,-0.16,0
1,1974,1.34,-0.16,0
1,1974,1.34,-0.16,0
1,1974,1.34,-0.16,0
1,1974,1.34,-0.16,0
1,1974,1.34,-0.16,0
1,1974,1.34,-0.16,0
1,1974,1.34,-0.16,0
1,1974,1.34,-0.16,0
1,1974,1.34,-0.16,0
1,1974,1.34,-0.16,0
1,1974,1.34,-0.16,0
1,1974,1.34,-0.16,0
1,1974,1.34,-0.16,0
1,1974,1.34,-0.16,0
2,1974,-0.14,-0.16,0
2,1974,-0.14,-0.16,0
2,1974,-0.14,-0.16,0
2,1974,-0.14,-0.16,0
2,1974,-0.14,-0.16,0
2,1974,-0.14,-0.16,0
2,1974,-0.14,-0.16,0
2,1974,-0.14,-0.16,0
2,1974,-0.14,-0.16,0
2,1974,-0.14,-0.16,0
2,1974,-0.14,-0.16,0
2,1974,-0.14,-0.16,0
2,1974,-0.14,-0.16,0
2,1974,-0.14,-0.16,0
2,1974,-0.14,-0.16,0
2,1974,-0.14,-0.16,0
2,1974,-0.14,-0.16,0
2,1974,-0.14,-0.16,0
2,1974,-0.14,-0.16,0
2,1974,-0.14,-0.16,0
2,1974,-0.14,-0.16,0
2,1974,-0.14,-0.16,0
2,1974,-0.14,-0.16,0
2,1974,-0.14,-0.16,0
2,1974,-0.14,-0.16,0
2,1974,-0.14,-0.16,0
2,1974,-0.14,-0.16,0
2,1974,-0.14,-0.16,0
3,1974,-0.03,-0.17,0
3,1974,-0.03,-0.17,0
3,1974,-0.03,-0.17,0
3,1974,-0.03,-0.17,0
3,1974,-0.03,-0.17,0
3,1974,-0.03,-0.17,0
3,1974,-0.03,-0.17,0
3,1974,-0.03,-0.17,0
3,1974,-0.03,-0.17,0
3,1974,-0.03,-0.17,0
3,1974,-0.03,-0.17,0
3,1974,-0.03,-0.17,0
3,1974,-0.03,-0.17,0
3,1974,-0.03,-0.17,0
3,1974,-0.03,-0.17,0
3,1974,-0.03,-0.17,0
3,1974,-0.03,-0.17,0
3,1974,-0.03,-0.17,0
3,1974,-0.03,-0.17,0
3,1974,-0.03,-0.17,0
3,1974,-0.03,-0.17,0
3,1974,-0.03,-0.17,0
3,1974,-0.03,-0.17,0
3,1974,-0.03,-0.17,0
3,1974,-0.03,-0.17,0
3,1974,-0.03,-0.17,0
3,1974,-0.03,-0.17,0
3,1974,-0.03,-0.17,0
3,1974,-0.03,-0.17,0
3,1974,-0.03,-0.17,0
3,1974,-0.03,-0.17,0
4,1974,0.51,-0.17,0
4,1974,0.51,-0.17,0
4,1974,0.51,-0.17,0
4,1974,0.51,-0.17,0
4,1974,0.51,-0.17,0
4,1974,0.51,-0.17,0
4,1974,0.51,-0.17,0
4,1974,0.51,-0.17,0
4,1974,0.51,-0.17,0
4,1974,0.51,-0.17,0
4,1974,0.51,-0.17,0
4,1974,0.51,-0.17,0
4,1974,0.51,-0.17,0
4,1974,0.51,-0.17,0
4,1974,0.51,-0.17,0
4,1974,0.51,-0.17,0
4,1974,0.51,-0.17,0
4,1974,0.51,-0.17,0
4,1974,0.51,-0.17,0
4,1974,0.51,-0.17,0
4,1974,0.51,-0.17,0
4,1974,0.51,-0.17,0
4,1974,0.51,-0.17,0
4,1974,0.51,-0.17,0
4,1974,0.51,-0.17,0
4,1974,0.51,-0.17,0
4,1974,0.51,-0.17,0
4,1974,0.51,-0.17,0
4,1974,0.51,-0.17,0
4,1974,0.51,-0.17,0
5,1974,-0.24,-0.17,0
5,1974,-0.24,-0.17,0
5,1974,-0.24,-0.17,0
5,1974,-0.24,-0.17,0
5,1974,-0.24,-0.17,0
5,1974,-0.24,-0.17,0
5,1974,-0.24,-0.17,0
5,1974,-0.24,-0.17,0
5,1974,-0.24,-0.17,0
5,1974,-0.24,-0.17,0
5,1974,-0.24,-0.17,0
5,1974,-0.24,-0.17,0
5,1974,-0.24,-0.17,0
5,1974,-0.24,-0.17,0
5,1974,-0.24,-0.17,0
5,1974,-0.24,-0.17,0
5,1974,-0.24,-0.17,0
5,1974,-0.24,-0.17,0
5,1974,-0.24,-0.17,0
5,1974,-0.24,-0.17,0
5,1974,-0.24,-0.17,0
5,1974,-0.24,-0.17,0
5,1974,-0.24,-0.17,0
5,1974,-0.24,-0.17,0
5,1974,-0.24,-0.17,0
5,1974,-0.24,-0.17,0
5,1974,-0.24,-0.17,0
5,1974,-0.24,-0.17,0
5,1974,-0.24,-0.17,0
5,1974,-0.24,-0.17,0
5,1974,-0.24,-0.17,0
6,1974,-0.14,-0.17,0
6,1974,-0.14,-0.17,0
6,1974,-0.14,-0.17,0
6,1974,-0.14,-0.17,0
6,1974,-0.14,-0.17,0
6,1974,-0.14,-0.17,0
6,1974,-0.14,-0.17,0
6,1974,-0.14,-0.17,0
6,1974,-0.14,-0.17,0
6,1974,-0.14,-0.17,0
6,1974,-0.14,-0.17,0
6,1974,-0.14,-0.17,0
6,1974,-0.14,-0.17,0
6,1974,-0.14,-0.17,0
6,1974,-0.14,-0.17,0
6,1974,-0.14,-0.17,0
6,1974,-0.14,-0.17,0
6,1974,-0.14,-0.17,0
6,1974,-0.14,-0.17,0
6,1974,-0.14,-0.17,0
6,1974,-0.14,-0.17,0
6,1974,-0.14,-0.17,0
6,1974,-0.14,-0.17,0
6,1974,-0.14,-0.17,0
6,1974,-0.14,-0.17,0
6,1974,-0.14,-0.17,0
6,1974,-0.14,-0.17,0
6,1974,-0.14,-0.17,0
6,1974,-0.14,-0.17,0
7,1974,-0.76,-0.17,0
7,1974,-0.76,-0.17,0
7,1974,-0.76,-0.17,0
7,1974,-0.76,-0.17,0
7,1974,-0.76,-0.17,0
7,1974,-0.76,-0.17,0
7,1974,-0.76,-0.17,0
7,1974,-0.76,-0.17,0
7,1974,-0.76,-0.17,0
7,1974,-0.76,-0.17,0
7,1974,-0.76,-0.17,0
7,1974,-0.76,-0.17,0
7,1974,-0.76,-0.17,0
7,1974,-0.76,-0.17,0
7,1974,-0.76,-0.17,0
7,1974,-0.76,-0.17,0
7,1974,-0.76,-0.17,0
7,1974,-0.76,-0.17,0
7,1974,-0.76,-0.17,0
7,1974,-0.76,-0.17,0
7,1974,-0.76,-0.17,0
7,1974,-0.76,-0.17,0
7,1974,-0.76,-0.17,0
7,1974,-0.76,-0.17,0
7,1974,-0.76,-0.17,0
7,1974,-0.76,-0.17,0
7,1974,-0.76,-0.17,0
7,1974,-0.76,-0.17,0
7,1974,-0.76,-0.17,0
7,1974,-0.76,-0.17,0
7,1974,-0.76,-0.17,0
8,1974,-0.64,-0.17,0
8,1974,-0.64,-0.17,0
8,1974,-0.64,-0.17,0
8,1974,-0.64,-0.17,0
8,1974,-0.64,-0.17,0
8,1974,-0.64,-0.17,0
8,1974,-0.64,-0.17,0
8,1974,-0.64,-0.17,0
8,1974,-0.64,-0.17,0
8,1974,-0.64,-0.17,0
8,1974,-0.64,-0.17,0
8,1974,-0.64,-0.17,0
8,1974,-0.64,-0.17,0
8,1974,-0.64,-0.17,0
8,1974,-0.64,-0.17,0
8,1974,-0.64,-0.17,0
8,1974,-0.64,-0.17,0
8,1974,-0.64,-0.17,0
8,1974,-0.64,-0.17,0
8,1974,-0.64,-0.17,0
8,1974,-0.64,-0.17,0
8,1974,-0.64,-0.17,0
8,1974,-0.64,-0.17,0
8,1974,-0.64,-0.17,0
8,1974,-0.64,-0.17,0
8,1974,-0.64,-0.17,0
8,1974,-0.64,-0.17,0
8,1974,-0.64,-0.17,0
8,1974,-0.64,-0.17,0
8,1974,-0.64,-0.17,0
8,1974,-0.64,-0.17,0
9,1974,0.82,0.17,0
9,1974,0.82,0.17,0
9,1974,0.82,0.17,0
9,1974,0.82,0.17,0
9,1974,0.82,0.17,0
9,1974,0.82,0.17,0
9,1974,0.82,0.17,0
9,1974,0.82,0.17,0
9,1974,0.82,0.17,0
9,1974,0.82,0.17,0
9,1974,0.82,0.17,0
9,1974,0.82,0.17,0
9,1974,0.82,0.17,0
9,1974,0.82,0.17,0
9,1974,0.82,0.17,0
9,1974,0.82,0.17,0
9,1974,0.82,0.17,0
9,1974,0.82,0.17,0
9,1974,0.82,0.17,0
9,1974,0.82,0.17,0
9,1974,0.82,0.17,0
9,1974,0.82,0.17,0
9,1974,0.82,0.17,0
9,1974,0.82,0.17,0
9,1974,0.82,0.17,0
9,1974,0.82,0.17,0
9,1974,0.82,0.17,0
9,1974,0.82,0.17,0
10,1974,0.49,-0.17,0
10,1974,0.49,-0.17,0
10,1974,0.49,-0.17,0
10,1974,0.49,-0.17,0
10,1974,0.49,-0.17,0
10,1974,0.49,-0.17,0
10,1974,0.49,-0.17,0
10,1974,0.49,-0.17,0
10,1974,0.49,-0.17,0
10,1974,0.49,-0.17,0
10,1974,0.49,-0.17,0
10,1974,0.49,-0.17,0
10,1974,0.49,-0.17,0
10,1974,0.49,-0.17,0
10,1974,0.49,-0.17,0
10,1974,0.49,-0.17,0
10,1974,0.49,-0.17,0
10,1974,0.49,-0.17,0
10,1974,0.49,-0.17,0
10,1974,0.49,-0.17,0
10,1974,0.49,-0.17,0
10,1974,0.49,-0.17,0
10,1974,0.49,-0.17,0
10,1974,0.49,-0.17,0
10,1974,0.49,-0.17,0
10,1974,0.49,-0.17,0
10,1974,0.49,-0.17,0
10,1974,0.49,-0.17,0
10,1974,0.49,-0.17,0
10,1974,0.49,-0.17,0
10,1974,0.49,-0.17,0
11,1974,-0.54,-0.17,0
11,1974,-0.54,-0.17,0
11,1974,-0.54,-0.17,0
11,1974,-0.54,-0.17,0
11,1974,-0.54,-0.17,0
11,1974,-0.54,-0.17,0
11,1974,-0.54,-0.17,0
11,1974,-0.54,-0.17,0
11,1974,-0.54,-0.17,0
11,1974,-0.54,-0.17,0
11,1974,-0.54,-0.17,0
11,1974,-0.54,-0.17,0
11,1974,-0.54,-0.17,0
11,1974,-0.54,-0.17,0
11,1974,-0.54,-0.17,0
11,1974,-0.54,-0.17,0
11,1974,-0.54,-0.17,0
11,1974,-0.54,-0.17,0
11,1974,-0.54,-0.17,0
11,1974,-0.54,-0.17,0
11,1974,-0.54,-0.17,0
11,1974,-0.54,-0.17,0
11,1974,-0.54,-0.17,0
11,1974,-0.54,-0.17,0
11,1974,-0.54,-0.17,0
11,1974,-0.54,-0.17,0
11,1974,-0.54,-0.17,0
11,1974,-0.54,-0.17,0
11,1974,-0.54,-0.17,0
11,1974,-0.54,-0.17,0
12,1974,1.5,-0.17,0
12,1974,1.5,-0.17,0
12,1974,1.5,-0.17,0
12,1974,1.5,-0.17,0
12,1974,1.5,-0.17,0
12,1974,1.5,-0.17,0
12,1974,1.5,-0.17,0
12,1974,1.5,-0.17,0
12,1974,1.5,-0.17,0
12,1974,1.5,-0.17,0
12,1974,1.5,-0.17,0
12,1974,1.5,-0.17,0
12,1974,1.5,-0.17,0
12,1974,1.5,-0.17,0
12,1974,1.5,-0.17,0
12,1974,1.5,-0.17,0
12,1974,1.5,-0.17,0
12,1974,1.5,-0.17,0
12,1974,1.5,-0.17,0
12,1974,1.5,-0.17,0
12,1974,1.5,-0.17,0
12,1974,1.5,-0.17,0
12,1974,1.5,-0.17,0
12,1974,1.5,-0.17,0
12,1974,1.5,-0.17,0
12,1974,1.5,-0.17,0
12,1974,1.5,-0.17,0
12,1974,1.5,-0.17,0
12,1974,1.5,-0.17,0
12,1974,1.5,-0.17,0
12,1974,1.5,-0.17,0
1,1975,0.58,-0.17,0
1,1975,0.58,-0.17,0
1,1975,0.58,-0.17,0
1,1975,0.58,-0.17,0
1,1975,0.58,-0.17,0
1,1975,0.58,-0.17,0
1,1975,0.58,-0.17,0
1,1975,0.58,-0.17,0
1,1975,0.58,-0.17,0
1,1975,0.58,-0.17,0
1,1975,0.58,-0.17,0
1,1975,0.58,-0.17,0
1,1975,0.58,-0.17,0
1,1975,0.58,-0.17,0
1,1975,0.58,-0.17,0
1,1975,0.58,-0.17,0
1,1975,0.58,-0.17,0
1,1975,0.58,-0.17,0
1,1975,0.58,-0.17,0
1,1975,0.58,-0.17,0
1,1975,0.58,-0.17,0
1,1975,0.58,-0.17,0
1,1975,0.58,-0.17,0
1,1975,0.58,-0.17,0
1,1975,0.58,-0.17,0
1,1975,0.58,-0.17,0
1,1975,0.58,-0.17,0
1,1975,0.58,-0.17,0
1,1975,0.58,-0.17,0
1,1975,0.58,-0.17,0
1,1975,0.58,-0.17,0
2,1975,-0.62,-0.17,0
2,1975,-0.62,-0.17,0
2,1975,-0.62,-0.17,0
2,1975,-0.62,-0.17,0
2,1975,-0.62,-0.17,0
2,1975,-0.62,-0.17,0
2,1975,-0.62,-0.17,0
2,1975,-0.62,-0.17,0
2,1975,-0.62,-0.17,0
2,1975,-0.62,-0.17,0
2,1975,-0.62,-0.17,0
2,1975,-0.62,-0.17,0
2,1975,-0.62,-0.17,0
2,1975,-0.62,-0.17,0
2,1975,-0.62,-0.17,0
2,1975,-0.62,-0.17,0
2,1975,-0.62,-0.17,0
2,1975,-0.62,-0.17,0
2,1975,-0.62,-0.17,0
2,1975,-0.62,-0.17,0
2,1975,-0.62,-0.17,0
2,1975,-0.62,-0.17,0
2,1975,-0.62,-0.17,0
2,1975,-0.62,-0.17,0
2,1975,-0.62,-0.17,0
2,1975,-0.62,-0.17,0
2,1975,-0.62,-0.17,0
2,1975,-0.62,-0.17,0
3,1975,-0.61,-0.17,0
3,1975,-0.61,-0.17,0
3,1975,-0.61,-0.17,0
3,1975,-0.61,-0.17,0
3,1975,-0.61,-0.17,0
3,1975,-0.61,-0.17,0
3,1975,-0.61,-0.17,0
3,1975,-0.61,-0.17,0
3,1975,-0.61,-0.17,0
3,1975,-0.61,-0.17,0
3,1975,-0.61,-0.17,0
3,1975,-0.61,-0.17,0
3,1975,-0.61,-0.17,0
3,1975,-0.61,-0.17,0
3,1975,-0.61,-0.17,0
3,1975,-0.61,-0.17,0
3,1975,-0.61,-0.17,0
3,1975,-0.61,-0.17,0
3,1975,-0.61,-0.17,0
3,1975,-0.61,-0.17,0
3,1975,-0.61,-0.17,0
3,1975,-0.61,-0.17,0
3,1975,-0.61,-0.17,0
3,1975,-0.61,-0.17,0
3,1975,-0.61,-0.17,0
3,1975,-0.61,-0.17,0
3,1975,-0.61,-0.17,0
3,1975,-0.61,-0.17,0
3,1975,-0.61,-0.17,0
3,1975,-0.61,-0.17,0
3,1975,-0.61,-0.17,0
4,1975,-1.6,-0.17,0
4,1975,-1.6,-0.17,0
4,1975,-1.6,-0.17,0
4,1975,-1.6,-0.17,0
4,1975,-1.6,-0.17,0
4,1975,-1.6,-0.17,0
4,1975,-1.6,-0.17,0
4,1975,-1.6,-0.17,0
4,1975,-1.6,-0.17,0
4,1975,-1.6,-0.17,0
4,1975,-1.6,-0.17,0
4,1975,-1.6,-0.17,0
4,1975,-1.6,-0.17,0
4,1975,-1.6,-0.17,0
4,1975,-1.6,-0.17,0
4,1975,-1.6,-0.17,0
4,1975,-1.6,-0.17,0
4,1975,-1.6,-0.17,0
4,1975,-1.6,-0.17,0
4,1975,-1.6,-0.17,0
4,1975,-1.6,-0.17,0
4,1975,-1.6,-0.17,0
4,1975,-1.6,-0.17,0
4,1975,-1.6,-0.17,0
4,1975,-1.6,-0.17,0
4,1975,-1.6,-0.17,0
4,1975,-1.6,-0.17,0
4,1975,-1.6,-0.17,0
4,1975,-1.6,-0.17,0
4,1975,-1.6,-0.17,0
5,1975,-0.52,-0.17,0
5,1975,-0.52,-0.17,0
5,1975,-0.52,-0.17,0
5,1975,-0.52,-0.17,0
5,1975,-0.52,-0.17,0
5,1975,-0.52,-0.17,0
5,1975,-0.52,-0.17,0
5,1975,-0.52,-0.17,0
5,1975,-0.52,-0.17,0
5,1975,-0.52,-0.17,0
5,1975,-0.52,-0.17,0
5,1975,-0.52,-0.17,0
5,1975,-0.52,-0.17,0
5,1975,-0.52,-0.17,0
5,1975,-0.52,-0.17,0
5,1975,-0.52,-0.17,0
5,1975,-0.52,-0.17,0
5,1975,-0.52,-0.17,0
5,1975,-0.52,-0.17,0
5,1975,-0.52,-0.17,0
5,1975,-0.52,-0.17,0
5,1975,-0.52,-0.17,0
5,1975,-0.52,-0.17,0
5,1975,-0.52,-0.17,0
5,1975,-0.52,-0.17,0
5,1975,-0.52,-0.17,0
5,1975,-0.52,-0.17,0
5,1975,-0.52,-0.17,0
5,1975,-0.52,-0.17,0
5,1975,-0.52,-0.17,0
5,1975,-0.52,-0.17,0
6,1975,-0.84,-0.17,0
6,1975,-0.84,-0.17,0
6,1975,-0.84,-0.17,0
6,1975,-0.84,-0.17,0
6,1975,-0.84,-0.17,0
6,1975,-0.84,-0.17,0
6,1975,-0.84,-0.17,0
6,1975,-0.84,-0.17,0
6,1975,-0.84,-0.17,0
6,1975,-0.84,-0.17,0
6,1975,-0.84,-0.17,0
6,1975,-0.84,-0.17,0
6,1975,-0.84,-0.17,0
6,1975,-0.84,-0.17,0
6,1975,-0.84,-0.17,0
6,1975,-0.84,-0.17,0
6,1975,-0.84,-0.17,0
6,1975,-0.84,-0.17,0
6,1975,-0.84,-0.17,0
6,1975,-0.84,-0.17,0
6,1975,-0.84,-0.17,0
6,1975,-0.84,-0.17,0
6,1975,-0.84,-0.17,0
6,1975,-0.84,-0.17,0
6,1975,-0.84,-0.17,0
6,1975,-0.84,-0.17,0
6,1975,-0.84,-0.17,0
6,1975,-0.84,-0.17,0
6,1975,-0.84,-0.17,0
6,1975,-0.84,-0.17,0
7,1975,1.55,-0.17,0
7,1975,1.55,-0.17,0
7,1975,1.55,-0.17,0
7,1975,1.55,-0.17,0
7,1975,1.55,-0.17,0
7,1975,1.55,-0.17,0
7,1975,1.55,-0.17,0
7,1975,1.55,-0.17,0
7,1975,1.55,-0.17,0
7,1975,1.55,-0.17,0
7,1975,1.55,-0.17,0
7,1975,1.55,-0.17,0
7,1975,1.55,-0.17,0
7,1975,1.55,-0.17,0
7,1975,1.55,-0.17,0
7,1975,1.55,-0.17,0
7,1975,1.55,-0.17,0
7,1975,1.55,-0.17,0
7,1975,1.55,-0.17,0
7,1975,1.55,-0.17,0
7,1975,1.55,-0.17,0
7,1975,1.55,-0.17,0
7,1975,1.55,-0.17,0
7,1975,1.55,-0.17,0
7,1975,1.55,-0.17,0
7,1975,1.55,-0.17,0
7,1975,1.55,-0.17,0
7,1975,1.55,-0.17,0
7,1975,1.55,-0.17,0
7,1975,1.55,-0.17,0
8,1975,-0.26,-0.17,0
8,1975,-0.26,-0.17,0
8,1975,-0.26,-0.17,0
8,1975,-0.26,-0.17,0
8,1975,-0.26,-0.17,0
8,1975,-0.26,-0.17,0
8,1975,-0.26,-0.17,0
8,1975,-0.26,-0.17,0
8,1975,-0.26,-0.17,0
8,1975,-0.26,-0.17,0
8,1975,-0.26,-0.17,0
8,1975,-0.26,-0.17,0
8,1975,-0.26,-0.17,0
8,1975,-0.26,-0.17,0
8,1975,-0.26,-0.17,0
8,1975,-0.26,-0.17,0
8,1975,-0.26,-0.17,0
8,1975,-0.26,-0.17,0
8,1975,-0.26,-0.17,0
8,1975,-0.26,-0.17,0
8,1975,-0.26,-0.17,0
8,1975,-0.26,-0.17,0
8,1975,-0.26,-0.17,0
8,1975,-0.26,-0.17,0
8,1975,-0.26,-0.17,0
8,1975,-0.26,-0.17,0
8,1975,-0.26,-0.17,0
8,1975,-0.26,-0.17,0
8,1975,-0.26,-0.17,0
8,1975,-0.26,-0.17,0
9,1975,1.56,-0.17,0
9,1975,1.56,-0.17,0
9,1975,1.56,-0.17,0
9,1975,1.56,-0.17,0
9,1975,1.56,-0.17,0
9,1975,1.56,-0.17,0
9,1975,1.56,-0.17,0
9,1975,1.56,-0.17,0
9,1975,1.56,-0.17,0
9,1975,1.56,-0.17,0
9,1975,1.56,-0.17,0
9,1975,1.56,-0.17,0
9,1975,1.56,-0.17,0
9,1975,1.56,-0.17,0
9,1975,1.56,-0.17,0
9,1975,1.56,-0.17,0
9,1975,1.56,-0.17,0
9,1975,1.56,-0.17,0
9,1975,1.56,-0.17,0
9,1975,1.56,-0.17,0
9,1975,1.56,-0.17,0
9,1975,1.56,-0.17,0
9,1975,1.56,-0.17,0
9,1975,1.56,-0.17,0
9,1975,1.56,-0.17,0
9,1975,1.56,-0.17,0
9,1975,1.56,-0.17,0
9,1975,1.56,-0.17,0
9,1975,1.56,-0.17,0
9,1975,1.56,-0.17,0
10,1975,-0.54,-0.17,0
10,1975,-0.54,-0.17,0
10,1975,-0.54,-0.17,0
10,1975,-0.54,-0.17,0
10,1975,-0.54,-0.17,0
10,1975,-0.54,-0.17,0
10,1975,-0.54,-0.17,0
10,1975,-0.54,-0.17,0
10,1975,-0.54,-0.17,0
10,1975,-0.54,-0.17,0
10,1975,-0.54,-0.17,0
10,1975,-0.54,-0.17,0
10,1975,-0.54,-0.17,0
10,1975,-0.54,-0.17,0
10,1975,-0.54,-0.17,0
10,1975,-0.54,-0.17,0
10,1975,-0.54,-0.17,0
10,1975,-0.54,-0.17,0
10,1975,-0.54,-0.17,0
10,1975,-0.54,-0.17,0
10,1975,-0.54,-0.17,0
10,1975,-0.54,-0.17,0
10,1975,-0.54,-0.17,0
10,1975,-0.54,-0.17,0
10,1975,-0.54,-0.17,0
10,1975,-0.54,-0.17,0
10,1975,-0.54,-0.17,0
10,1975,-0.54,-0.17,0
10,1975,-0.54,-0.17,0
10,1975,-0.54,-0.17,0
10,1975,-0.54,-0.17,0
11,1975,0.41,-0.17,0
11,1975,0.41,-0.17,0
11,1975,0.41,-0.17,0
11,1975,0.41,-0.17,0
11,1975,0.41,-0.17,0
11,1975,0.41,-0.17,0
11,1975,0.41,-0.17,0
11,1975,0.41,-0.17,0
11,1975,0.41,-0.17,0
11,1975,0.41,-0.17,0
11,1975,0.41,-0.17,0
11,1975,0.41,-0.17,0
11,1975,0.41,-0.17,0
11,1975,0.41,-0.17,0
11,1975,0.41,-0.17,0
11,1975,0.41,-0.17,0
11,1975,0.41,-0.17,0
11,1975,0.41,-0.17,0
11,1975,0.41,-0.17,0
11,1975,0.41,-0.17,0
11,1975,0.41,-0.17,0
11,1975,0.41,-0.17,0
11,1975,0.41,-0.17,0
11,1975,0.41,-0.17,0
11,1975,0.41,-0.17,0
11,1975,0.41,-0.17,0
11,1975,0.41,-0.17,0
11,1975,0.41,-0.17,0
11,1975,0.41,-0.17,0
11,1975,0.41,-0.17,0
12,1975,0,-0.17,0
12,1975,0,-0.17,0
12,1975,0,-0.17,0
12,1975,0,-0.17,0
12,1975,0,-0.17,0
12,1975,0,-0.17,0
12,1975,0,-0.17,0
12,1975,0,-0.17,0
12,1975,0,-0.17,0
12,1975,0,-0.17,0
12,1975,0,-0.17,0
12,1975,0,-0.17,0
12,1975,0,-0.17,0
12,1975,0,-0.17,0
12,1975,0,-0.17,0
12,1975,0,-0.17,0
12,1975,0,-0.17,0
12,1975,0,-0.17,0
12,1975,0,-0.17,0
12,1975,0,-0.17,0
12,1975,0,-0.17,0
12,1975,0,-0.17,0
12,1975,0,-0.17,0
12,1975,0,-0.17,0
12,1975,0,-0.17,0
12,1975,0,-0.17,0
12,1975,0,-0.17,0
12,1975,0,-0.17,0
12,1975,0,-0.17,0
12,1975,0,-0.17,0
12,1975,0,-0.17,0
1,1976,-0.25,-0.17,0
1,1976,-0.25,-0.17,0
1,1976,-0.25,-0.17,0
1,1976,-0.25,-0.17,0
1,1976,-0.25,-0.17,0
1,1976,-0.25,-0.17,0
1,1976,-0.25,-0.17,0
1,1976,-0.25,-0.17,0
1,1976,-0.25,-0.17,0
1,1976,-0.25,-0.17,0
1,1976,-0.25,-0.17,0
1,1976,-0.25,-0.17,0
1,1976,-0.25,-0.17,0
1,1976,-0.25,-0.17,0
1,1976,-0.25,-0.17,0
1,1976,-0.25,-0.17,0
1,1976,-0.25,-0.17,0
1,1976,-0.25,-0.17,0
1,1976,-0.25,-0.17,0
1,1976,-0.25,-0.17,0
1,1976,-0.25,-0.17,0
1,1976,-0.25,-0.17,0
1,1976,-0.25,-0.17,0
1,1976,-0.25,-0.17,0
1,1976,-0.25,-0.17,0
1,1976,-0.25,-0.17,0
1,1976,-0.25,-0.17,0
1,1976,-0.25,-0.17,0
1,1976,-0.25,-0.17,0
1,1976,-0.25,-0.17,0
1,1976,-0.25,-0.17,0
2,1976,0.93,-0.17,0
2,1976,0.93,-0.17,0
2,1976,0.93,-0.17,0
2,1976,0.93,-0.17,0
2,1976,0.93,-0.17,0
2,1976,0.93,-0.17,0
2,1976,0.93,-0.17,0
2,1976,0.93,-0.17,0
2,1976,0.93,-0.17,0
2,1976,0.93,-0.17,0
2,1976,0.93,-0.17,0
2,1976,0.93,-0.17,0
2,1976,0.93,-0.17,0
2,1976,0.93,-0.17,0
2,1976,0.93,-0.17,0
2,1976,0.93,-0.17,0
2,1976,0.93,-0.17,0
2,1976,0.93,-0.17,0
2,1976,0.93,-0.17,0
2,1976,0.93,-0.17,0
2,1976,0.93,-0.17,0
2,1976,0.93,-0.17,0
2,1976,0.93,-0.17,0
2,1976,0.93,-0.17,0
2,1976,0.93,-0.17,0
2,1976,0.93,-0.17,0
2,1976,0.93,-0.17,0
2,1976,0.93,-0.17,0
2,1976,0.93,-0.17,0
3,1976,0.75,-0.16,0
3,1976,0.75,-0.16,0
3,1976,0.75,-0.16,0
3,1976,0.75,-0.16,0
3,1976,0.75,-0.16,0
3,1976,0.75,-0.16,0
3,1976,0.75,-0.16,0
3,1976,0.75,-0.16,0
3,1976,0.75,-0.16,0
3,1976,0.75,-0.16,0
3,1976,0.75,-0.16,0
3,1976,0.75,-0.16,0
3,1976,0.75,-0.16,0
3,1976,0.75,-0.16,0
3,1976,0.75,-0.16,0
3,1976,0.75,-0.16,0
3,1976,0.75,-0.16,0
3,1976,0.75,-0.16,0
3,1976,0.75,-0.16,0
3,1976,0.75,-0.16,0
3,1976,0.75,-0.16,0
3,1976,0.75,-0.16,0
3,1976,0.75,-0.16,0
3,1976,0.75,-0.16,0
3,1976,0.75,-0.16,0
3,1976,0.75,-0.16,0
3,1976,0.75,-0.16,0
3,1976,0.75,-0.16,0
3,1976,0.75,-0.16,0
3,1976,0.75,-0.16,0
3,1976,0.75,-0.16,0
4,1976,0.26,-0.16,0
4,1976,0.26,-0.16,0
4,1976,0.26,-0.16,0
4,1976,0.26,-0.16,0
4,1976,0.26,-0.16,0
4,1976,0.26,-0.16,0
4,1976,0.26,-0.16,0
4,1976,0.26,-0.16,0
4,1976,0.26,-0.16,0
4,1976,0.26,-0.16,0
4,1976,0.26,-0.16,0
4,1976,0.26,-0.16,0
4,1976,0.26,-0.16,0
4,1976,0.26,-0.16,0
4,1976,0.26,-0.16,0
4,1976,0.26,-0.16,0
4,1976,0.26,-0.16,0
4,1976,0.26,-0.16,0
4,1976,0.26,-0.16,0
4,1976,0.26,-0.16,0
4,1976,0.26,-0.16,0
4,1976,0.26,-0.16,0
4,1976,0.26,-0.16,0
4,1976,0.26,-0.16,0
4,1976,0.26,-0.16,0
4,1976,0.26,-0.16,0
4,1976,0.26,-0.16,0
4,1976,0.26,-0.16,0
4,1976,0.26,-0.16,0
4,1976,0.26,-0.16,0
5,1976,0.96,-0.16,0
5,1976,0.96,-0.16,0
5,1976,0.96,-0.16,0
5,1976,0.96,-0.16,0
5,1976,0.96,-0.16,0
5,1976,0.96,-0.16,0
5,1976,0.96,-0.16,0
5,1976,0.96,-0.16,0
5,1976,0.96,-0.16,0
5,1976,0.96,-0.16,0
5,1976,0.96,-0.16,0
5,1976,0.96,-0.16,0
5,1976,0.96,-0.16,0
5,1976,0.96,-0.16,0
5,1976,0.96,-0.16,0
5,1976,0.96,-0.16,0
5,1976,0.96,-0.16,0
5,1976,0.96,-0.16,0
5,1976,0.96,-0.16,0
5,1976,0.96,-0.16,0
5,1976,0.96,-0.16,0
5,1976,0.96,-0.16,0
5,1976,0.96,-0.16,0
5,1976,0.96,-0.16,0
5,1976,0.96,-0.16,0
5,1976,0.96,-0.16,0
5,1976,0.96,-0.16,0
5,1976,0.96,-0.16,0
5,1976,0.96,-0.16,0
5,1976,0.96,-0.16,0
5,1976,0.96,-0.16,0
6,1976,0.8,-0.16,0
6,1976,0.8,-0.16,0
6,1976,0.8,-0.16,0
6,1976,0.8,-0.16,0
6,1976,0.8,-0.16,0
6,1976,0.8,-0.16,0
6,1976,0.8,-0.16,0
6,1976,0.8,-0.16,0
6,1976,0.8,-0.16,0
6,1976,0.8,-0.16,0
6,1976,0.8,-0.16,0
6,1976,0.8,-0.16,0
6,1976,0.8,-0.16,0
6,1976,0.8,-0.16,0
6,1976,0.8,-0.16,0
6,1976,0.8,-0.16,0
6,1976,0.8,-0.16,0
6,1976,0.8,-0.16,0
6,1976,0.8,-0.16,0
6,1976,0.8,-0.16,0
6,1976,0.8,-0.16,0
6,1976,0.8,-0.16,0
6,1976,0.8,-0.16,0
6,1976,0.8,-0.16,0
6,1976,0.8,-0.16,0
6,1976,0.8,-0.16,0
6,1976,0.8,-0.16,0
7,1976,-0.32,-0.16,0
7,1976,-0.32,-0.16,0
7,1976,-0.32,-0.16,0
7,1976,-0.32,-0.16,0
7,1976,-0.32,-0.16,0
7,1976,-0.32,-0.16,0
7,1976,-0.32,-0.16,0
7,1976,-0.32,-0.16,0
7,1976,-0.32,-0.16,0
7,1976,-0.32,-0.16,0
7,1976,-0.32,-0.16,0
7,1976,-0.32,-0.16,0
7,1976,-0.32,-0.16,0
7,1976,-0.32,-0.16,0
7,1976,-0.32,-0.16,0
7,1976,-0.32,-0.16,0
7,1976,-0.32,-0.16,0
7,1976,-0.32,-0.16,0
7,1976,-0.32,-0.16,0
7,1976,-0.32,-0.16,0
7,1976,-0.32,-0.16,0
7,1976,-0.32,-0.16,0
7,1976,-0.32,-0.16,0
7,1976,-0.32,-0.16,0
7,1976,-0.32,-0.16,0
7,1976,-0.32,-0.16,0
7,1976,-0.32,-0.16,0
7,1976,-0.32,-0.16,0
7,1976,-0.32,-0.16,0
7,1976,-0.32,-0.16,0
7,1976,-0.32,-0.16,0
8,1976,1.92,-0.16,0
8,1976,1.92,-0.16,0
8,1976,1.92,-0.16,0
8,1976,1.92,-0.16,0
8,1976,1.92,-0.16,0
8,1976,1.92,-0.16,0
8,1976,1.92,-0.16,0
8,1976,1.92,-0.16,0
8,1976,1.92,-0.16,0
8,1976,1.92,-0.16,0
8,1976,1.92,-0.16,0
8,1976,1.92,-0.16,0
8,1976,1.92,-0.16,0
8,1976,1.92,-0.16,0
8,1976,1.92,-0.16,0
8,1976,1.92,-0.16,0
8,1976,1.92,-0.16,0
8,1976,1.92,-0.16,0
8,1976,1.92,-0.16,0
8,1976,1.92,-0.16,0
8,1976,1.92,-0.16,0
8,1976,1.92,-0.16,0
8,1976,1.92,-0.16,0
8,1976,1.92,-0.16,0
8,1976,1.92,-0.16,0
8,1976,1.92,-0.16,0
8,1976,1.92,-0.16,0
8,1976,1.92,-0.16,0
8,1976,1.92,-0.16,0
8,1976,1.92,-0.16,0
8,1976,1.92,-0.16,0
9,1976,-1.29,-0.16,0
9,1976,-1.29,-0.16,0
9,1976,-1.29,-0.16,0
9,1976,-1.29,-0.16,0
9,1976,-1.29,-0.16,0
9,1976,-1.29,-0.16,0
9,1976,-1.29,-0.16,0
9,1976,-1.29,-0.16,0
9,1976,-1.29,-0.16,0
9,1976,-1.29,-0.16,0
9,1976,-1.29,-0.16,0
9,1976,-1.29,-0.16,0
9,1976,-1.29,-0.16,0
9,1976,-1.29,-0.16,0
9,1976,-1.29,-0.16,0
9,1976,-1.29,-0.16,0
9,1976,-1.29,-0.16,0
9,1976,-1.29,-0.16,0
9,1976,-1.29,-0.16,0
9,1976,-1.29,-0.16,0
9,1976,-1.29,-0.16,0
9,1976,-1.29,-0.16,0
9,1976,-1.29,-0.16,0
9,1976,-1.29,-0.16,0
9,1976,-1.29,-0.16,0
9,1976,-1.29,-0.16,0
10,1976,-0.08,-0.16,0
10,1976,-0.08,-0.16,0
10,1976,-0.08,-0.16,0
10,1976,-0.08,-0.16,0
10,1976,-0.08,-0.16,0
10,1976,-0.08,-0.16,0
10,1976,-0.08,-0.16,0
10,1976,-0.08,-0.16,0
10,1976,-0.08,-0.16,0
10,1976,-0.08,-0.16,0
10,1976,-0.08,-0.16,0
10,1976,-0.08,-0.16,0
10,1976,-0.08,-0.16,0
10,1976,-0.08,-0.16,0
10,1976,-0.08,-0.16,0
10,1976,-0.08,-0.16,0
10,1976,-0.08,-0.16,0
10,1976,-0.08,-0.16,0
10,1976,-0.08,-0.16,0
10,1976,-0.08,-0.16,0
10,1976,-0.08,-0.16,0
10,1976,-0.08,-0.16,0
10,1976,-0.08,-0.16,0
10,1976,-0.08,-0.16,0
10,1976,-0.08,-0.16,0
10,1976,-0.08,-0.16,0
10,1976,-0.08,-0.16,0
10,1976,-0.08,-0.16,0
10,1976,-0.08,-0.16,0
10,1976,-0.08,-0.16,0
10,1976,-0.08,-0.16,0
11,1976,0.17,-0.16,0
11,1976,0.17,-0.16,0
11,1976,0.17,-0.16,0
11,1976,0.17,-0.16,0
11,1976,0.17,-0.16,0
11,1976,0.17,-0.16,0
11,1976,0.17,-0.16,0
11,1976,0.17,-0.16,0
11,1976,0.17,-0.16,0
11,1976,0.17,-0.16,0
11,1976,0.17,-0.16,0
11,1976,0.17,-0.16,0
11,1976,0.17,-0.16,0
11,1976,0.17,-0.16,0
11,1976,0.17,-0.16,0
11,1976,0.17,-0.16,0
11,1976,0.17,-0.16,0
11,1976,0.17,-0.16,0
11,1976,0.17,-0.16,0
11,1976,0.17,-0.16,0
11,1976,0.17,-0.16,0
11,1976,0.17,-0.16,0
11,1976,0.17,-0.16,0
11,1976,0.17,-0.16,0
11,1976,0.17,-0.16,0
11,1976,0.17,-0.16,0
11,1976,0.17,-0.16,0
11,1976,0.17,-0.16,0
11,1976,0.17,-0.16,0
11,1976,0.17,-0.16,0
12,1976,-1.6,-0.16,0
12,1976,-1.6,-0.16,0
12,1976,-1.6,-0.16,0
12,1976,-1.6,-0.16,0
12,1976,-1.6,-0.16,0
12,1976,-1.6,-0.16,0
12,1976,-1.6,-0.16,0
12,1976,-1.6,-0.16,0
12,1976,-1.6,-0.16,0
12,1976,-1.6,-0.16,0
12,1976,-1.6,-0.16,0
12,1976,-1.6,-0.16,0
12,1976,-1.6,-0.16,0
12,1976,-1.6,-0.16,0
12,1976,-1.6,-0.16,0
12,1976,-1.6,-0.16,0
12,1976,-1.6,-0.16,0
12,1976,-1.6,-0.16,0
12,1976,-1.6,-0.16,0
12,1976,-1.6,-0.16,0
12,1976,-1.6,-0.16,0
12,1976,-1.6,-0.16,0
12,1976,-1.6,-0.16,0
12,1976,-1.6,-0.16,0
12,1976,-1.6,-0.16,0
12,1976,-1.6,-0.16,0
12,1976,-1.6,-0.16,0
12,1976,-1.6,-0.16,0
12,1976,-1.6,-0.16,0
12,1976,-1.6,-0.16,0
12,1976,-1.6,-0.16,0
1,1977,-1.04,-0.16,0
1,1977,-1.04,-0.16,0
1,1977,-1.04,-0.16,0
1,1977,-1.04,-0.16,0
1,1977,-1.04,-0.16,0
1,1977,-1.04,-0.16,0
1,1977,-1.04,-0.16,0
1,1977,-1.04,-0.16,0
1,1977,-1.04,-0.16,0
1,1977,-1.04,-0.16,0
1,1977,-1.04,-0.16,0
1,1977,-1.04,-0.16,0
1,1977,-1.04,-0.16,0
1,1977,-1.04,-0.16,0
1,1977,-1.04,-0.16,0
1,1977,-1.04,-0.16,0
1,1977,-1.04,-0.16,0
1,1977,-1.04,-0.16,0
1,1977,-1.04,-0.16,0
1,1977,-1.04,-0.16,0
1,1977,-1.04,-0.16,0
1,1977,-1.04,-0.16,0
1,1977,-1.04,-0.16,0
1,1977,-1.04,-0.16,0
1,1977,-1.04,-0.16,0
1,1977,-1.04,-0.16,0
1,1977,-1.04,-0.16,0
1,1977,-1.04,-0.16,0
1,1977,-1.04,-0.16,0
1,1977,-1.04,-0.16,0
1,1977,-1.04,-0.16,0
2,1977,-0.49,-0.16,0
2,1977,-0.49,-0.16,0
2,1977,-0.49,-0.16,0
2,1977,-0.49,-0.16,0
2,1977,-0.49,-0.16,0
2,1977,-0.49,-0.16,0
2,1977,-0.49,-0.16,0
2,1977,-0.49,-0.16,0
2,1977,-0.49,-0.16,0
2,1977,-0.49,-0.16,0
2,1977,-0.49,-0.16,0
2,1977,-0.49,-0.16,0
2,1977,-0.49,-0.16,0
2,1977,-0.49,-0.16,0
2,1977,-0.49,-0.16,0
2,1977,-0.49,-0.16,0
2,1977,-0.49,-0.16,0
2,1977,-0.49,-0.16,0
2,1977,-0.49,-0.16,0
2,1977,-0.49,-0.16,0
2,1977,-0.49,-0.16,0
2,1977,-0.49,-0.16,0
2,1977,-0.49,-0.16,0
2,1977,-0.49,-0.16,0
2,1977,-0.49,-0.16,0
2,1977,-0.49,-0.16,0
2,1977,-0.49,-0.16,0
2,1977,-0.49,-0.16,0
3,1977,-0.81,-0.15,0
3,1977,-0.81,-0.15,0
3,1977,-0.81,-0.15,0
3,1977,-0.81,-0.15,0
3,1977,-0.81,-0.15,0
3,1977,-0.81,-0.15,0
3,1977,-0.81,-0.15,0
3,1977,-0.81,-0.15,0
3,1977,-0.81,-0.15,0
3,1977,-0.81,-0.15,0
3,1977,-0.81,-0.15,0
3,1977,-0.81,-0.15,0
3,1977,-0.81,-0.15,0
3,1977,-0.81,-0.15,0
3,1977,-0.81,-0.15,0
3,1977,-0.81,-0.15,0
3,1977,-0.81,-0.15,0
3,1977,-0.81,-0.15,0
3,1977,-0.81,-0.15,0
3,1977,-0.81,-0.15,0
3,1977,-0.81,-0.15,0
3,1977,-0.81,-0.15,0
3,1977,-0.81,-0.15,0
3,1977,-0.81,-0.15,0
3,1977,-0.81,-0.15,0
3,1977,-0.81,-0.15,0
3,1977,-0.81,-0.15,0
3,1977,-0.81,-0.15,0
3,1977,-0.81,-0.15,0
3,1977,-0.81,-0.15,0
3,1977,-0.81,-0.15,0
4,1977,0.65,-0.15,0
4,1977,0.65,-0.15,0
4,1977,0.65,-0.15,0
4,1977,0.65,-0.15,0
4,1977,0.65,-0.15,0
4,1977,0.65,-0.15,0
4,1977,0.65,-0.15,0
4,1977,0.65,-0.15,0
4,1977,0.65,-0.15,0
4,1977,0.65,-0.15,0
4,1977,0.65,-0.15,0
4,1977,0.65,-0.15,0
4,1977,0.65,-0.15,0
4,1977,0.65,-0.15,0
4,1977,0.65,-0.15,0
4,1977,0.65,-0.15,0
4,1977,0.65,-0.15,0
4,1977,0.65,-0.15,0
4,1977,0.65,-0.15,0
4,1977,0.65,-0.15,0
4,1977,0.65,-0.15,0
4,1977,0.65,-0.15,0
4,1977,0.65,-0.15,0
4,1977,0.65,-0.15,0
4,1977,0.65,-0.15,0
4,1977,0.65,-0.15,0
4,1977,0.65,-0.15,0
4,1977,0.65,-0.15,0
4,1977,0.65,-0.15,0
4,1977,0.65,-0.15,0
5,1977,-0.86,-0.15,0
5,1977,-0.86,-0.15,0
5,1977,-0.86,-0.15,0
5,1977,-0.86,-0.15,0
5,1977,-0.86,-0.15,0
5,1977,-0.86,-0.15,0
5,1977,-0.86,-0.15,0
5,1977,-0.86,-0.15,0
5,1977,-0.86,-0.15,0
5,1977,-0.86,-0.15,0
5,1977,-0.86,-0.15,0
5,1977,-0.86,-0.15,0
5,1977,-0.86,-0.15,0
5,1977,-0.86,-0.15,0
5,1977,-0.86,-0.15,0
5,1977,-0.86,-0.15,0
5,1977,-0.86,-0.15,0
5,1977,-0.86,-0.15,0
5,1977,-0.86,-0.15,0
5,1977,-0.86,-0.15,0
5,1977,-0.86,-0.15,0
5,1977,-0.86,-0.15,0
5,1977,-0.86,-0.15,0
5,1977,-0.86,-0.15,0
5,1977,-0.86,-0.15,0
5,1977,-0.86,-0.15,0
5,1977,-0.86,-0.15,0
5,1977,-0.86,-0.15,0
5,1977,-0.86,-0.15,0
5,1977,-0.86,-0.15,0
6,1977,-0.57,-0.15,0
6,1977,-0.57,-0.15,0
6,1977,-0.57,-0.15,0
6,1977,-0.57,-0.15,0
6,1977,-0.57,-0.15,0
6,1977,-0.57,-0.15,0
6,1977,-0.57,-0.15,0
6,1977,-0.57,-0.15,0
6,1977,-0.57,-0.15,0
6,1977,-0.57,-0.15,0
6,1977,-0.57,-0.15,0
6,1977,-0.57,-0.15,0
6,1977,-0.57,-0.15,0
6,1977,-0.57,-0.15,0
6,1977,-0.57,-0.15,0
6,1977,-0.57,-0.15,0
6,1977,-0.57,-0.15,0
6,1977,-0.57,-0.15,0
6,1977,-0.57,-0.15,0
6,1977,-0.57,-0.15,0
6,1977,-0.57,-0.15,0
6,1977,-0.57,-0.15,0
6,1977,-0.57,-0.15,0
6,1977,-0.57,-0.15,0
6,1977,-0.57,-0.15,0
6,1977,-0.57,-0.15,0
6,1977,-0.57,-0.15,0
6,1977,-0.57,-0.15,0
6,1977,-0.57,-0.15,0
7,1977,-0.45,-0.15,0
7,1977,-0.45,-0.15,0
7,1977,-0.45,-0.15,0
7,1977,-0.45,-0.15,0
7,1977,-0.45,-0.15,0
7,1977,-0.45,-0.15,0
7,1977,-0.45,-0.15,0
7,1977,-0.45,-0.15,0
7,1977,-0.45,-0.15,0
7,1977,-0.45,-0.15,0
7,1977,-0.45,-0.15,0
7,1977,-0.45,-0.15,0
7,1977,-0.45,-0.15,0
7,1977,-0.45,-0.15,0
7,1977,-0.45,-0.15,0
7,1977,-0.45,-0.15,0
7,1977,-0.45,-0.15,0
7,1977,-0.45,-0.15,0
7,1977,-0.45,-0.15,0
7,1977,-0.45,-0.15,0
7,1977,-0.45,-0.15,0
7,1977,-0.45,-0.15,0
7,1977,-0.45,-0.15,0
7,1977,-0.45,-0.15,0
7,1977,-0.45,-0.15,0
7,1977,-0.45,-0.15,0
7,1977,-0.45,-0.15,0
7,1977,-0.45,-0.15,0
7,1977,-0.45,-0.15,0
7,1977,-0.45,-0.15,0
8,1977,-0.28,-0.15,0
8,1977,-0.28,-0.15,0
8,1977,-0.28,-0.15,0
8,1977,-0.28,-0.15,0
8,1977,-0.28,-0.15,0
8,1977,-0.28,-0.15,0
8,1977,-0.28,-0.15,0
8,1977,-0.28,-0.15,0
8,1977,-0.28,-0.15,0
8,1977,-0.28,-0.15,0
8,1977,-0.28,-0.15,0
8,1977,-0.28,-0.15,0
8,1977,-0.28,-0.15,0
8,1977,-0.28,-0.15,0
8,1977,-0.28,-0.15,0
8,1977,-0.28,-0.15,0
8,1977,-0.28,-0.15,0
8,1977,-0.28,-0.15,0
8,1977,-0.28,-0.15,0
8,1977,-0.28,-0.15,0
8,1977,-0.28,-0.15,0
8,1977,-0.28,-0.15,0
8,1977,-0.28,-0.15,0
8,1977,-0.28,-0.15,0
8,1977,-0.28,-0.15,0
8,1977,-0.28,-0.15,0
9,1977,0.37,-0.15,0
9,1977,0.37,-0.15,0
9,1977,0.37,-0.15,0
9,1977,0.37,-0.15,0
9,1977,0.37,-0.15,0
9,1977,0.37,-0.15,0
9,1977,0.37,-0.15,0
9,1977,0.37,-0.15,0
9,1977,0.37,-0.15,0
9,1977,0.37,-0.15,0
9,1977,0.37,-0.15,0
9,1977,0.37,-0.15,0
9,1977,0.37,-0.15,0
9,1977,0.37,-0.15,0
9,1977,0.37,-0.15,0
9,1977,0.37,-0.15,0
9,1977,0.37,-0.15,0
9,1977,0.37,-0.15,0
9,1977,0.37,-0.15,0
9,1977,0.37,-0.15,0
9,1977,0.37,-0.15,0
9,1977,0.37,-0.15,0
9,1977,0.37,-0.15,0
9,1977,0.37,-0.15,0
9,1977,0.37,-0.15,0
9,1977,0.37,-0.15,0
9,1977,0.37,-0.15,0
9,1977,0.37,-0.15,0
9,1977,0.37,-0.15,0
9,1977,0.37,-0.15,0
10,1977,0.52,-0.15,0
10,1977,0.52,-0.15,0
10,1977,0.52,-0.15,0
10,1977,0.52,-0.15,0
10,1977,0.52,-0.15,0
10,1977,0.52,-0.15,0
10,1977,0.52,-0.15,0
10,1977,0.52,-0.15,0
10,1977,0.52,-0.15,0
10,1977,0.52,-0.15,0
10,1977,0.52,-0.15,0
10,1977,0.52,-0.15,0
10,1977,0.52,-0.15,0
10,1977,0.52,-0.15,0
10,1977,0.52,-0.15,0
10,1977,0.52,-0.15,0
10,1977,0.52,-0.15,0
10,1977,0.52,-0.15,0
10,1977,0.52,-0.15,0
10,1977,0.52,-0.15,0
10,1977,0.52,-0.15,0
10,1977,0.52,-0.15,0
10,1977,0.52,-0.15,0
10,1977,0.52,-0.15,0
10,1977,0.52,-0.15,0
10,1977,0.52,-0.15,0
10,1977,0.52,-0.15,0
10,1977,0.52,-0.15,0
10,1977,0.52,-0.15,0
11,1977,-0.07,-0.15,0
11,1977,-0.07,-0.15,0
11,1977,-0.07,-0.15,0
11,1977,-0.07,-0.15,0
11,1977,-0.07,-0.15,0
11,1977,-0.07,-0.15,0
11,1977,-0.07,-0.15,0
11,1977,-0.07,-0.15,0
11,1977,-0.07,-0.15,0
11,1977,-0.07,-0.15,0
11,1977,-0.07,-0.15,0
11,1977,-0.07,-0.15,0
11,1977,-0.07,-0.15,0
11,1977,-0.07,-0.15,0
11,1977,-0.07,-0.15,0
11,1977,-0.07,-0.15,0
11,1977,-0.07,-0.15,0
11,1977,-0.07,-0.15,0
11,1977,-0.07,-0.15,0
11,1977,-0.07,-0.15,0
11,1977,-0.07,-0.15,0
11,1977,-0.07,-0.15,0
11,1977,-0.07,-0.15,0
11,1977,-0.07,-0.15,0
11,1977,-0.07,-0.15,0
11,1977,-0.07,-0.15,0
11,1977,-0.07,-0.15,0
11,1977,-0.07,-0.15,0
11,1977,-0.07,-0.15,0
11,1977,-0.07,-0.15,0
12,1977,-1,-0.15,0
12,1977,-1,-0.15,0
12,1977,-1,-0.15,0
12,1977,-1,-0.15,0
12,1977,-1,-0.15,0
12,1977,-1,-0.15,0
12,1977,-1,-0.15,0
12,1977,-1,-0.15,0
12,1977,-1,-0.15,0
12,1977,-1,-0.15,0
12,1977,-1,-0.15,0
12,1977,-1,-0.15,0
12,1977,-1,-0.15,0
12,1977,-1,-0.15,0
12,1977,-1,-0.15,0
12,1977,-1,-0.15,0
12,1977,-1,-0.15,0
12,1977,-1,-0.15,0
12,1977,-1,-0.15,0
12,1977,-1,-0.15,0
12,1977,-1,-0.15,0
12,1977,-1,-0.15,0
12,1977,-1,-0.15,0
12,1977,-1,-0.15,0
12,1977,-1,-0.15,0
12,1977,-1,-0.15,0
12,1977,-1,-0.15,0
12,1977,-1,-0.15,0
12,1977,-1,-0.15,0
12,1977,-1,-0.15,0
12,1977,-1,-0.15,0
1,1978,0.66,-0.15,0
1,1978,0.66,-0.15,0
1,1978,0.66,-0.15,0
1,1978,0.66,-0.15,0
1,1978,0.66,-0.15,0
1,1978,0.66,-0.15,0
1,1978,0.66,-0.15,0
1,1978,0.66,-0.15,0
1,1978,0.66,-0.15,0
1,1978,0.66,-0.15,0
1,1978,0.66,-0.15,0
1,1978,0.66,-0.15,0
1,1978,0.66,-0.15,0
1,1978,0.66,-0.15,0
1,1978,0.66,-0.15,0
1,1978,0.66,-0.15,0
1,1978,0.66,-0.15,0
1,1978,0.66,-0.15,0
1,1978,0.66,-0.15,0
1,1978,0.66,-0.15,0
1,1978,0.66,-0.15,0
1,1978,0.66,-0.15,0
1,1978,0.66,-0.15,0
1,1978,0.66,-0.15,0
1,1978,0.66,-0.15,0
1,1978,0.66,-0.15,0
1,1978,0.66,-0.15,0
1,1978,0.66,-0.15,0
1,1978,0.66,-0.15,0
1,1978,0.66,-0.15,0
1,1978,0.66,-0.15,0
2,1978,-2.2,-0.15,0
2,1978,-2.2,-0.15,0
2,1978,-2.2,-0.15,0
2,1978,-2.2,-0.15,0
2,1978,-2.2,-0.15,0
2,1978,-2.2,-0.15,0
2,1978,-2.2,-0.15,0
2,1978,-2.2,-0.15,0
2,1978,-2.2,-0.15,0
2,1978,-2.2,-0.15,0
2,1978,-2.2,-0.15,0
2,1978,-2.2,-0.15,0
2,1978,-2.2,-0.15,0
2,1978,-2.2,-0.15,0
2,1978,-2.2,-0.15,0
2,1978,-2.2,-0.15,0
2,1978,-2.2,-0.15,0
2,1978,-2.2,-0.15,0
2,1978,-2.2,-0.15,0
2,1978,-2.2,-0.15,0
2,1978,-2.2,-0.15,0
2,1978,-2.2,-0.15,0
2,1978,-2.2,-0.15,0
2,1978,-2.2,-0.15,0
2,1978,-2.2,-0.15,0
2,1978,-2.2,-0.15,0
2,1978,-2.2,-0.15,0
2,1978,-2.2,-0.15,0
3,1978,0.7,-0.14,0
3,1978,0.7,-0.14,0
3,1978,0.7,-0.14,0
3,1978,0.7,-0.14,0
3,1978,0.7,-0.14,0
3,1978,0.7,-0.14,0
3,1978,0.7,-0.14,0
3,1978,0.7,-0.14,0
3,1978,0.7,-0.14,0
3,1978,0.7,-0.14,0
3,1978,0.7,-0.14,0
3,1978,0.7,-0.14,0
3,1978,0.7,-0.14,0
3,1978,0.7,-0.14,0
3,1978,0.7,-0.14,0
3,1978,0.7,-0.14,0
3,1978,0.7,-0.14,0
3,1978,0.7,-0.14,0
3,1978,0.7,-0.14,0
3,1978,0.7,-0.14,0
3,1978,0.7,-0.14,0
3,1978,0.7,-0.14,0
3,1978,0.7,-0.14,0
3,1978,0.7,-0.14,0
3,1978,0.7,-0.14,0
3,1978,0.7,-0.14,0
3,1978,0.7,-0.14,0
3,1978,0.7,-0.14,0
3,1978,0.7,-0.14,0
3,1978,0.7,-0.14,0
3,1978,0.7,-0.14,0
4,1978,-1.17,-0.14,0
4,1978,-1.17,-0.14,0
4,1978,-1.17,-0.14,0
4,1978,-1.17,-0.14,0
4,1978,-1.17,-0.14,0
4,1978,-1.17,-0.14,0
4,1978,-1.17,-0.14,0
4,1978,-1.17,-0.14,0
4,1978,-1.17,-0.14,0
4,1978,-1.17,-0.14,0
4,1978,-1.17,-0.14,0
4,1978,-1.17,-0.14,0
4,1978,-1.17,-0.14,0
4,1978,-1.17,-0.14,0
4,1978,-1.17,-0.14,0
4,1978,-1.17,-0.14,0
4,1978,-1.17,-0.14,0
4,1978,-1.17,-0.14,0
4,1978,-1.17,-0.14,0
4,1978,-1.17,-0.14,0
4,1978,-1.17,-0.14,0
4,1978,-1.17,-0.14,0
4,1978,-1.17,-0.14,0
4,1978,-1.17,-0.14,0
4,1978,-1.17,-0.14,0
4,1978,-1.17,-0.14,0
4,1978,-1.17,-0.14,0
4,1978,-1.17,-0.14,0
4,1978,-1.17,-0.14,0
4,1978,-1.17,-0.14,0
5,1978,1.08,-0.14,0
5,1978,1.08,-0.14,0
5,1978,1.08,-0.14,0
5,1978,1.08,-0.14,0
5,1978,1.08,-0.14,0
5,1978,1.08,-0.14,0
5,1978,1.08,-0.14,0
5,1978,1.08,-0.14,0
5,1978,1.08,-0.14,0
5,1978,1.08,-0.14,0
5,1978,1.08,-0.14,0
5,1978,1.08,-0.14,0
5,1978,1.08,-0.14,0
5,1978,1.08,-0.14,0
5,1978,1.08,-0.14,0
5,1978,1.08,-0.14,0
5,1978,1.08,-0.14,0
5,1978,1.08,-0.14,0
5,1978,1.08,-0.14,0
5,1978,1.08,-0.14,0
5,1978,1.08,-0.14,0
5,1978,1.08,-0.14,0
5,1978,1.08,-0.14,0
5,1978,1.08,-0.14,0
5,1978,1.08,-0.14,0
5,1978,1.08,-0.14,0
5,1978,1.08,-0.14,0
5,1978,1.08,-0.14,0
5,1978,1.08,-0.14,0
5,1978,1.08,-0.14,0
5,1978,1.08,-0.14,0
6,1978,1.38,-0.14,0
6,1978,1.38,-0.14,0
6,1978,1.38,-0.14,0
6,1978,1.38,-0.14,0
6,1978,1.38,-0.14,0
6,1978,1.38,-0.14,0
6,1978,1.38,-0.14,0
6,1978,1.38,-0.14,0
6,1978,1.38,-0.14,0
6,1978,1.38,-0.14,0
6,1978,1.38,-0.14,0
6,1978,1.38,-0.14,0
6,1978,1.38,-0.14,0
6,1978,1.38,-0.14,0
6,1978,1.38,-0.14,0
6,1978,1.38,-0.14,0
6,1978,1.38,-0.14,0
6,1978,1.38,-0.14,0
6,1978,1.38,-0.14,0
6,1978,1.38,-0.14,0
6,1978,1.38,-0.14,0
6,1978,1.38,-0.14,0
6,1978,1.38,-0.14,0
6,1978,1.38,-0.14,0
6,1978,1.38,-0.14,0
6,1978,1.38,-0.14,0
6,1978,1.38,-0.14,0
6,1978,1.38,-0.14,0
6,1978,1.38,-0.14,0
6,1978,1.38,-0.14,0
7,1978,-1.14,-0.14,0
7,1978,-1.14,-0.14,0
7,1978,-1.14,-0.14,0
7,1978,-1.14,-0.14,0
7,1978,-1.14,-0.14,0
7,1978,-1.14,-0.14,0
7,1978,-1.14,-0.14,0
7,1978,-1.14,-0.14,0
7,1978,-1.14,-0.14,0
7,1978,-1.14,-0.14,0
7,1978,-1.14,-0.14,0
7,1978,-1.14,-0.14,0
7,1978,-1.14,-0.14,0
7,1978,-1.14,-0.14,0
7,1978,-1.14,-0.14,0
7,1978,-1.14,-0.14,0
7,1978,-1.14,-0.14,0
7,1978,-1.14,-0.14,0
7,1978,-1.14,-0.14,0
7,1978,-1.14,-0.14,0
7,1978,-1.14,-0.14,0
7,1978,-1.14,-0.14,0
7,1978,-1.14,-0.14,0
7,1978,-1.14,-0.14,0
7,1978,-1.14,-0.14,0
7,1978,-1.14,-0.14,0
7,1978,-1.14,-0.14,0
7,1978,-1.14,-0.14,0
7,1978,-1.14,-0.14,0
7,1978,-1.14,-0.14,0
7,1978,-1.14,-0.14,0
8,1978,0.64,-0.14,0
8,1978,0.64,-0.14,0
8,1978,0.64,-0.14,0
8,1978,0.64,-0.14,0
8,1978,0.64,-0.14,0
8,1978,0.64,-0.14,0
8,1978,0.64,-0.14,0
8,1978,0.64,-0.14,0
8,1978,0.64,-0.14,0
8,1978,0.64,-0.14,0
8,1978,0.64,-0.14,0
8,1978,0.64,-0.14,0
8,1978,0.64,-0.14,0
8,1978,0.64,-0.14,0
8,1978,0.64,-0.14,0
8,1978,0.64,-0.14,0
8,1978,0.64,-0.14,0
8,1978,0.64,-0.14,0
8,1978,0.64,-0.14,0
8,1978,0.64,-0.14,0
8,1978,0.64,-0.14,0
8,1978,0.64,-0.14,0
8,1978,0.64,-0.14,0
8,1978,0.64,-0.14,0
8,1978,0.64,-0.14,0
8,1978,0.64,-0.14,0
8,1978,0.64,-0.14,0
8,1978,0.64,-0.14,0
8,1978,0.64,-0.14,0
8,1978,0.64,-0.14,0
8,1978,0.64,-0.14,0
9,1978,0.46,0.14,0
9,1978,0.46,0.14,0
9,1978,0.46,0.14,0
9,1978,0.46,0.14,0
9,1978,0.46,0.14,0
9,1978,0.46,0.14,0
9,1978,0.46,0.14,0
9,1978,0.46,0.14,0
9,1978,0.46,0.14,0
9,1978,0.46,0.14,0
9,1978,0.46,0.14,0
9,1978,0.46,0.14,0
9,1978,0.46,0.14,0
9,1978,0.46,0.14,0
9,1978,0.46,0.14,0
9,1978,0.46,0.14,0
9,1978,0.46,0.14,0
9,1978,0.46,0.14,0
9,1978,0.46,0.14,0
9,1978,0.46,0.14,0
9,1978,0.46,0.14,0
9,1978,0.46,0.14,0
9,1978,0.46,0.14,0
9,1978,0.46,0.14,0
9,1978,0.46,0.14,0
9,1978,0.46,0.14,0
9,1978,0.46,0.14,0
9,1978,0.46,0.14,0
9,1978,0.46,0.14,0
9,1978,0.46,0.14,0
10,1978,1.93,-0.14,0
10,1978,1.93,-0.14,0
10,1978,1.93,-0.14,0
10,1978,1.93,-0.14,0
10,1978,1.93,-0.14,0
10,1978,1.93,-0.14,0
10,1978,1.93,-0.14,0
10,1978,1.93,-0.14,0
10,1978,1.93,-0.14,0
10,1978,1.93,-0.14,0
10,1978,1.93,-0.14,0
10,1978,1.93,-0.14,0
10,1978,1.93,-0.14,0
10,1978,1.93,-0.14,0
10,1978,1.93,-0.14,0
10,1978,1.93,-0.14,0
10,1978,1.93,-0.14,0
10,1978,1.93,-0.14,0
10,1978,1.93,-0.14,0
10,1978,1.93,-0.14,0
10,1978,1.93,-0.14,0
10,1978,1.93,-0.14,0
10,1978,1.93,-0.14,0
10,1978,1.93,-0.14,0
10,1978,1.93,-0.14,0
10,1978,1.93,-0.14,0
10,1978,1.93,-0.14,0
10,1978,1.93,-0.14,0
10,1978,1.93,-0.14,0
10,1978,1.93,-0.14,0
10,1978,1.93,-0.14,0
11,1978,3.04,-0.14,0
11,1978,3.04,-0.14,0
11,1978,3.04,-0.14,0
11,1978,3.04,-0.14,0
11,1978,3.04,-0.14,0
11,1978,3.04,-0.14,0
11,1978,3.04,-0.14,0
11,1978,3.04,-0.14,0
11,1978,3.04,-0.14,0
11,1978,3.04,-0.14,0
11,1978,3.04,-0.14,0
11,1978,3.04,-0.14,0
11,1978,3.04,-0.14,0
11,1978,3.04,-0.14,0
11,1978,3.04,-0.14,0
11,1978,3.04,-0.14,0
11,1978,3.04,-0.14,0
11,1978,3.04,-0.14,0
11,1978,3.04,-0.14,0
11,1978,3.04,-0.14,0
11,1978,3.04,-0.14,0
11,1978,3.04,-0.14,0
11,1978,3.04,-0.14,0
11,1978,3.04,-0.14,0
11,1978,3.04,-0.14,0
11,1978,3.04,-0.14,0
11,1978,3.04,-0.14,0
11,1978,3.04,-0.14,0
11,1978,3.04,-0.14,0
11,1978,3.04,-0.14,0
12,1978,-1.57,-0.14,0
12,1978,-1.57,-0.14,0
12,1978,-1.57,-0.14,0
12,1978,-1.57,-0.14,0
12,1978,-1.57,-0.14,0
12,1978,-1.57,-0.14,0
12,1978,-1.57,-0.14,0
12,1978,-1.57,-0.14,0
12,1978,-1.57,-0.14,0
12,1978,-1.57,-0.14,0
12,1978,-1.57,-0.14,0
12,1978,-1.57,-0.14,0
12,1978,-1.57,-0.14,0
12,1978,-1.57,-0.14,0
12,1978,-1.57,-0.14,0
12,1978,-1.57,-0.14,0
12,1978,-1.57,-0.14,0
12,1978,-1.57,-0.14,0
12,1978,-1.57,-0.14,0
12,1978,-1.57,-0.14,0
12,1978,-1.57,-0.14,0
12,1978,-1.57,-0.14,0
12,1978,-1.57,-0.14,0
12,1978,-1.57,-0.14,0
12,1978,-1.57,-0.14,0
12,1978,-1.57,-0.14,0
12,1978,-1.57,-0.14,0
12,1978,-1.57,-0.14,0
12,1978,-1.57,-0.14,0
12,1978,-1.57,-0.14,0
12,1978,-1.57,-0.14,0
1,1979,-1.38,-0.14,0
1,1979,-1.38,-0.14,0
1,1979,-1.38,-0.14,0
1,1979,-1.38,-0.14,0
1,1979,-1.38,-0.14,0
1,1979,-1.38,-0.14,0
1,1979,-1.38,-0.14,0
1,1979,-1.38,-0.14,0
1,1979,-1.38,-0.14,0
1,1979,-1.38,-0.14,0
1,1979,-1.38,-0.14,0
1,1979,-1.38,-0.14,0
1,1979,-1.38,-0.14,0
1,1979,-1.38,-0.14,0
1,1979,-1.38,-0.14,0
1,1979,-1.38,-0.14,0
1,1979,-1.38,-0.14,0
1,1979,-1.38,-0.14,0
1,1979,-1.38,-0.14,0
1,1979,-1.38,-0.14,0
1,1979,-1.38,-0.14,0
1,1979,-1.38,-0.14,0
1,1979,-1.38,-0.14,0
1,1979,-1.38,-0.14,0
1,1979,-1.38,-0.14,0
1,1979,-1.38,-0.14,0
1,1979,-1.38,-0.14,0
1,1979,-1.38,-0.14,0
1,1979,-1.38,-0.14,0
1,1979,-1.38,-0.14,0
1,1979,-1.38,-0.14,0
2,1979,-0.67,-0.14,0
2,1979,-0.67,-0.14,0
2,1979,-0.67,-0.14,0
2,1979,-0.67,-0.14,0
2,1979,-0.67,-0.14,0
2,1979,-0.67,-0.14,0
2,1979,-0.67,-0.14,0
2,1979,-0.67,-0.14,0
2,1979,-0.67,-0.14,0
2,1979,-0.67,-0.14,0
2,1979,-0.67,-0.14,0
2,1979,-0.67,-0.14,0
2,1979,-0.67,-0.14,0
2,1979,-0.67,-0.14,0
2,1979,-0.67,-0.14,0
2,1979,-0.67,-0.14,0
2,1979,-0.67,-0.14,0
2,1979,-0.67,-0.14,0
2,1979,-0.67,-0.14,0
2,1979,-0.67,-0.14,0
2,1979,-0.67,-0.14,0
2,1979,-0.67,-0.14,0
2,1979,-0.67,-0.14,0
2,1979,-0.67,-0.14,0
2,1979,-0.67,-0.14,0
2,1979,-0.67,-0.14,0
2,1979,-0.67,-0.14,0
2,1979,-0.67,-0.14,0
3,1979,0.78,-0.14,0
3,1979,0.78,-0.14,0
3,1979,0.78,-0.14,0
3,1979,0.78,-0.14,0
3,1979,0.78,-0.14,0
3,1979,0.78,-0.14,0
3,1979,0.78,-0.14,0
3,1979,0.78,-0.14,0
3,1979,0.78,-0.14,0
3,1979,0.78,-0.14,0
3,1979,0.78,-0.14,0
3,1979,0.78,-0.14,0
3,1979,0.78,-0.14,0
3,1979,0.78,-0.14,0
3,1979,0.78,-0.14,0
3,1979,0.78,-0.14,0
3,1979,0.78,-0.14,0
3,1979,0.78,-0.14,0
3,1979,0.78,-0.14,0
3,1979,0.78,-0.14,0
3,1979,0.78,-0.14,0
3,1979,0.78,-0.14,0
3,1979,0.78,-0.14,0
3,1979,0.78,-0.14,0
3,1979,0.78,-0.14,0
3,1979,0.78,-0.14,0
3,1979,0.78,-0.14,0
3,1979,0.78,-0.14,0
3,1979,0.78,-0.14,0
3,1979,0.78,-0.14,0
3,1979,0.78,-0.14,0
4,1979,-1.71,-0.14,0
4,1979,-1.71,-0.14,0
4,1979,-1.71,-0.14,0
4,1979,-1.71,-0.14,0
4,1979,-1.71,-0.14,0
4,1979,-1.71,-0.14,0
4,1979,-1.71,-0.14,0
4,1979,-1.71,-0.14,0
4,1979,-1.71,-0.14,0
4,1979,-1.71,-0.14,0
4,1979,-1.71,-0.14,0
4,1979,-1.71,-0.14,0
4,1979,-1.71,-0.14,0
4,1979,-1.71,-0.14,0
4,1979,-1.71,-0.14,0
4,1979,-1.71,-0.14,0
4,1979,-1.71,-0.14,0
4,1979,-1.71,-0.14,0
4,1979,-1.71,-0.14,0
4,1979,-1.71,-0.14,0
4,1979,-1.71,-0.14,0
4,1979,-1.71,-0.14,0
4,1979,-1.71,-0.14,0
4,1979,-1.71,-0.14,0
4,1979,-1.71,-0.14,0
4,1979,-1.71,-0.14,0
4,1979,-1.71,-0.14,0
4,1979,-1.71,-0.14,0
4,1979,-1.71,-0.14,0
4,1979,-1.71,-0.14,0
5,1979,-1.03,-0.14,0
5,1979,-1.03,-0.14,0
5,1979,-1.03,-0.14,0
5,1979,-1.03,-0.14,0
5,1979,-1.03,-0.14,0
5,1979,-1.03,-0.14,0
5,1979,-1.03,-0.14,0
5,1979,-1.03,-0.14,0
5,1979,-1.03,-0.14,0
5,1979,-1.03,-0.14,0
5,1979,-1.03,-0.14,0
5,1979,-1.03,-0.14,0
5,1979,-1.03,-0.14,0
5,1979,-1.03,-0.14,0
5,1979,-1.03,-0.14,0
5,1979,-1.03,-0.14,0
5,1979,-1.03,-0.14,0
5,1979,-1.03,-0.14,0
5,1979,-1.03,-0.14,0
5,1979,-1.03,-0.14,0
5,1979,-1.03,-0.14,0
5,1979,-1.03,-0.14,0
5,1979,-1.03,-0.14,0
5,1979,-1.03,-0.14,0
5,1979,-1.03,-0.14,0
5,1979,-1.03,-0.14,0
5,1979,-1.03,-0.14,0
5,1979,-1.03,-0.14,0
5,1979,-1.03,-0.14,0
5,1979,-1.03,-0.14,0
6,1979,1.6,-0.14,0
6,1979,1.6,-0.14,0
6,1979,1.6,-0.14,0
6,1979,1.6,-0.14,0
6,1979,1.6,-0.14,0
6,1979,1.6,-0.14,0
6,1979,1.6,-0.14,0
6,1979,1.6,-0.14,0
6,1979,1.6,-0.14,0
6,1979,1.6,-0.14,0
6,1979,1.6,-0.14,0
6,1979,1.6,-0.14,0
6,1979,1.6,-0.14,0
6,1979,1.6,-0.14,0
6,1979,1.6,-0.14,0
6,1979,1.6,-0.14,0
6,1979,1.6,-0.14,0
6,1979,1.6,-0.14,0
6,1979,1.6,-0.14,0
6,1979,1.6,-0.14,0
6,1979,1.6,-0.14,0
6,1979,1.6,-0.14,0
6,1979,1.6,-0.14,0
6,1979,1.6,-0.14,0
6,1979,1.6,-0.14,0
6,1979,1.6,-0.14,0
6,1979,1.6,-0.14,0
6,1979,1.6,-0.14,0
6,1979,1.6,-0.14,0
6,1979,1.6,-0.14,0
7,1979,0.83,-0.14,0
7,1979,0.83,-0.14,0
7,1979,0.83,-0.14,0
7,1979,0.83,-0.14,0
7,1979,0.83,-0.14,0
7,1979,0.83,-0.14,0
7,1979,0.83,-0.14,0
7,1979,0.83,-0.14,0
7,1979,0.83,-0.14,0
7,1979,0.83,-0.14,0
7,1979,0.83,-0.14,0
7,1979,0.83,-0.14,0
7,1979,0.83,-0.14,0
7,1979,0.83,-0.14,0
7,1979,0.83,-0.14,0
7,1979,0.83,-0.14,0
7,1979,0.83,-0.14,0
7,1979,0.83,-0.14,0
7,1979,0.83,-0.14,0
7,1979,0.83,-0.14,0
7,1979,0.83,-0.14,0
7,1979,0.83,-0.14,0
7,1979,0.83,-0.14,0
7,1979,0.83,-0.14,0
7,1979,0.83,-0.14,0
7,1979,0.83,-0.14,0
7,1979,0.83,-0.14,0
7,1979,0.83,-0.14,0
7,1979,0.83,-0.14,0
7,1979,0.83,-0.14,0
7,1979,0.83,-0.14,0
8,1979,0.96,-0.14,0
8,1979,0.96,-0.14,0
8,1979,0.96,-0.14,0
8,1979,0.96,-0.14,0
8,1979,0.96,-0.14,0
8,1979,0.96,-0.14,0
8,1979,0.96,-0.14,0
8,1979,0.96,-0.14,0
8,1979,0.96,-0.14,0
8,1979,0.96,-0.14,0
8,1979,0.96,-0.14,0
8,1979,0.96,-0.14,0
8,1979,0.96,-0.14,0
8,1979,0.96,-0.14,0
8,1979,0.96,-0.14,0
8,1979,0.96,-0.14,0
8,1979,0.96,-0.14,0
8,1979,0.96,-0.14,0
8,1979,0.96,-0.14,0
8,1979,0.96,-0.14,0
8,1979,0.96,-0.14,0
8,1979,0.96,-0.14,0
8,1979,0.96,-0.14,0
8,1979,0.96,-0.14,0
8,1979,0.96,-0.14,0
8,1979,0.96,-0.14,0
8,1979,0.96,-0.14,0
8,1979,0.96,-0.14,0
8,1979,0.96,-0.14,0
8,1979,0.96,-0.14,0
9,1979,1.01,0.14,0
9,1979,1.01,0.14,0
9,1979,1.01,0.14,0
9,1979,1.01,0.14,0
9,1979,1.01,0.14,0
9,1979,1.01,0.14,0
9,1979,1.01,0.14,0
9,1979,1.01,0.14,0
9,1979,1.01,0.14,0
9,1979,1.01,0.14,0
9,1979,1.01,0.14,0
9,1979,1.01,0.14,0
9,1979,1.01,0.14,0
9,1979,1.01,0.14,0
9,1979,1.01,0.14,0
9,1979,1.01,0.14,0
9,1979,1.01,0.14,0
9,1979,1.01,0.14,0
9,1979,1.01,0.14,0
9,1979,1.01,0.14,0
9,1979,1.01,0.14,0
9,1979,1.01,0.14,0
9,1979,1.01,0.14,0
9,1979,1.01,0.14,0
9,1979,1.01,0.14,0
9,1979,1.01,0.14,0
9,1979,1.01,0.14,0
9,1979,1.01,0.14,0
9,1979,1.01,0.14,0
9,1979,1.01,0.14,0
10,1979,-0.3,-0.13,0
10,1979,-0.3,-0.13,0
10,1979,-0.3,-0.13,0
10,1979,-0.3,-0.13,0
10,1979,-0.3,-0.13,0
10,1979,-0.3,-0.13,0
10,1979,-0.3,-0.13,0
10,1979,-0.3,-0.13,0
10,1979,-0.3,-0.13,0
10,1979,-0.3,-0.13,0
10,1979,-0.3,-0.13,0
10,1979,-0.3,-0.13,0
10,1979,-0.3,-0.13,0
10,1979,-0.3,-0.13,0
10,1979,-0.3,-0.13,0
10,1979,-0.3,-0.13,0
10,1979,-0.3,-0.13,0
10,1979,-0.3,-0.13,0
10,1979,-0.3,-0.13,0
10,1979,-0.3,-0.13,0
10,1979,-0.3,-0.13,0
10,1979,-0.3,-0.13,0
10,1979,-0.3,-0.13,0
10,1979,-0.3,-0.13,0
10,1979,-0.3,-0.13,0
10,1979,-0.3,-0.13,0
10,1979,-0.3,-0.13,0
10,1979,-0.3,-0.13,0
10,1979,-0.3,-0.13,0
10,1979,-0.3,-0.13,0
10,1979,-0.3,-0.13,0
11,1979,0.53,-0.13,0
11,1979,0.53,-0.13,0
11,1979,0.53,-0.13,0
11,1979,0.53,-0.13,0
11,1979,0.53,-0.13,0
11,1979,0.53,-0.13,0
11,1979,0.53,-0.13,0
11,1979,0.53,-0.13,0
11,1979,0.53,-0.13,0
11,1979,0.53,-0.13,0
11,1979,0.53,-0.13,0
11,1979,0.53,-0.13,0
11,1979,0.53,-0.13,0
11,1979,0.53,-0.13,0
11,1979,0.53,-0.13,0
11,1979,0.53,-0.13,0
11,1979,0.53,-0.13,0
11,1979,0.53,-0.13,0
11,1979,0.53,-0.13,0
11,1979,0.53,-0.13,0
11,1979,0.53,-0.13,0
11,1979,0.53,-0.13,0
11,1979,0.53,-0.13,0
11,1979,0.53,-0.13,0
11,1979,0.53,-0.13,0
11,1979,0.53,-0.13,0
11,1979,0.53,-0.13,0
11,1979,0.53,-0.13,0
11,1979,0.53,-0.13,0
11,1979,0.53,-0.13,0
12,1979,1,-0.13,0
12,1979,1,-0.13,0
12,1979,1,-0.13,0
12,1979,1,-0.13,0
12,1979,1,-0.13,0
12,1979,1,-0.13,0
12,1979,1,-0.13,0
12,1979,1,-0.13,0
12,1979,1,-0.13,0
12,1979,1,-0.13,0
12,1979,1,-0.13,0
12,1979,1,-0.13,0
12,1979,1,-0.13,0
12,1979,1,-0.13,0
12,1979,1,-0.13,0
12,1979,1,-0.13,0
12,1979,1,-0.13,0
12,1979,1,-0.13,0
12,1979,1,-0.13,0
12,1979,1,-0.13,0
12,1979,1,-0.13,0
12,1979,1,-0.13,0
12,1979,1,-0.13,0
12,1979,1,-0.13,0
12,1979,1,-0.13,0
12,1979,1,-0.13,0
12,1979,1,-0.13,0
12,1979,1,-0.13,0
12,1979,1,-0.13,0
12,1979,1,-0.13,0
12,1979,1,-0.13,0
1,1980,-0.75,-0.13,0
1,1980,-0.75,-0.13,0
1,1980,-0.75,-0.13,0
1,1980,-0.75,-0.13,0
1,1980,-0.75,-0.13,0
1,1980,-0.75,-0.13,0
1,1980,-0.75,-0.13,0
1,1980,-0.75,-0.13,0
1,1980,-0.75,-0.13,0
1,1980,-0.75,-0.13,0
1,1980,-0.75,-0.13,0
1,1980,-0.75,-0.13,0
1,1980,-0.75,-0.13,0
1,1980,-0.75,-0.13,0
1,1980,-0.75,-0.13,0
1,1980,-0.75,-0.13,0
1,1980,-0.75,-0.13,0
1,1980,-0.75,-0.13,0
1,1980,-0.75,-0.13,0
1,1980,-0.75,-0.13,0
1,1980,-0.75,-0.13,0
1,1980,-0.75,-0.13,0
1,1980,-0.75,-0.13,0
1,1980,-0.75,-0.13,0
1,1980,-0.75,-0.13,0
1,1980,-0.75,-0.13,0
1,1980,-0.75,-0.13,0
1,1980,-0.75,-0.13,0
1,1980,-0.75,-0.13,0
1,1980,-0.75,-0.13,0
2,1980,0.05,-0.14,0
2,1980,0.05,-0.14,0
2,1980,0.05,-0.14,0
2,1980,0.05,-0.14,0
2,1980,0.05,-0.14,0
2,1980,0.05,-0.14,0
2,1980,0.05,-0.14,0
2,1980,0.05,-0.14,0
2,1980,0.05,-0.14,0
2,1980,0.05,-0.14,0
2,1980,0.05,-0.14,0
2,1980,0.05,-0.14,0
2,1980,0.05,-0.14,0
2,1980,0.05,-0.14,0
2,1980,0.05,-0.14,0
2,1980,0.05,-0.14,0
2,1980,0.05,-0.14,0
2,1980,0.05,-0.14,0
2,1980,0.05,-0.14,0
2,1980,0.05,-0.14,0
2,1980,0.05,-0.14,0
2,1980,0.05,-0.14,0
2,1980,0.05,-0.14,0
2,1980,0.05,-0.14,0
2,1980,0.05,-0.14,0
2,1980,0.05,-0.14,0
2,1980,0.05,-0.14,0
2,1980,0.05,-0.14,0
2,1980,0.05,-0.14,0
3,1980,-0.31,-0.14,0
3,1980,-0.31,-0.14,0
3,1980,-0.31,-0.14,0
3,1980,-0.31,-0.14,0
3,1980,-0.31,-0.14,0
3,1980,-0.31,-0.14,0
3,1980,-0.31,-0.14,0
3,1980,-0.31,-0.14,0
3,1980,-0.31,-0.14,0
3,1980,-0.31,-0.14,0
3,1980,-0.31,-0.14,0
3,1980,-0.31,-0.14,0
3,1980,-0.31,-0.14,0
3,1980,-0.31,-0.14,0
3,1980,-0.31,-0.14,0
3,1980,-0.31,-0.14,0
3,1980,-0.31,-0.14,0
3,1980,-0.31,-0.14,0
3,1980,-0.31,-0.14,0
3,1980,-0.31,-0.14,0
3,1980,-0.31,-0.14,0
3,1980,-0.31,-0.14,0
3,1980,-0.31,-0.14,0
3,1980,-0.31,-0.14,0
3,1980,-0.31,-0.14,0
3,1980,-0.31,-0.14,0
3,1980,-0.31,-0.14,0
3,1980,-0.31,-0.14,0
3,1980,-0.31,-0.14,0
3,1980,-0.31,-0.14,0
3,1980,-0.31,-0.14,0
4,1980,1.29,-0.14,0
4,1980,1.29,-0.14,0
4,1980,1.29,-0.14,0
4,1980,1.29,-0.14,0
4,1980,1.29,-0.14,0
4,1980,1.29,-0.14,0
4,1980,1.29,-0.14,0
4,1980,1.29,-0.14,0
4,1980,1.29,-0.14,0
4,1980,1.29,-0.14,0
4,1980,1.29,-0.14,0
4,1980,1.29,-0.14,0
4,1980,1.29,-0.14,0
4,1980,1.29,-0.14,0
4,1980,1.29,-0.14,0
4,1980,1.29,-0.14,0
4,1980,1.29,-0.14,0
4,1980,1.29,-0.14,0
4,1980,1.29,-0.14,0
4,1980,1.29,-0.14,0
4,1980,1.29,-0.14,0
4,1980,1.29,-0.14,0
4,1980,1.29,-0.14,0
4,1980,1.29,-0.14,0
4,1980,1.29,-0.14,0
4,1980,1.29,-0.14,0
4,1980,1.29,-0.14,0
4,1980,1.29,-0.14,0
4,1980,1.29,-0.14,0
4,1980,1.29,-0.14,0
5,1980,-1.5,-0.14,0
5,1980,-1.5,-0.14,0
5,1980,-1.5,-0.14,0
5,1980,-1.5,-0.14,0
5,1980,-1.5,-0.14,0
5,1980,-1.5,-0.14,0
5,1980,-1.5,-0.14,0
5,1980,-1.5,-0.14,0
5,1980,-1.5,-0.14,0
5,1980,-1.5,-0.14,0
5,1980,-1.5,-0.14,0
5,1980,-1.5,-0.14,0
5,1980,-1.5,-0.14,0
5,1980,-1.5,-0.14,0
5,1980,-1.5,-0.14,0
5,1980,-1.5,-0.14,0
5,1980,-1.5,-0.14,0
5,1980,-1.5,-0.14,0
5,1980,-1.5,-0.14,0
5,1980,-1.5,-0.14,0
5,1980,-1.5,-0.14,0
5,1980,-1.5,-0.14,0
5,1980,-1.5,-0.14,0
5,1980,-1.5,-0.14,0
5,1980,-1.5,-0.14,0
5,1980,-1.5,-0.14,0
5,1980,-1.5,-0.14,0
5,1980,-1.5,-0.14,0
5,1980,-1.5,-0.14,0
5,1980,-1.5,-0.14,0
5,1980,-1.5,-0.14,0
6,1980,-0.37,-0.14,0
6,1980,-0.37,-0.14,0
6,1980,-0.37,-0.14,0
6,1980,-0.37,-0.14,0
6,1980,-0.37,-0.14,0
6,1980,-0.37,-0.14,0
6,1980,-0.37,-0.14,0
6,1980,-0.37,-0.14,0
6,1980,-0.37,-0.14,0
6,1980,-0.37,-0.14,0
6,1980,-0.37,-0.14,0
6,1980,-0.37,-0.14,0
6,1980,-0.37,-0.14,0
6,1980,-0.37,-0.14,0
6,1980,-0.37,-0.14,0
6,1980,-0.37,-0.14,0
6,1980,-0.37,-0.14,0
6,1980,-0.37,-0.14,0
6,1980,-0.37,-0.14,0
6,1980,-0.37,-0.14,0
6,1980,-0.37,-0.14,0
6,1980,-0.37,-0.14,0
6,1980,-0.37,-0.14,0
6,1980,-0.37,-0.14,0
6,1980,-0.37,-0.14,0
6,1980,-0.37,-0.14,0
6,1980,-0.37,-0.14,0
6,1980,-0.37,-0.14,0
6,1980,-0.37,-0.14,0
7,1980,-0.42,-0.14,0
7,1980,-0.42,-0.14,0
7,1980,-0.42,-0.14,0
7,1980,-0.42,-0.14,0
7,1980,-0.42,-0.14,0
7,1980,-0.42,-0.14,0
7,1980,-0.42,-0.14,0
7,1980,-0.42,-0.14,0
7,1980,-0.42,-0.14,0
7,1980,-0.42,-0.14,0
7,1980,-0.42,-0.14,0
7,1980,-0.42,-0.14,0
7,1980,-0.42,-0.14,0
7,1980,-0.42,-0.14,0
7,1980,-0.42,-0.14,0
7,1980,-0.42,-0.14,0
7,1980,-0.42,-0.14,0
7,1980,-0.42,-0.14,0
7,1980,-0.42,-0.14,0
7,1980,-0.42,-0.14,0
7,1980,-0.42,-0.14,0
7,1980,-0.42,-0.14,0
7,1980,-0.42,-0.14,0
7,1980,-0.42,-0.14,0
7,1980,-0.42,-0.14,0
7,1980,-0.42,-0.14,0
7,1980,-0.42,-0.14,0
7,1980,-0.42,-0.14,0
7,1980,-0.42,-0.14,0
7,1980,-0.42,-0.14,0
7,1980,-0.42,-0.14,0
8,1980,-2.24,-0.14,0
8,1980,-2.24,-0.14,0
8,1980,-2.24,-0.14,0
8,1980,-2.24,-0.14,0
8,1980,-2.24,-0.14,0
8,1980,-2.24,-0.14,0
8,1980,-2.24,-0.14,0
8,1980,-2.24,-0.14,0
8,1980,-2.24,-0.14,0
8,1980,-2.24,-0.14,0
8,1980,-2.24,-0.14,0
8,1980,-2.24,-0.14,0
8,1980,-2.24,-0.14,0
8,1980,-2.24,-0.14,0
8,1980,-2.24,-0.14,0
8,1980,-2.24,-0.14,0
8,1980,-2.24,-0.14,0
8,1980,-2.24,-0.14,0
8,1980,-2.24,-0.14,0
8,1980,-2.24,-0.14,0
8,1980,-2.24,-0.14,0
8,1980,-2.24,-0.14,0
8,1980,-2.24,-0.14,0
8,1980,-2.24,-0.14,0
8,1980,-2.24,-0.14,0
8,1980,-2.24,-0.14,0
8,1980,-2.24,-0.14,0
8,1980,-2.24,-0.14,0
8,1980,-2.24,-0.14,0
8,1980,-2.24,-0.14,0
8,1980,-2.24,-0.14,0
9,1980,0.66,-0.14,0
9,1980,0.66,-0.14,0
9,1980,0.66,-0.14,0
9,1980,0.66,-0.14,0
9,1980,0.66,-0.14,0
9,1980,0.66,-0.14,0
9,1980,0.66,-0.14,0
9,1980,0.66,-0.14,0
9,1980,0.66,-0.14,0
9,1980,0.66,-0.14,0
9,1980,0.66,-0.14,0
9,1980,0.66,-0.14,0
9,1980,0.66,-0.14,0
9,1980,0.66,-0.14,0
9,1980,0.66,-0.14,0
9,1980,0.66,-0.14,0
9,1980,0.66,-0.14,0
9,1980,0.66,-0.14,0
9,1980,0.66,-0.14,0
9,1980,0.66,-0.14,0
9,1980,0.66,-0.14,0
9,1980,0.66,-0.14,0
9,1980,0.66,-0.14,0
9,1980,0.66,-0.14,0
9,1980,0.66,-0.14,0
9,1980,0.66,-0.14,0
10,1980,-1.77,-0.15,0
10,1980,-1.77,-0.15,0
10,1980,-1.77,-0.15,0
10,1980,-1.77,-0.15,0
10,1980,-1.77,-0.15,0
10,1980,-1.77,-0.15,0
10,1980,-1.77,-0.15,0
10,1980,-1.77,-0.15,0
10,1980,-1.77,-0.15,0
10,1980,-1.77,-0.15,0
10,1980,-1.77,-0.15,0
10,1980,-1.77,-0.15,0
10,1980,-1.77,-0.15,0
10,1980,-1.77,-0.15,0
10,1980,-1.77,-0.15,0
10,1980,-1.77,-0.15,0
10,1980,-1.77,-0.15,0
10,1980,-1.77,-0.15,0
10,1980,-1.77,-0.15,0
10,1980,-1.77,-0.15,0
10,1980,-1.77,-0.15,0
10,1980,-1.77,-0.15,0
10,1980,-1.77,-0.15,0
10,1980,-1.77,-0.15,0
10,1980,-1.77,-0.15,0
10,1980,-1.77,-0.15,0
10,1980,-1.77,-0.15,0
10,1980,-1.77,-0.15,0
10,1980,-1.77,-0.15,0
10,1980,-1.77,-0.15,0
10,1980,-1.77,-0.15,0
11,1980,-0.37,-0.15,0
11,1980,-0.37,-0.15,0
11,1980,-0.37,-0.15,0
11,1980,-0.37,-0.15,0
11,1980,-0.37,-0.15,0
11,1980,-0.37,-0.15,0
11,1980,-0.37,-0.15,0
11,1980,-0.37,-0.15,0
11,1980,-0.37,-0.15,0
11,1980,-0.37,-0.15,0
11,1980,-0.37,-0.15,0
11,1980,-0.37,-0.15,0
11,1980,-0.37,-0.15,0
11,1980,-0.37,-0.15,0
11,1980,-0.37,-0.15,0
11,1980,-0.37,-0.15,0
11,1980,-0.37,-0.15,0
11,1980,-0.37,-0.15,0
11,1980,-0.37,-0.15,0
11,1980,-0.37,-0.15,0
11,1980,-0.37,-0.15,0
11,1980,-0.37,-0.15,0
11,1980,-0.37,-0.15,0
11,1980,-0.37,-0.15,0
11,1980,-0.37,-0.15,0
11,1980,-0.37,-0.15,0
11,1980,-0.37,-0.15,0
11,1980,-0.37,-0.15,0
11,1980,-0.37,-0.15,0
11,1980,-0.37,-0.15,0
12,1980,0.78,-0.15,0
12,1980,0.78,-0.15,0
12,1980,0.78,-0.15,0
12,1980,0.78,-0.15,0
12,1980,0.78,-0.15,0
12,1980,0.78,-0.15,0
12,1980,0.78,-0.15,0
12,1980,0.78,-0.15,0
12,1980,0.78,-0.15,0
12,1980,0.78,-0.15,0
12,1980,0.78,-0.15,0
12,1980,0.78,-0.15,0
12,1980,0.78,-0.15,0
12,1980,0.78,-0.15,0
12,1980,0.78,-0.15,0
12,1980,0.78,-0.15,0
12,1980,0.78,-0.15,0
12,1980,0.78,-0.15,0
12,1980,0.78,-0.15,0
12,1980,0.78,-0.15,0
12,1980,0.78,-0.15,0
12,1980,0.78,-0.15,0
12,1980,0.78,-0.15,0
12,1980,0.78,-0.15,0
12,1980,0.78,-0.15,0
12,1980,0.78,-0.15,0
12,1980,0.78,-0.15,0
12,1980,0.78,-0.15,0
12,1980,0.78,-0.15,0
12,1980,0.78,-0.15,0
12,1980,0.78,-0.15,0
1,1981,0.37,-0.15,0
1,1981,0.37,-0.15,0
1,1981,0.37,-0.15,0
1,1981,0.37,-0.15,0
1,1981,0.37,-0.15,0
1,1981,0.37,-0.15,0
1,1981,0.37,-0.15,0
1,1981,0.37,-0.15,0
1,1981,0.37,-0.15,0
1,1981,0.37,-0.15,0
1,1981,0.37,-0.15,0
1,1981,0.37,-0.15,0
1,1981,0.37,-0.15,0
1,1981,0.37,-0.15,0
1,1981,0.37,-0.15,0
1,1981,0.37,-0.15,0
1,1981,0.37,-0.15,0
1,1981,0.37,-0.15,0
1,1981,0.37,-0.15,0
1,1981,0.37,-0.15,0
1,1981,0.37,-0.15,0
1,1981,0.37,-0.15,0
1,1981,0.37,-0.15,0
1,1981,0.37,-0.15,0
1,1981,0.37,-0.15,0
1,1981,0.37,-0.15,0
1,1981,0.37,-0.15,0
1,1981,0.37,-0.15,0
1,1981,0.37,-0.15,0
1,1981,0.37,-0.15,0
1,1981,0.37,-0.15,0
2,1981,0.92,-0.16,0
2,1981,0.92,-0.16,0
2,1981,0.92,-0.16,0
2,1981,0.92,-0.16,0
2,1981,0.92,-0.16,0
2,1981,0.92,-0.16,0
2,1981,0.92,-0.16,0
2,1981,0.92,-0.16,0
2,1981,0.92,-0.16,0
2,1981,0.92,-0.16,0
2,1981,0.92,-0.16,0
2,1981,0.92,-0.16,0
2,1981,0.92,-0.16,0
2,1981,0.92,-0.16,0
2,1981,0.92,-0.16,0
2,1981,0.92,-0.16,0
2,1981,0.92,-0.16,0
2,1981,0.92,-0.16,0
2,1981,0.92,-0.16,0
2,1981,0.92,-0.16,0
2,1981,0.92,-0.16,0
2,1981,0.92,-0.16,0
2,1981,0.92,-0.16,0
2,1981,0.92,-0.16,0
2,1981,0.92,-0.16,0
2,1981,0.92,-0.16,0
2,1981,0.92,-0.16,0
2,1981,0.92,-0.16,0
3,1981,-1.19,-0.16,0
3,1981,-1.19,-0.16,0
3,1981,-1.19,-0.16,0
3,1981,-1.19,-0.16,0
3,1981,-1.19,-0.16,0
3,1981,-1.19,-0.16,0
3,1981,-1.19,-0.16,0
3,1981,-1.19,-0.16,0
3,1981,-1.19,-0.16,0
3,1981,-1.19,-0.16,0
3,1981,-1.19,-0.16,0
3,1981,-1.19,-0.16,0
3,1981,-1.19,-0.16,0
3,1981,-1.19,-0.16,0
3,1981,-1.19,-0.16,0
3,1981,-1.19,-0.16,0
3,1981,-1.19,-0.16,0
3,1981,-1.19,-0.16,0
3,1981,-1.19,-0.16,0
3,1981,-1.19,-0.16,0
3,1981,-1.19,-0.16,0
3,1981,-1.19,-0.16,0
3,1981,-1.19,-0.16,0
3,1981,-1.19,-0.16,0
3,1981,-1.19,-0.16,0
3,1981,-1.19,-0.16,0
3,1981,-1.19,-0.16,0
3,1981,-1.19,-0.16,0
3,1981,-1.19,-0.16,0
3,1981,-1.19,-0.16,0
3,1981,-1.19,-0.16,0
4,1981,0.36,-0.16,0
4,1981,0.36,-0.16,0
4,1981,0.36,-0.16,0
4,1981,0.36,-0.16,0
4,1981,0.36,-0.16,0
4,1981,0.36,-0.16,0
4,1981,0.36,-0.16,0
4,1981,0.36,-0.16,0
4,1981,0.36,-0.16,0
4,1981,0.36,-0.16,0
4,1981,0.36,-0.16,0
4,1981,0.36,-0.16,0
4,1981,0.36,-0.16,0
4,1981,0.36,-0.16,0
4,1981,0.36,-0.16,0
4,1981,0.36,-0.16,0
4,1981,0.36,-0.16,0
4,1981,0.36,-0.16,0
4,1981,0.36,-0.16,0
4,1981,0.36,-0.16,0
4,1981,0.36,-0.16,0
4,1981,0.36,-0.16,0
4,1981,0.36,-0.16,0
4,1981,0.36,-0.16,0
4,1981,0.36,-0.16,0
4,1981,0.36,-0.16,0
4,1981,0.36,-0.16,0
4,1981,0.36,-0.16,0
4,1981,0.36,-0.16,0
4,1981,0.36,-0.16,0
5,1981,0.2,-0.16,0
5,1981,0.2,-0.16,0
5,1981,0.2,-0.16,0
5,1981,0.2,-0.16,0
5,1981,0.2,-0.16,0
5,1981,0.2,-0.16,0
5,1981,0.2,-0.16,0
5,1981,0.2,-0.16,0
5,1981,0.2,-0.16,0
5,1981,0.2,-0.16,0
5,1981,0.2,-0.16,0
5,1981,0.2,-0.16,0
5,1981,0.2,-0.16,0
5,1981,0.2,-0.16,0
5,1981,0.2,-0.16,0
5,1981,0.2,-0.16,0
5,1981,0.2,-0.16,0
5,1981,0.2,-0.16,0
5,1981,0.2,-0.16,0
5,1981,0.2,-0.16,0
5,1981,0.2,-0.16,0
5,1981,0.2,-0.16,0
5,1981,0.2,-0.16,0
5,1981,0.2,-0.16,0
5,1981,0.2,-0.16,0
5,1981,0.2,-0.16,0
5,1981,0.2,-0.16,0
5,1981,0.2,-0.16,0
5,1981,0.2,-0.16,0
5,1981,0.2,-0.16,0
5,1981,0.2,-0.16,0
6,1981,-0.45,-0.16,0
6,1981,-0.45,-0.16,0
6,1981,-0.45,-0.16,0
6,1981,-0.45,-0.16,0
6,1981,-0.45,-0.16,0
6,1981,-0.45,-0.16,0
6,1981,-0.45,-0.16,0
6,1981,-0.45,-0.16,0
6,1981,-0.45,-0.16,0
6,1981,-0.45,-0.16,0
6,1981,-0.45,-0.16,0
6,1981,-0.45,-0.16,0
6,1981,-0.45,-0.16,0
6,1981,-0.45,-0.16,0
6,1981,-0.45,-0.16,0
6,1981,-0.45,-0.16,0
6,1981,-0.45,-0.16,0
6,1981,-0.45,-0.16,0
6,1981,-0.45,-0.16,0
6,1981,-0.45,-0.16,0
6,1981,-0.45,-0.16,0
6,1981,-0.45,-0.16,0
6,1981,-0.45,-0.16,0
6,1981,-0.45,-0.16,0
6,1981,-0.45,-0.16,0
6,1981,-0.45,-0.16,0
6,1981,-0.45,-0.16,0
6,1981,-0.45,-0.16,0
7,1981,0.05,-0.16,0
7,1981,0.05,-0.16,0
7,1981,0.05,-0.16,0
7,1981,0.05,-0.16,0
7,1981,0.05,-0.16,0
7,1981,0.05,-0.16,0
7,1981,0.05,-0.16,0
7,1981,0.05,-0.16,0
7,1981,0.05,-0.16,0
7,1981,0.05,-0.16,0
7,1981,0.05,-0.16,0
7,1981,0.05,-0.16,0
7,1981,0.05,-0.16,0
7,1981,0.05,-0.16,0
7,1981,0.05,-0.16,0
7,1981,0.05,-0.16,0
7,1981,0.05,-0.16,0
7,1981,0.05,-0.16,0
7,1981,0.05,-0.16,0
7,1981,0.05,-0.16,0
7,1981,0.05,-0.16,0
7,1981,0.05,-0.16,0
7,1981,0.05,-0.16,0
7,1981,0.05,-0.16,0
7,1981,0.05,-0.16,0
7,1981,0.05,-0.16,0
7,1981,0.05,-0.16,0
7,1981,0.05,-0.16,0
7,1981,0.05,-0.16,0
7,1981,0.05,-0.16,0
7,1981,0.05,-0.16,0
8,1981,0.39,-0.16,0
8,1981,0.39,-0.16,0
8,1981,0.39,-0.16,0
8,1981,0.39,-0.16,0
8,1981,0.39,-0.16,0
8,1981,0.39,-0.16,0
8,1981,0.39,-0.16,0
8,1981,0.39,-0.16,0
8,1981,0.39,-0.16,0
8,1981,0.39,-0.16,0
8,1981,0.39,-0.16,0
8,1981,0.39,-0.16,0
8,1981,0.39,-0.16,0
8,1981,0.39,-0.16,0
8,1981,0.39,-0.16,0
8,1981,0.39,-0.16,0
8,1981,0.39,-0.16,0
8,1981,0.39,-0.16,0
8,1981,0.39,-0.16,0
8,1981,0.39,-0.16,0
8,1981,0.39,-0.16,0
8,1981,0.39,-0.16,0
8,1981,0.39,-0.16,0
8,1981,0.39,-0.16,0
8,1981,0.39,-0.16,0
8,1981,0.39,-0.16,0
8,1981,0.39,-0.16,0
8,1981,0.39,-0.16,0
8,1981,0.39,-0.16,0
8,1981,0.39,-0.16,0
9,1981,-1.45,-0.16,0
9,1981,-1.45,-0.16,0
9,1981,-1.45,-0.16,0
9,1981,-1.45,-0.16,0
9,1981,-1.45,-0.16,0
9,1981,-1.45,-0.16,0
9,1981,-1.45,-0.16,0
9,1981,-1.45,-0.16,0
9,1981,-1.45,-0.16,0
9,1981,-1.45,-0.16,0
9,1981,-1.45,-0.16,0
9,1981,-1.45,-0.16,0
9,1981,-1.45,-0.16,0
9,1981,-1.45,-0.16,0
9,1981,-1.45,-0.16,0
9,1981,-1.45,-0.16,0
9,1981,-1.45,-0.16,0
9,1981,-1.45,-0.16,0
9,1981,-1.45,-0.16,0
9,1981,-1.45,-0.16,0
9,1981,-1.45,-0.16,0
9,1981,-1.45,-0.16,0
9,1981,-1.45,-0.16,0
9,1981,-1.45,-0.16,0
9,1981,-1.45,-0.16,0
9,1981,-1.45,-0.16,0
10,1981,-1.35,-0.17,0
10,1981,-1.35,-0.17,0
10,1981,-1.35,-0.17,0
10,1981,-1.35,-0.17,0
10,1981,-1.35,-0.17,0
10,1981,-1.35,-0.17,0
10,1981,-1.35,-0.17,0
10,1981,-1.35,-0.17,0
10,1981,-1.35,-0.17,0
10,1981,-1.35,-0.17,0
10,1981,-1.35,-0.17,0
10,1981,-1.35,-0.17,0
10,1981,-1.35,-0.17,0
10,1981,-1.35,-0.17,0
10,1981,-1.35,-0.17,0
10,1981,-1.35,-0.17,0
10,1981,-1.35,-0.17,0
10,1981,-1.35,-0.17,0
10,1981,-1.35,-0.17,0
10,1981,-1.35,-0.17,0
10,1981,-1.35,-0.17,0
10,1981,-1.35,-0.17,0
10,1981,-1.35,-0.17,0
10,1981,-1.35,-0.17,0
10,1981,-1.35,-0.17,0
10,1981,-1.35,-0.17,0
10,1981,-1.35,-0.17,0
10,1981,-1.35,-0.17,0
10,1981,-1.35,-0.17,0
10,1981,-1.35,-0.17,0
10,1981,-1.35,-0.17,0
11,1981,-0.38,-0.17,0
11,1981,-0.38,-0.17,0
11,1981,-0.38,-0.17,0
11,1981,-0.38,-0.17,0
11,1981,-0.38,-0.17,0
11,1981,-0.38,-0.17,0
11,1981,-0.38,-0.17,0
11,1981,-0.38,-0.17,0
11,1981,-0.38,-0.17,0
11,1981,-0.38,-0.17,0
11,1981,-0.38,-0.17,0
11,1981,-0.38,-0.17,0
11,1981,-0.38,-0.17,0
11,1981,-0.38,-0.17,0
11,1981,-0.38,-0.17,0
11,1981,-0.38,-0.17,0
11,1981,-0.38,-0.17,0
11,1981,-0.38,-0.17,0
11,1981,-0.38,-0.17,0
11,1981,-0.38,-0.17,0
11,1981,-0.38,-0.17,0
11,1981,-0.38,-0.17,0
11,1981,-0.38,-0.17,0
11,1981,-0.38,-0.17,0
11,1981,-0.38,-0.17,0
11,1981,-0.38,-0.17,0
11,1981,-0.38,-0.17,0
11,1981,-0.38,-0.17,0
11,1981,-0.38,-0.17,0
11,1981,-0.38,-0.17,0
12,1981,-0.02,-0.17,0
12,1981,-0.02,-0.17,0
12,1981,-0.02,-0.17,0
12,1981,-0.02,-0.17,0
12,1981,-0.02,-0.17,0
12,1981,-0.02,-0.17,0
12,1981,-0.02,-0.17,0
12,1981,-0.02,-0.17,0
12,1981,-0.02,-0.17,0
12,1981,-0.02,-0.17,0
12,1981,-0.02,-0.17,0
12,1981,-0.02,-0.17,0
12,1981,-0.02,-0.17,0
12,1981,-0.02,-0.17,0
12,1981,-0.02,-0.17,0
12,1981,-0.02,-0.17,0
12,1981,-0.02,-0.17,0
12,1981,-0.02,-0.17,0
12,1981,-0.02,-0.17,0
12,1981,-0.02,-0.17,0
12,1981,-0.02,-0.17,0
12,1981,-0.02,-0.17,0
12,1981,-0.02,-0.17,0
12,1981,-0.02,-0.17,0
12,1981,-0.02,-0.17,0
12,1981,-0.02,-0.17,0
12,1981,-0.02,-0.17,0
12,1981,-0.02,-0.17,0
12,1981,-0.02,-0.17,0
12,1981,-0.02,-0.17,0
12,1981,-0.02,-0.17,0
1,1982,-0.89,-0.17,0
1,1982,-0.89,-0.17,0
1,1982,-0.89,-0.17,0
1,1982,-0.89,-0.17,0
1,1982,-0.89,-0.17,0
1,1982,-0.89,-0.17,0
1,1982,-0.89,-0.17,0
1,1982,-0.89,-0.17,0
1,1982,-0.89,-0.17,0
1,1982,-0.89,-0.17,0
1,1982,-0.89,-0.17,0
1,1982,-0.89,-0.17,0
1,1982,-0.89,-0.17,0
1,1982,-0.89,-0.17,0
1,1982,-0.89,-0.17,0
1,1982,-0.89,-0.17,0
1,1982,-0.89,-0.17,0
1,1982,-0.89,-0.17,0
1,1982,-0.89,-0.17,0
1,1982,-0.89,-0.17,0
1,1982,-0.89,-0.17,0
1,1982,-0.89,-0.17,0
1,1982,-0.89,-0.17,0
1,1982,-0.89,-0.17,0
1,1982,-0.89,-0.17,0
1,1982,-0.89,-0.17,0
1,1982,-0.89,-0.17,0
1,1982,-0.89,-0.17,0
1,1982,-0.89,-0.17,0
1,1982,-0.89,-0.17,0
1,1982,-0.89,-0.17,0
2,1982,1.15,-0.17,0
2,1982,1.15,-0.17,0
2,1982,1.15,-0.17,0
2,1982,1.15,-0.17,0
2,1982,1.15,-0.17,0
2,1982,1.15,-0.17,0
2,1982,1.15,-0.17,0
2,1982,1.15,-0.17,0
2,1982,1.15,-0.17,0
2,1982,1.15,-0.17,0
2,1982,1.15,-0.17,0
2,1982,1.15,-0.17,0
2,1982,1.15,-0.17,0
2,1982,1.15,-0.17,0
2,1982,1.15,-0.17,0
2,1982,1.15,-0.17,0
2,1982,1.15,-0.17,0
2,1982,1.15,-0.17,0
2,1982,1.15,-0.17,0
2,1982,1.15,-0.17,0
2,1982,1.15,-0.17,0
2,1982,1.15,-0.17,0
2,1982,1.15,-0.17,0
2,1982,1.15,-0.17,0
2,1982,1.15,-0.17,0
2,1982,1.15,-0.17,0
2,1982,1.15,-0.17,0
2,1982,1.15,-0.17,0
3,1982,1.15,-0.17,0
3,1982,1.15,-0.17,0
3,1982,1.15,-0.17,0
3,1982,1.15,-0.17,0
3,1982,1.15,-0.17,0
3,1982,1.15,-0.17,0
3,1982,1.15,-0.17,0
3,1982,1.15,-0.17,0
3,1982,1.15,-0.17,0
3,1982,1.15,-0.17,0
3,1982,1.15,-0.17,0
3,1982,1.15,-0.17,0
3,1982,1.15,-0.17,0
3,1982,1.15,-0.17,0
3,1982,1.15,-0.17,0
3,1982,1.15,-0.17,0
3,1982,1.15,-0.17,0
3,1982,1.15,-0.17,0
3,1982,1.15,-0.17,0
3,1982,1.15,-0.17,0
3,1982,1.15,-0.17,0
3,1982,1.15,-0.17,0
3,1982,1.15,-0.17,0
3,1982,1.15,-0.17,0
3,1982,1.15,-0.17,0
3,1982,1.15,-0.17,0
3,1982,1.15,-0.17,0
3,1982,1.15,-0.17,0
3,1982,1.15,-0.17,0
3,1982,1.15,-0.17,0
3,1982,1.15,-0.17,0
4,1982,0.1,-0.16,0
4,1982,0.1,-0.16,0
4,1982,0.1,-0.16,0
4,1982,0.1,-0.16,0
4,1982,0.1,-0.16,0
4,1982,0.1,-0.16,0
4,1982,0.1,-0.16,0
4,1982,0.1,-0.16,0
4,1982,0.1,-0.16,0
4,1982,0.1,-0.16,0
4,1982,0.1,-0.16,0
4,1982,0.1,-0.16,0
4,1982,0.1,-0.16,0
4,1982,0.1,-0.16,0
4,1982,0.1,-0.16,0
4,1982,0.1,-0.16,0
4,1982,0.1,-0.16,0
4,1982,0.1,-0.16,0
4,1982,0.1,-0.16,0
4,1982,0.1,-0.16,0
4,1982,0.1,-0.16,0
4,1982,0.1,-0.16,0
4,1982,0.1,-0.16,0
4,1982,0.1,-0.16,0
4,1982,0.1,-0.16,0
4,1982,0.1,-0.16,0
4,1982,0.1,-0.16,0
4,1982,0.1,-0.16,0
4,1982,0.1,-0.16,0
4,1982,0.1,-0.16,0
5,1982,-0.53,-0.16,0
5,1982,-0.53,-0.16,0
5,1982,-0.53,-0.16,0
5,1982,-0.53,-0.16,0
5,1982,-0.53,-0.16,0
5,1982,-0.53,-0.16,0
5,1982,-0.53,-0.16,0
5,1982,-0.53,-0.16,0
5,1982,-0.53,-0.16,0
5,1982,-0.53,-0.16,0
5,1982,-0.53,-0.16,0
5,1982,-0.53,-0.16,0
5,1982,-0.53,-0.16,0
5,1982,-0.53,-0.16,0
5,1982,-0.53,-0.16,0
5,1982,-0.53,-0.16,0
5,1982,-0.53,-0.16,0
5,1982,-0.53,-0.16,0
5,1982,-0.53,-0.16,0
5,1982,-0.53,-0.16,0
5,1982,-0.53,-0.16,0
5,1982,-0.53,-0.16,0
5,1982,-0.53,-0.16,0
5,1982,-0.53,-0.16,0
5,1982,-0.53,-0.16,0
5,1982,-0.53,-0.16,0
5,1982,-0.53,-0.16,0
5,1982,-0.53,-0.16,0
5,1982,-0.53,-0.16,0
5,1982,-0.53,-0.16,0
5,1982,-0.53,-0.16,0
6,1982,-1.63,-0.16,0
6,1982,-1.63,-0.16,0
6,1982,-1.63,-0.16,0
6,1982,-1.63,-0.16,0
6,1982,-1.63,-0.16,0
6,1982,-1.63,-0.16,0
6,1982,-1.63,-0.16,0
6,1982,-1.63,-0.16,0
6,1982,-1.63,-0.16,0
6,1982,-1.63,-0.16,0
6,1982,-1.63,-0.16,0
6,1982,-1.63,-0.16,0
6,1982,-1.63,-0.16,0
6,1982,-1.63,-0.16,0
6,1982,-1.63,-0.16,0
6,1982,-1.63,-0.16,0
6,1982,-1.63,-0.16,0
6,1982,-1.63,-0.16,0
6,1982,-1.63,-0.16,0
6,1982,-1.63,-0.16,0
6,1982,-1.63,-0.16,0
6,1982,-1.63,-0.16,0
6,1982,-1.63,-0.16,0
6,1982,-1.63,-0.16,0
6,1982,-1.63,-0.16,0
6,1982,-1.63,-0.16,0
6,1982,-1.63,-0.16,0
6,1982,-1.63,-0.16,0
6,1982,-1.63,-0.16,0
7,1982,1.15,-0.16,0
7,1982,1.15,-0.16,0
7,1982,1.15,-0.16,0
7,1982,1.15,-0.16,0
7,1982,1.15,-0.16,0
7,1982,1.15,-0.16,0
7,1982,1.15,-0.16,0
7,1982,1.15,-0.16,0
7,1982,1.15,-0.16,0
7,1982,1.15,-0.16,0
7,1982,1.15,-0.16,0
7,1982,1.15,-0.16,0
7,1982,1.15,-0.16,0
7,1982,1.15,-0.16,0
7,1982,1.15,-0.16,0
7,1982,1.15,-0.16,0
7,1982,1.15,-0.16,0
7,1982,1.15,-0.16,0
7,1982,1.15,-0.16,0
7,1982,1.15,-0.16,0
7,1982,1.15,-0.16,0
7,1982,1.15,-0.16,0
7,1982,1.15,-0.16,0
7,1982,1.15,-0.16,0
7,1982,1.15,-0.16,0
7,1982,1.15,-0.16,0
7,1982,1.15,-0.16,0
8,1982,0.26,-0.16,0
8,1982,0.26,-0.16,0
8,1982,0.26,-0.16,0
8,1982,0.26,-0.16,0
8,1982,0.26,-0.16,0
8,1982,0.26,-0.16,0
8,1982,0.26,-0.16,0
8,1982,0.26,-0.16,0
8,1982,0.26,-0.16,0
8,1982,0.26,-0.16,0
8,1982,0.26,-0.16,0
8,1982,0.26,-0.16,0
8,1982,0.26,-0.16,0
8,1982,0.26,-0.16,0
8,1982,0.26,-0.16,0
8,1982,0.26,-0.16,0
8,1982,0.26,-0.16,0
8,1982,0.26,-0.16,0
8,1982,0.26,-0.16,0
8,1982,0.26,-0.16,0
8,1982,0.26,-0.16,0
8,1982,0.26,-0.16,0
8,1982,0.26,-0.16,0
8,1982,0.26,-0.16,0
8,1982,0.26,-0.16,0
8,1982,0.26,-0.16,0
8,1982,0.26,-0.16,0
8,1982,0.26,-0.16,0
8,1982,0.26,-0.16,0
8,1982,0.26,-0.16,0
9,1982,1.76,-0.16,0
9,1982,1.76,-0.16,0
9,1982,1.76,-0.16,0
9,1982,1.76,-0.16,0
9,1982,1.76,-0.16,0
9,1982,1.76,-0.16,0
9,1982,1.76,-0.16,0
9,1982,1.76,-0.16,0
9,1982,1.76,-0.16,0
9,1982,1.76,-0.16,0
9,1982,1.76,-0.16,0
9,1982,1.76,-0.16,0
9,1982,1.76,-0.16,0
9,1982,1.76,-0.16,0
9,1982,1.76,-0.16,0
9,1982,1.76,-0.16,0
9,1982,1.76,-0.16,0
9,1982,1.76,-0.16,0
9,1982,1.76,-0.16,0
9,1982,1.76,-0.16,0
9,1982,1.76,-0.16,0
9,1982,1.76,-0.16,0
9,1982,1.76,-0.16,0
9,1982,1.76,-0.16,0
9,1982,1.76,-0.16,0
9,1982,1.76,-0.16,0
9,1982,1.76,-0.16,0
10,1982,-0.74,-0.16,0
10,1982,-0.74,-0.16,0
10,1982,-0.74,-0.16,0
10,1982,-0.74,-0.16,0
10,1982,-0.74,-0.16,0
10,1982,-0.74,-0.16,0
10,1982,-0.74,-0.16,0
10,1982,-0.74,-0.16,0
10,1982,-0.74,-0.16,0
10,1982,-0.74,-0.16,0
10,1982,-0.74,-0.16,0
10,1982,-0.74,-0.16,0
10,1982,-0.74,-0.16,0
10,1982,-0.74,-0.16,0
10,1982,-0.74,-0.16,0
10,1982,-0.74,-0.16,0
10,1982,-0.74,-0.16,0
10,1982,-0.74,-0.16,0
10,1982,-0.74,-0.16,0
10,1982,-0.74,-0.16,0
10,1982,-0.74,-0.16,0
10,1982,-0.74,-0.16,0
10,1982,-0.74,-0.16,0
10,1982,-0.74,-0.16,0
10,1982,-0.74,-0.16,0
10,1982,-0.74,-0.16,0
10,1982,-0.74,-0.16,0
10,1982,-0.74,-0.16,0
10,1982,-0.74,-0.16,0
10,1982,-0.74,-0.16,0
10,1982,-0.74,-0.16,0
11,1982,1.6,-0.16,0
11,1982,1.6,-0.16,0
11,1982,1.6,-0.16,0
11,1982,1.6,-0.16,0
11,1982,1.6,-0.16,0
11,1982,1.6,-0.16,0
11,1982,1.6,-0.16,0
11,1982,1.6,-0.16,0
11,1982,1.6,-0.16,0
11,1982,1.6,-0.16,0
11,1982,1.6,-0.16,0
11,1982,1.6,-0.16,0
11,1982,1.6,-0.16,0
11,1982,1.6,-0.16,0
11,1982,1.6,-0.16,0
11,1982,1.6,-0.16,0
11,1982,1.6,-0.16,0
11,1982,1.6,-0.16,0
11,1982,1.6,-0.16,0
11,1982,1.6,-0.16,0
11,1982,1.6,-0.16,0
11,1982,1.6,-0.16,0
11,1982,1.6,-0.16,0
11,1982,1.6,-0.16,0
11,1982,1.6,-0.16,0
11,1982,1.6,-0.16,0
11,1982,1.6,-0.16,0
11,1982,1.6,-0.16,0
11,1982,1.6,-0.16,0
11,1982,1.6,-0.16,0
12,1982,1.78,-0.16,0
12,1982,1.78,-0.16,0
12,1982,1.78,-0.16,0
12,1982,1.78,-0.16,0
12,1982,1.78,-0.16,0
12,1982,1.78,-0.16,0
12,1982,1.78,-0.16,0
12,1982,1.78,-0.16,0
12,1982,1.78,-0.16,0
12,1982,1.78,-0.16,0
12,1982,1.78,-0.16,0
12,1982,1.78,-0.16,0
12,1982,1.78,-0.16,0
12,1982,1.78,-0.16,0
12,1982,1.78,-0.16,0
12,1982,1.78,-0.16,0
12,1982,1.78,-0.16,0
12,1982,1.78,-0.16,0
12,1982,1.78,-0.16,0
12,1982,1.78,-0.16,0
12,1982,1.78,-0.16,0
12,1982,1.78,-0.16,0
12,1982,1.78,-0.16,0
12,1982,1.78,-0.16,0
12,1982,1.78,-0.16,0
12,1982,1.78,-0.16,0
12,1982,1.78,-0.16,0
12,1982,1.78,-0.16,0
12,1982,1.78,-0.16,0
12,1982,1.78,-0.16,0
12,1982,1.78,-0.16,0
1,1983,1.59,-0.16,0
1,1983,1.59,-0.16,0
1,1983,1.59,-0.16,0
1,1983,1.59,-0.16,0
1,1983,1.59,-0.16,0
1,1983,1.59,-0.16,0
1,1983,1.59,-0.16,0
1,1983,1.59,-0.16,0
1,1983,1.59,-0.16,0
1,1983,1.59,-0.16,0
1,1983,1.59,-0.16,0
1,1983,1.59,-0.16,0
1,1983,1.59,-0.16,0
1,1983,1.59,-0.16,0
1,1983,1.59,-0.16,0
1,1983,1.59,-0.16,0
1,1983,1.59,-0.16,0
1,1983,1.59,-0.16,0
1,1983,1.59,-0.16,0
1,1983,1.59,-0.16,0
1,1983,1.59,-0.16,0
1,1983,1.59,-0.16,0
1,1983,1.59,-0.16,0
1,1983,1.59,-0.16,0
1,1983,1.59,-0.16,0
1,1983,1.59,-0.16,0
1,1983,1.59,-0.16,0
1,1983,1.59,-0.16,0
1,1983,1.59,-0.16,0
1,1983,1.59,-0.16,0
1,1983,1.59,-0.16,0
2,1983,-0.53,-0.16,0
2,1983,-0.53,-0.16,0
2,1983,-0.53,-0.16,0
2,1983,-0.53,-0.16,0
2,1983,-0.53,-0.16,0
2,1983,-0.53,-0.16,0
2,1983,-0.53,-0.16,0
2,1983,-0.53,-0.16,0
2,1983,-0.53,-0.16,0
2,1983,-0.53,-0.16,0
2,1983,-0.53,-0.16,0
2,1983,-0.53,-0.16,0
2,1983,-0.53,-0.16,0
2,1983,-0.53,-0.16,0
2,1983,-0.53,-0.16,0
2,1983,-0.53,-0.16,0
2,1983,-0.53,-0.16,0
2,1983,-0.53,-0.16,0
2,1983,-0.53,-0.16,0
2,1983,-0.53,-0.16,0
2,1983,-0.53,-0.16,0
2,1983,-0.53,-0.16,0
2,1983,-0.53,-0.16,0
2,1983,-0.53,-0.16,0
2,1983,-0.53,-0.16,0
2,1983,-0.53,-0.16,0
2,1983,-0.53,-0.16,0
2,1983,-0.53,-0.16,0
3,1983,0.95,-0.16,0
3,1983,0.95,-0.16,0
3,1983,0.95,-0.16,0
3,1983,0.95,-0.16,0
3,1983,0.95,-0.16,0
3,1983,0.95,-0.16,0
3,1983,0.95,-0.16,0
3,1983,0.95,-0.16,0
3,1983,0.95,-0.16,0
3,1983,0.95,-0.16,0
3,1983,0.95,-0.16,0
3,1983,0.95,-0.16,0
3,1983,0.95,-0.16,0
3,1983,0.95,-0.16,0
3,1983,0.95,-0.16,0
3,1983,0.95,-0.16,0
3,1983,0.95,-0.16,0
3,1983,0.95,-0.16,0
3,1983,0.95,-0.16,0
3,1983,0.95,-0.16,0
3,1983,0.95,-0.16,0
3,1983,0.95,-0.16,0
3,1983,0.95,-0.16,0
3,1983,0.95,-0.16,0
3,1983,0.95,-0.16,0
3,1983,0.95,-0.16,0
3,1983,0.95,-0.16,0
3,1983,0.95,-0.16,0
3,1983,0.95,-0.16,0
3,1983,0.95,-0.16,0
3,1983,0.95,-0.16,0
4,1983,-0.85,-0.16,0
4,1983,-0.85,-0.16,0
4,1983,-0.85,-0.16,0
4,1983,-0.85,-0.16,0
4,1983,-0.85,-0.16,0
4,1983,-0.85,-0.16,0
4,1983,-0.85,-0.16,0
4,1983,-0.85,-0.16,0
4,1983,-0.85,-0.16,0
4,1983,-0.85,-0.16,0
4,1983,-0.85,-0.16,0
4,1983,-0.85,-0.16,0
4,1983,-0.85,-0.16,0
4,1983,-0.85,-0.16,0
4,1983,-0.85,-0.16,0
4,1983,-0.85,-0.16,0
4,1983,-0.85,-0.16,0
4,1983,-0.85,-0.16,0
4,1983,-0.85,-0.16,0
4,1983,-0.85,-0.16,0
4,1983,-0.85,-0.16,0
4,1983,-0.85,-0.16,0
4,1983,-0.85,-0.16,0
4,1983,-0.85,-0.16,0
4,1983,-0.85,-0.16,0
4,1983,-0.85,-0.16,0
4,1983,-0.85,-0.16,0
4,1983,-0.85,-0.16,0
4,1983,-0.85,-0.16,0
4,1983,-0.85,-0.16,0
5,1983,-0.07,-0.16,0
5,1983,-0.07,-0.16,0
5,1983,-0.07,-0.16,0
5,1983,-0.07,-0.16,0
5,1983,-0.07,-0.16,0
5,1983,-0.07,-0.16,0
5,1983,-0.07,-0.16,0
5,1983,-0.07,-0.16,0
5,1983,-0.07,-0.16,0
5,1983,-0.07,-0.16,0
5,1983,-0.07,-0.16,0
5,1983,-0.07,-0.16,0
5,1983,-0.07,-0.16,0
5,1983,-0.07,-0.16,0
5,1983,-0.07,-0.16,0
5,1983,-0.07,-0.16,0
5,1983,-0.07,-0.16,0
5,1983,-0.07,-0.16,0
5,1983,-0.07,-0.16,0
5,1983,-0.07,-0.16,0
5,1983,-0.07,-0.16,0
5,1983,-0.07,-0.16,0
5,1983,-0.07,-0.16,0
5,1983,-0.07,-0.16,0
5,1983,-0.07,-0.16,0
5,1983,-0.07,-0.16,0
5,1983,-0.07,-0.16,0
5,1983,-0.07,-0.16,0
5,1983,-0.07,-0.16,0
5,1983,-0.07,-0.16,0
5,1983,-0.07,-0.16,0
6,1983,0.99,-0.16,0
6,1983,0.99,-0.16,0
6,1983,0.99,-0.16,0
6,1983,0.99,-0.16,0
6,1983,0.99,-0.16,0
6,1983,0.99,-0.16,0
6,1983,0.99,-0.16,0
6,1983,0.99,-0.16,0
6,1983,0.99,-0.16,0
6,1983,0.99,-0.16,0
6,1983,0.99,-0.16,0
6,1983,0.99,-0.16,0
6,1983,0.99,-0.16,0
6,1983,0.99,-0.16,0
6,1983,0.99,-0.16,0
6,1983,0.99,-0.16,0
6,1983,0.99,-0.16,0
6,1983,0.99,-0.16,0
6,1983,0.99,-0.16,0
6,1983,0.99,-0.16,0
6,1983,0.99,-0.16,0
6,1983,0.99,-0.16,0
6,1983,0.99,-0.16,0
6,1983,0.99,-0.16,0
6,1983,0.99,-0.16,0
6,1983,0.99,-0.16,0
6,1983,0.99,-0.16,0
6,1983,0.99,-0.16,0
6,1983,0.99,-0.16,0
7,1983,1.19,-0.16,0
7,1983,1.19,-0.16,0
7,1983,1.19,-0.16,0
7,1983,1.19,-0.16,0
7,1983,1.19,-0.16,0
7,1983,1.19,-0.16,0
7,1983,1.19,-0.16,0
7,1983,1.19,-0.16,0
7,1983,1.19,-0.16,0
7,1983,1.19,-0.16,0
7,1983,1.19,-0.16,0
7,1983,1.19,-0.16,0
7,1983,1.19,-0.16,0
7,1983,1.19,-0.16,0
7,1983,1.19,-0.16,0
7,1983,1.19,-0.16,0
7,1983,1.19,-0.16,0
7,1983,1.19,-0.16,0
7,1983,1.19,-0.16,0
7,1983,1.19,-0.16,0
7,1983,1.19,-0.16,0
7,1983,1.19,-0.16,0
7,1983,1.19,-0.16,0
7,1983,1.19,-0.16,0
7,1983,1.19,-0.16,0
7,1983,1.19,-0.16,0
7,1983,1.19,-0.16,0
7,1983,1.19,-0.16,0
7,1983,1.19,-0.16,0
7,1983,1.19,-0.16,0
7,1983,1.19,-0.16,0
8,1983,1.61,-0.15,0
8,1983,1.61,-0.15,0
8,1983,1.61,-0.15,0
8,1983,1.61,-0.15,0
8,1983,1.61,-0.15,0
8,1983,1.61,-0.15,0
8,1983,1.61,-0.15,0
8,1983,1.61,-0.15,0
8,1983,1.61,-0.15,0
8,1983,1.61,-0.15,0
8,1983,1.61,-0.15,0
8,1983,1.61,-0.15,0
8,1983,1.61,-0.15,0
8,1983,1.61,-0.15,0
8,1983,1.61,-0.15,0
8,1983,1.61,-0.15,0
8,1983,1.61,-0.15,0
8,1983,1.61,-0.15,0
8,1983,1.61,-0.15,0
8,1983,1.61,-0.15,0
8,1983,1.61,-0.15,0
8,1983,1.61,-0.15,0
8,1983,1.61,-0.15,0
8,1983,1.61,-0.15,0
8,1983,1.61,-0.15,0
8,1983,1.61,-0.15,0
8,1983,1.61,-0.15,0
9,1983,-1.12,-0.15,0
9,1983,-1.12,-0.15,0
9,1983,-1.12,-0.15,0
9,1983,-1.12,-0.15,0
9,1983,-1.12,-0.15,0
9,1983,-1.12,-0.15,0
9,1983,-1.12,-0.15,0
9,1983,-1.12,-0.15,0
9,1983,-1.12,-0.15,0
9,1983,-1.12,-0.15,0
9,1983,-1.12,-0.15,0
9,1983,-1.12,-0.15,0
9,1983,-1.12,-0.15,0
9,1983,-1.12,-0.15,0
9,1983,-1.12,-0.15,0
9,1983,-1.12,-0.15,0
9,1983,-1.12,-0.15,0
9,1983,-1.12,-0.15,0
9,1983,-1.12,-0.15,0
9,1983,-1.12,-0.15,0
9,1983,-1.12,-0.15,0
9,1983,-1.12,-0.15,0
9,1983,-1.12,-0.15,0
9,1983,-1.12,-0.15,0
9,1983,-1.12,-0.15,0
9,1983,-1.12,-0.15,0
9,1983,-1.12,-0.15,0
9,1983,-1.12,-0.15,0
9,1983,-1.12,-0.15,0
9,1983,-1.12,-0.15,0
10,1983,0.65,-0.15,0
10,1983,0.65,-0.15,0
10,1983,0.65,-0.15,0
10,1983,0.65,-0.15,0
10,1983,0.65,-0.15,0
10,1983,0.65,-0.15,0
10,1983,0.65,-0.15,0
10,1983,0.65,-0.15,0
10,1983,0.65,-0.15,0
10,1983,0.65,-0.15,0
10,1983,0.65,-0.15,0
10,1983,0.65,-0.15,0
10,1983,0.65,-0.15,0
10,1983,0.65,-0.15,0
10,1983,0.65,-0.15,0
10,1983,0.65,-0.15,0
10,1983,0.65,-0.15,0
10,1983,0.65,-0.15,0
10,1983,0.65,-0.15,0
10,1983,0.65,-0.15,0
10,1983,0.65,-0.15,0
10,1983,0.65,-0.15,0
10,1983,0.65,-0.15,0
10,1983,0.65,-0.15,0
10,1983,0.65,-0.15,0
10,1983,0.65,-0.15,0
10,1983,0.65,-0.15,0
10,1983,0.65,-0.15,0
10,1983,0.65,-0.15,0
10,1983,0.65,-0.15,0
10,1983,0.65,-0.15,0
11,1983,-0.98,-0.15,0
11,1983,-0.98,-0.15,0
11,1983,-0.98,-0.15,0
11,1983,-0.98,-0.15,0
11,1983,-0.98,-0.15,0
11,1983,-0.98,-0.15,0
11,1983,-0.98,-0.15,0
11,1983,-0.98,-0.15,0
11,1983,-0.98,-0.15,0
11,1983,-0.98,-0.15,0
11,1983,-0.98,-0.15,0
11,1983,-0.98,-0.15,0
11,1983,-0.98,-0.15,0
11,1983,-0.98,-0.15,0
11,1983,-0.98,-0.15,0
11,1983,-0.98,-0.15,0
11,1983,-0.98,-0.15,0
11,1983,-0.98,-0.15,0
11,1983,-0.98,-0.15,0
11,1983,-0.98,-0.15,0
11,1983,-0.98,-0.15,0
11,1983,-0.98,-0.15,0
11,1983,-0.98,-0.15,0
11,1983,-0.98,-0.15,0
11,1983,-0.98,-0.15,0
11,1983,-0.98,-0.15,0
11,1983,-0.98,-0.15,0
11,1983,-0.98,-0.15,0
11,1983,-0.98,-0.15,0
11,1983,-0.98,-0.15,0
12,1983,0.29,-0.15,0
12,1983,0.29,-0.15,0
12,1983,0.29,-0.15,0
12,1983,0.29,-0.15,0
12,1983,0.29,-0.15,0
12,1983,0.29,-0.15,0
12,1983,0.29,-0.15,0
12,1983,0.29,-0.15,0
12,1983,0.29,-0.15,0
12,1983,0.29,-0.15,0
12,1983,0.29,-0.15,0
12,1983,0.29,-0.15,0
12,1983,0.29,-0.15,0
12,1983,0.29,-0.15,0
12,1983,0.29,-0.15,0
12,1983,0.29,-0.15,0
12,1983,0.29,-0.15,0
12,1983,0.29,-0.15,0
12,1983,0.29,-0.15,0
12,1983,0.29,-0.15,0
12,1983,0.29,-0.15,0
12,1983,0.29,-0.15,0
12,1983,0.29,-0.15,0
12,1983,0.29,-0.15,0
12,1983,0.29,-0.15,0
12,1983,0.29,-0.15,0
12,1983,0.29,-0.15,0
12,1983,0.29,-0.15,0
12,1983,0.29,-0.15,0
12,1983,0.29,-0.15,0
12,1983,0.29,-0.15,0
1,1984,1.66,-0.15,0
1,1984,1.66,-0.15,0
1,1984,1.66,-0.15,0
1,1984,1.66,-0.15,0
1,1984,1.66,-0.15,0
1,1984,1.66,-0.15,0
1,1984,1.66,-0.15,0
1,1984,1.66,-0.15,0
1,1984,1.66,-0.15,0
1,1984,1.66,-0.15,0
1,1984,1.66,-0.15,0
1,1984,1.66,-0.15,0
1,1984,1.66,-0.15,0
1,1984,1.66,-0.15,0
1,1984,1.66,-0.15,0
1,1984,1.66,-0.15,0
1,1984,1.66,-0.15,0
1,1984,1.66,-0.15,0
1,1984,1.66,-0.15,0
1,1984,1.66,-0.15,0
1,1984,1.66,-0.15,0
1,1984,1.66,-0.15,0
1,1984,1.66,-0.15,0
1,1984,1.66,-0.15,0
1,1984,1.66,-0.15,0
1,1984,1.66,-0.15,0
1,1984,1.66,-0.15,0
1,1984,1.66,-0.15,0
1,1984,1.66,-0.15,0
1,1984,1.66,-0.15,0
1,1984,1.66,-0.15,0
2,1984,0.72,-0.15,0
2,1984,0.72,-0.15,0
2,1984,0.72,-0.15,0
2,1984,0.72,-0.15,0
2,1984,0.72,-0.15,0
2,1984,0.72,-0.15,0
2,1984,0.72,-0.15,0
2,1984,0.72,-0.15,0
2,1984,0.72,-0.15,0
2,1984,0.72,-0.15,0
2,1984,0.72,-0.15,0
2,1984,0.72,-0.15,0
2,1984,0.72,-0.15,0
2,1984,0.72,-0.15,0
2,1984,0.72,-0.15,0
2,1984,0.72,-0.15,0
2,1984,0.72,-0.15,0
2,1984,0.72,-0.15,0
2,1984,0.72,-0.15,0
2,1984,0.72,-0.15,0
2,1984,0.72,-0.15,0
2,1984,0.72,-0.15,0
2,1984,0.72,-0.15,0
2,1984,0.72,-0.15,0
2,1984,0.72,-0.15,0
2,1984,0.72,-0.15,0
2,1984,0.72,-0.15,0
2,1984,0.72,-0.15,0
2,1984,0.72,-0.15,0
3,1984,-0.37,-0.15,0
3,1984,-0.37,-0.15,0
3,1984,-0.37,-0.15,0
3,1984,-0.37,-0.15,0
3,1984,-0.37,-0.15,0
3,1984,-0.37,-0.15,0
3,1984,-0.37,-0.15,0
3,1984,-0.37,-0.15,0
3,1984,-0.37,-0.15,0
3,1984,-0.37,-0.15,0
3,1984,-0.37,-0.15,0
3,1984,-0.37,-0.15,0
3,1984,-0.37,-0.15,0
3,1984,-0.37,-0.15,0
3,1984,-0.37,-0.15,0
3,1984,-0.37,-0.15,0
3,1984,-0.37,-0.15,0
3,1984,-0.37,-0.15,0
3,1984,-0.37,-0.15,0
3,1984,-0.37,-0.15,0
3,1984,-0.37,-0.15,0
3,1984,-0.37,-0.15,0
3,1984,-0.37,-0.15,0
3,1984,-0.37,-0.15,0
3,1984,-0.37,-0.15,0
3,1984,-0.37,-0.15,0
3,1984,-0.37,-0.15,0
3,1984,-0.37,-0.15,0
3,1984,-0.37,-0.15,0
3,1984,-0.37,-0.15,0
3,1984,-0.37,-0.15,0
4,1984,-0.28,-0.15,0
4,1984,-0.28,-0.15,0
4,1984,-0.28,-0.15,0
4,1984,-0.28,-0.15,0
4,1984,-0.28,-0.15,0
4,1984,-0.28,-0.15,0
4,1984,-0.28,-0.15,0
4,1984,-0.28,-0.15,0
4,1984,-0.28,-0.15,0
4,1984,-0.28,-0.15,0
4,1984,-0.28,-0.15,0
4,1984,-0.28,-0.15,0
4,1984,-0.28,-0.15,0
4,1984,-0.28,-0.15,0
4,1984,-0.28,-0.15,0
4,1984,-0.28,-0.15,0
4,1984,-0.28,-0.15,0
4,1984,-0.28,-0.15,0
4,1984,-0.28,-0.15,0
4,1984,-0.28,-0.15,0
4,1984,-0.28,-0.15,0
4,1984,-0.28,-0.15,0
4,1984,-0.28,-0.15,0
4,1984,-0.28,-0.15,0
4,1984,-0.28,-0.15,0
4,1984,-0.28,-0.15,0
4,1984,-0.28,-0.15,0
4,1984,-0.28,-0.15,0
4,1984,-0.28,-0.15,0
4,1984,-0.28,-0.15,0
5,1984,0.54,-0.15,0
5,1984,0.54,-0.15,0
5,1984,0.54,-0.15,0
5,1984,0.54,-0.15,0
5,1984,0.54,-0.15,0
5,1984,0.54,-0.15,0
5,1984,0.54,-0.15,0
5,1984,0.54,-0.15,0
5,1984,0.54,-0.15,0
5,1984,0.54,-0.15,0
5,1984,0.54,-0.15,0
5,1984,0.54,-0.15,0
5,1984,0.54,-0.15,0
5,1984,0.54,-0.15,0
5,1984,0.54,-0.15,0
5,1984,0.54,-0.15,0
5,1984,0.54,-0.15,0
5,1984,0.54,-0.15,0
5,1984,0.54,-0.15,0
5,1984,0.54,-0.15,0
5,1984,0.54,-0.15,0
5,1984,0.54,-0.15,0
5,1984,0.54,-0.15,0
5,1984,0.54,-0.15,0
5,1984,0.54,-0.15,0
5,1984,0.54,-0.15,0
5,1984,0.54,-0.15,0
5,1984,0.54,-0.15,0
5,1984,0.54,-0.15,0
5,1984,0.54,-0.15,0
6,1984,-0.42,-0.15,0
6,1984,-0.42,-0.15,0
6,1984,-0.42,-0.15,0
6,1984,-0.42,-0.15,0
6,1984,-0.42,-0.15,0
6,1984,-0.42,-0.15,0
6,1984,-0.42,-0.15,0
6,1984,-0.42,-0.15,0
6,1984,-0.42,-0.15,0
6,1984,-0.42,-0.15,0
6,1984,-0.42,-0.15,0
6,1984,-0.42,-0.15,0
6,1984,-0.42,-0.15,0
6,1984,-0.42,-0.15,0
6,1984,-0.42,-0.15,0
6,1984,-0.42,-0.15,0
6,1984,-0.42,-0.15,0
6,1984,-0.42,-0.15,0
6,1984,-0.42,-0.15,0
6,1984,-0.42,-0.15,0
6,1984,-0.42,-0.15,0
6,1984,-0.42,-0.15,0
6,1984,-0.42,-0.15,0
6,1984,-0.42,-0.15,0
6,1984,-0.42,-0.15,0
6,1984,-0.42,-0.15,0
6,1984,-0.42,-0.15,0
6,1984,-0.42,-0.15,0
6,1984,-0.42,-0.15,0
6,1984,-0.42,-0.15,0
7,1984,-0.07,-0.15,0
7,1984,-0.07,-0.15,0
7,1984,-0.07,-0.15,0
7,1984,-0.07,-0.15,0
7,1984,-0.07,-0.15,0
7,1984,-0.07,-0.15,0
7,1984,-0.07,-0.15,0
7,1984,-0.07,-0.15,0
7,1984,-0.07,-0.15,0
7,1984,-0.07,-0.15,0
7,1984,-0.07,-0.15,0
7,1984,-0.07,-0.15,0
7,1984,-0.07,-0.15,0
7,1984,-0.07,-0.15,0
7,1984,-0.07,-0.15,0
7,1984,-0.07,-0.15,0
7,1984,-0.07,-0.15,0
7,1984,-0.07,-0.15,0
7,1984,-0.07,-0.15,0
7,1984,-0.07,-0.15,0
7,1984,-0.07,-0.15,0
7,1984,-0.07,-0.15,0
7,1984,-0.07,-0.15,0
7,1984,-0.07,-0.15,0
7,1984,-0.07,-0.15,0
7,1984,-0.07,-0.15,0
7,1984,-0.07,-0.15,0
7,1984,-0.07,-0.15,0
7,1984,-0.07,-0.15,0
7,1984,-0.07,-0.15,0
7,1984,-0.07,-0.15,0
8,1984,1.15,-0.15,0
8,1984,1.15,-0.15,0
8,1984,1.15,-0.15,0
8,1984,1.15,-0.15,0
8,1984,1.15,-0.15,0
8,1984,1.15,-0.15,0
8,1984,1.15,-0.15,0
8,1984,1.15,-0.15,0
8,1984,1.15,-0.15,0
8,1984,1.15,-0.15,0
8,1984,1.15,-0.15,0
8,1984,1.15,-0.15,0
8,1984,1.15,-0.15,0
8,1984,1.15,-0.15,0
8,1984,1.15,-0.15,0
8,1984,1.15,-0.15,0
8,1984,1.15,-0.15,0
8,1984,1.15,-0.15,0
8,1984,1.15,-0.15,0
8,1984,1.15,-0.15,0
8,1984,1.15,-0.15,0
8,1984,1.15,-0.15,0
8,1984,1.15,-0.15,0
8,1984,1.15,-0.15,0
8,1984,1.15,-0.15,0
8,1984,1.15,-0.15,0
8,1984,1.15,-0.15,0
8,1984,1.15,-0.15,0
8,1984,1.15,-0.15,0
8,1984,1.15,-0.15,0
9,1984,0.17,-0.15,0
9,1984,0.17,-0.15,0
9,1984,0.17,-0.15,0
9,1984,0.17,-0.15,0
9,1984,0.17,-0.15,0
9,1984,0.17,-0.15,0
9,1984,0.17,-0.15,0
9,1984,0.17,-0.15,0
9,1984,0.17,-0.15,0
9,1984,0.17,-0.15,0
9,1984,0.17,-0.15,0
9,1984,0.17,-0.15,0
9,1984,0.17,-0.15,0
9,1984,0.17,-0.15,0
9,1984,0.17,-0.15,0
9,1984,0.17,-0.15,0
9,1984,0.17,-0.15,0
9,1984,0.17,-0.15,0
9,1984,0.17,-0.15,0
9,1984,0.17,-0.15,0
9,1984,0.17,-0.15,0
9,1984,0.17,-0.15,0
9,1984,0.17,-0.15,0
9,1984,0.17,-0.15,0
9,1984,0.17,-0.15,0
9,1984,0.17,-0.15,0
9,1984,0.17,-0.15,0
9,1984,0.17,-0.15,0
9,1984,0.17,-0.15,0
9,1984,0.17,-0.15,0
10,1984,-0.07,-0.15,0
10,1984,-0.07,-0.15,0
10,1984,-0.07,-0.15,0
10,1984,-0.07,-0.15,0
10,1984,-0.07,-0.15,0
10,1984,-0.07,-0.15,0
10,1984,-0.07,-0.15,0
10,1984,-0.07,-0.15,0
10,1984,-0.07,-0.15,0
10,1984,-0.07,-0.15,0
10,1984,-0.07,-0.15,0
10,1984,-0.07,-0.15,0
10,1984,-0.07,-0.15,0
10,1984,-0.07,-0.15,0
10,1984,-0.07,-0.15,0
10,1984,-0.07,-0.15,0
10,1984,-0.07,-0.15,0
10,1984,-0.07,-0.15,0
10,1984,-0.07,-0.15,0
10,1984,-0.07,-0.15,0
10,1984,-0.07,-0.15,0
10,1984,-0.07,-0.15,0
10,1984,-0.07,-0.15,0
10,1984,-0.07,-0.15,0
10,1984,-0.07,-0.15,0
10,1984,-0.07,-0.15,0
10,1984,-0.07,-0.15,0
10,1984,-0.07,-0.15,0
10,1984,-0.07,-0.15,0
10,1984,-0.07,-0.15,0
10,1984,-0.07,-0.15,0
11,1984,-0.06,-0.15,0
11,1984,-0.06,-0.15,0
11,1984,-0.06,-0.15,0
11,1984,-0.06,-0.15,0
11,1984,-0.06,-0.15,0
11,1984,-0.06,-0.15,0
11,1984,-0.06,-0.15,0
11,1984,-0.06,-0.15,0
11,1984,-0.06,-0.15,0
11,1984,-0.06,-0.15,0
11,1984,-0.06,-0.15,0
11,1984,-0.06,-0.15,0
11,1984,-0.06,-0.15,0
11,1984,-0.06,-0.15,0
11,1984,-0.06,-0.15,0
11,1984,-0.06,-0.15,0
11,1984,-0.06,-0.15,0
11,1984,-0.06,-0.15,0
11,1984,-0.06,-0.15,0
11,1984,-0.06,-0.15,0
11,1984,-0.06,-0.15,0
11,1984,-0.06,-0.15,0
11,1984,-0.06,-0.15,0
11,1984,-0.06,-0.15,0
11,1984,-0.06,-0.15,0
11,1984,-0.06,-0.15,0
11,1984,-0.06,-0.15,0
11,1984,-0.06,-0.15,0
11,1984,-0.06,-0.15,0
11,1984,-0.06,-0.15,0
12,1984,0,-0.15,0
12,1984,0,-0.15,0
12,1984,0,-0.15,0
12,1984,0,-0.15,0
12,1984,0,-0.15,0
12,1984,0,-0.15,0
12,1984,0,-0.15,0
12,1984,0,-0.15,0
12,1984,0,-0.15,0
12,1984,0,-0.15,0
12,1984,0,-0.15,0
12,1984,0,-0.15,0
12,1984,0,-0.15,0
12,1984,0,-0.15,0
12,1984,0,-0.15,0
12,1984,0,-0.15,0
12,1984,0,-0.15,0
12,1984,0,-0.15,0
12,1984,0,-0.15,0
12,1984,0,-0.15,0
12,1984,0,-0.15,0
12,1984,0,-0.15,0
12,1984,0,-0.15,0
12,1984,0,-0.15,0
12,1984,0,-0.15,0
12,1984,0,-0.15,0
12,1984,0,-0.15,0
12,1984,0,-0.15,0
12,1984,0,-0.15,0
12,1984,0,-0.15,0
12,1984,0,-0.15,0
1,1985,-1.61,-0.15,0
1,1985,-1.61,-0.15,0
1,1985,-1.61,-0.15,0
1,1985,-1.61,-0.15,0
1,1985,-1.61,-0.15,0
1,1985,-1.61,-0.15,0
1,1985,-1.61,-0.15,0
1,1985,-1.61,-0.15,0
1,1985,-1.61,-0.15,0
1,1985,-1.61,-0.15,0
1,1985,-1.61,-0.15,0
1,1985,-1.61,-0.15,0
1,1985,-1.61,-0.15,0
1,1985,-1.61,-0.15,0
1,1985,-1.61,-0.15,0
1,1985,-1.61,-0.15,0
1,1985,-1.61,-0.15,0
1,1985,-1.61,-0.15,0
1,1985,-1.61,-0.15,0
1,1985,-1.61,-0.15,0
1,1985,-1.61,-0.15,0
1,1985,-1.61,-0.15,0
1,1985,-1.61,-0.15,0
1,1985,-1.61,-0.15,0
1,1985,-1.61,-0.15,0
1,1985,-1.61,-0.15,0
1,1985,-1.61,-0.15,0
1,1985,-1.61,-0.15,0
1,1985,-1.61,-0.15,0
1,1985,-1.61,-0.15,0
1,1985,-1.61,-0.15,0
2,1985,-0.49,-0.15,0
2,1985,-0.49,-0.15,0
2,1985,-0.49,-0.15,0
2,1985,-0.49,-0.15,0
2,1985,-0.49,-0.15,0
2,1985,-0.49,-0.15,0
2,1985,-0.49,-0.15,0
2,1985,-0.49,-0.15,0
2,1985,-0.49,-0.15,0
2,1985,-0.49,-0.15,0
2,1985,-0.49,-0.15,0
2,1985,-0.49,-0.15,0
2,1985,-0.49,-0.15,0
2,1985,-0.49,-0.15,0
2,1985,-0.49,-0.15,0
2,1985,-0.49,-0.15,0
2,1985,-0.49,-0.15,0
2,1985,-0.49,-0.15,0
2,1985,-0.49,-0.15,0
2,1985,-0.49,-0.15,0
2,1985,-0.49,-0.15,0
2,1985,-0.49,-0.15,0
2,1985,-0.49,-0.15,0
2,1985,-0.49,-0.15,0
2,1985,-0.49,-0.15,0
2,1985,-0.49,-0.15,0
2,1985,-0.49,-0.15,0
2,1985,-0.49,-0.15,0
3,1985,0.2,-0.15,0
3,1985,0.2,-0.15,0
3,1985,0.2,-0.15,0
3,1985,0.2,-0.15,0
3,1985,0.2,-0.15,0
3,1985,0.2,-0.15,0
3,1985,0.2,-0.15,0
3,1985,0.2,-0.15,0
3,1985,0.2,-0.15,0
3,1985,0.2,-0.15,0
3,1985,0.2,-0.15,0
3,1985,0.2,-0.15,0
3,1985,0.2,-0.15,0
3,1985,0.2,-0.15,0
3,1985,0.2,-0.15,0
3,1985,0.2,-0.15,0
3,1985,0.2,-0.15,0
3,1985,0.2,-0.15,0
3,1985,0.2,-0.15,0
3,1985,0.2,-0.15,0
3,1985,0.2,-0.15,0
3,1985,0.2,-0.15,0
3,1985,0.2,-0.15,0
3,1985,0.2,-0.15,0
3,1985,0.2,-0.15,0
3,1985,0.2,-0.15,0
3,1985,0.2,-0.15,0
3,1985,0.2,-0.15,0
3,1985,0.2,-0.15,0
3,1985,0.2,-0.15,0
3,1985,0.2,-0.15,0
4,1985,0.32,-0.15,0
4,1985,0.32,-0.15,0
4,1985,0.32,-0.15,0
4,1985,0.32,-0.15,0
4,1985,0.32,-0.15,0
4,1985,0.32,-0.15,0
4,1985,0.32,-0.15,0
4,1985,0.32,-0.15,0
4,1985,0.32,-0.15,0
4,1985,0.32,-0.15,0
4,1985,0.32,-0.15,0
4,1985,0.32,-0.15,0
4,1985,0.32,-0.15,0
4,1985,0.32,-0.15,0
4,1985,0.32,-0.15,0
4,1985,0.32,-0.15,0
4,1985,0.32,-0.15,0
4,1985,0.32,-0.15,0
4,1985,0.32,-0.15,0
4,1985,0.32,-0.15,0
4,1985,0.32,-0.15,0
4,1985,0.32,-0.15,0
4,1985,0.32,-0.15,0
4,1985,0.32,-0.15,0
4,1985,0.32,-0.15,0
4,1985,0.32,-0.15,0
4,1985,0.32,-0.15,0
4,1985,0.32,-0.15,0
5,1985,-0.49,-0.16,0
5,1985,-0.49,-0.16,0
5,1985,-0.49,-0.16,0
5,1985,-0.49,-0.16,0
5,1985,-0.49,-0.16,0
5,1985,-0.49,-0.16,0
5,1985,-0.49,-0.16,0
5,1985,-0.49,-0.16,0
5,1985,-0.49,-0.16,0
5,1985,-0.49,-0.16,0
5,1985,-0.49,-0.16,0
5,1985,-0.49,-0.16,0
5,1985,-0.49,-0.16,0
5,1985,-0.49,-0.16,0
5,1985,-0.49,-0.16,0
5,1985,-0.49,-0.16,0
5,1985,-0.49,-0.16,0
5,1985,-0.49,-0.16,0
5,1985,-0.49,-0.16,0
5,1985,-0.49,-0.16,0
5,1985,-0.49,-0.16,0
5,1985,-0.49,-0.16,0
5,1985,-0.49,-0.16,0
5,1985,-0.49,-0.16,0
5,1985,-0.49,-0.16,0
5,1985,-0.49,-0.16,0
5,1985,-0.49,-0.16,0
5,1985,-0.49,-0.16,0
5,1985,-0.49,-0.16,0
5,1985,-0.49,-0.16,0
5,1985,-0.49,-0.16,0
6,1985,-0.8,-0.16,0
6,1985,-0.8,-0.16,0
6,1985,-0.8,-0.16,0
6,1985,-0.8,-0.16,0
6,1985,-0.8,-0.16,0
6,1985,-0.8,-0.16,0
6,1985,-0.8,-0.16,0
6,1985,-0.8,-0.16,0
6,1985,-0.8,-0.16,0
6,1985,-0.8,-0.16,0
6,1985,-0.8,-0.16,0
6,1985,-0.8,-0.16,0
6,1985,-0.8,-0.16,0
6,1985,-0.8,-0.16,0
6,1985,-0.8,-0.16,0
6,1985,-0.8,-0.16,0
6,1985,-0.8,-0.16,0
6,1985,-0.8,-0.16,0
6,1985,-0.8,-0.16,0
6,1985,-0.8,-0.16,0
6,1985,-0.8,-0.16,0
6,1985,-0.8,-0.16,0
6,1985,-0.8,-0.16,0
6,1985,-0.8,-0.16,0
6,1985,-0.8,-0.16,0
6,1985,-0.8,-0.16,0
6,1985,-0.8,-0.16,0
6,1985,-0.8,-0.16,0
6,1985,-0.8,-0.16,0
7,1985,1.22,-0.16,0
7,1985,1.22,-0.16,0
7,1985,1.22,-0.16,0
7,1985,1.22,-0.16,0
7,1985,1.22,-0.16,0
7,1985,1.22,-0.16,0
7,1985,1.22,-0.16,0
7,1985,1.22,-0.16,0
7,1985,1.22,-0.16,0
7,1985,1.22,-0.16,0
7,1985,1.22,-0.16,0
7,1985,1.22,-0.16,0
7,1985,1.22,-0.16,0
7,1985,1.22,-0.16,0
7,1985,1.22,-0.16,0
7,1985,1.22,-0.16,0
7,1985,1.22,-0.16,0
7,1985,1.22,-0.16,0
7,1985,1.22,-0.16,0
7,1985,1.22,-0.16,0
7,1985,1.22,-0.16,0
7,1985,1.22,-0.16,0
7,1985,1.22,-0.16,0
7,1985,1.22,-0.16,0
7,1985,1.22,-0.16,0
7,1985,1.22,-0.16,0
7,1985,1.22,-0.16,0
7,1985,1.22,-0.16,0
7,1985,1.22,-0.16,0
7,1985,1.22,-0.16,0
7,1985,1.22,-0.16,0
8,1985,-0.48,-0.16,0
8,1985,-0.48,-0.16,0
8,1985,-0.48,-0.16,0
8,1985,-0.48,-0.16,0
8,1985,-0.48,-0.16,0
8,1985,-0.48,-0.16,0
8,1985,-0.48,-0.16,0
8,1985,-0.48,-0.16,0
8,1985,-0.48,-0.16,0
8,1985,-0.48,-0.16,0
8,1985,-0.48,-0.16,0
8,1985,-0.48,-0.16,0
8,1985,-0.48,-0.16,0
8,1985,-0.48,-0.16,0
8,1985,-0.48,-0.16,0
8,1985,-0.48,-0.16,0
8,1985,-0.48,-0.16,0
8,1985,-0.48,-0.16,0
8,1985,-0.48,-0.16,0
8,1985,-0.48,-0.16,0
8,1985,-0.48,-0.16,0
8,1985,-0.48,-0.16,0
8,1985,-0.48,-0.16,0
8,1985,-0.48,-0.16,0
8,1985,-0.48,-0.16,0
8,1985,-0.48,-0.16,0
8,1985,-0.48,-0.16,0
8,1985,-0.48,-0.16,0
8,1985,-0.48,-0.16,0
8,1985,-0.48,-0.16,0
9,1985,-0.52,-0.16,0
9,1985,-0.52,-0.16,0
9,1985,-0.52,-0.16,0
9,1985,-0.52,-0.16,0
9,1985,-0.52,-0.16,0
9,1985,-0.52,-0.16,0
9,1985,-0.52,-0.16,0
9,1985,-0.52,-0.16,0
9,1985,-0.52,-0.16,0
9,1985,-0.52,-0.16,0
9,1985,-0.52,-0.16,0
9,1985,-0.52,-0.16,0
9,1985,-0.52,-0.16,0
9,1985,-0.52,-0.16,0
9,1985,-0.52,-0.16,0
9,1985,-0.52,-0.16,0
9,1985,-0.52,-0.16,0
9,1985,-0.52,-0.16,0
9,1985,-0.52,-0.16,0
9,1985,-0.52,-0.16,0
9,1985,-0.52,-0.16,0
9,1985,-0.52,-0.16,0
9,1985,-0.52,-0.16,0
9,1985,-0.52,-0.16,0
9,1985,-0.52,-0.16,0
9,1985,-0.52,-0.16,0
9,1985,-0.52,-0.16,0
9,1985,-0.52,-0.16,0
9,1985,-0.52,-0.16,0
9,1985,-0.52,-0.16,0
10,1985,0.9,-0.16,0
10,1985,0.9,-0.16,0
10,1985,0.9,-0.16,0
10,1985,0.9,-0.16,0
10,1985,0.9,-0.16,0
10,1985,0.9,-0.16,0
10,1985,0.9,-0.16,0
10,1985,0.9,-0.16,0
10,1985,0.9,-0.16,0
10,1985,0.9,-0.16,0
10,1985,0.9,-0.16,0
10,1985,0.9,-0.16,0
10,1985,0.9,-0.16,0
10,1985,0.9,-0.16,0
10,1985,0.9,-0.16,0
10,1985,0.9,-0.16,0
10,1985,0.9,-0.16,0
10,1985,0.9,-0.16,0
10,1985,0.9,-0.16,0
10,1985,0.9,-0.16,0
10,1985,0.9,-0.16,0
10,1985,0.9,-0.16,0
10,1985,0.9,-0.16,0
10,1985,0.9,-0.16,0
10,1985,0.9,-0.16,0
10,1985,0.9,-0.16,0
10,1985,0.9,-0.16,0
10,1985,0.9,-0.16,0
11,1985,-0.67,-0.16,0
11,1985,-0.67,-0.16,0
11,1985,-0.67,-0.16,0
11,1985,-0.67,-0.16,0
11,1985,-0.67,-0.16,0
11,1985,-0.67,-0.16,0
11,1985,-0.67,-0.16,0
11,1985,-0.67,-0.16,0
11,1985,-0.67,-0.16,0
11,1985,-0.67,-0.16,0
11,1985,-0.67,-0.16,0
11,1985,-0.67,-0.16,0
11,1985,-0.67,-0.16,0
11,1985,-0.67,-0.16,0
11,1985,-0.67,-0.16,0
11,1985,-0.67,-0.16,0
11,1985,-0.67,-0.16,0
11,1985,-0.67,-0.16,0
11,1985,-0.67,-0.16,0
11,1985,-0.67,-0.16,0
11,1985,-0.67,-0.16,0
11,1985,-0.67,-0.16,0
11,1985,-0.67,-0.16,0
11,1985,-0.67,-0.16,0
11,1985,-0.67,-0.16,0
11,1985,-0.67,-0.16,0
11,1985,-0.67,-0.16,0
11,1985,-0.67,-0.16,0
11,1985,-0.67,-0.16,0
11,1985,-0.67,-0.16,0
12,1985,0.22,-0.16,0
12,1985,0.22,-0.16,0
12,1985,0.22,-0.16,0
12,1985,0.22,-0.16,0
12,1985,0.22,-0.16,0
12,1985,0.22,-0.16,0
12,1985,0.22,-0.16,0
12,1985,0.22,-0.16,0
12,1985,0.22,-0.16,0
12,1985,0.22,-0.16,0
12,1985,0.22,-0.16,0
12,1985,0.22,-0.16,0
12,1985,0.22,-0.16,0
12,1985,0.22,-0.16,0
12,1985,0.22,-0.16,0
12,1985,0.22,-0.16,0
12,1985,0.22,-0.16,0
12,1985,0.22,-0.16,0
12,1985,0.22,-0.16,0
12,1985,0.22,-0.16,0
12,1985,0.22,-0.16,0
12,1985,0.22,-0.16,0
12,1985,0.22,-0.16,0
12,1985,0.22,-0.16,0
12,1985,0.22,-0.16,0
12,1985,0.22,-0.16,0
12,1985,0.22,-0.16,0
12,1985,0.22,-0.16,0
12,1985,0.22,-0.16,0
12,1985,0.22,-0.16,0
12,1985,0.22,-0.16,0
1,1986,1.11,-0.16,0
1,1986,1.11,-0.16,0
1,1986,1.11,-0.16,0
1,1986,1.11,-0.16,0
1,1986,1.11,-0.16,0
1,1986,1.11,-0.16,0
1,1986,1.11,-0.16,0
1,1986,1.11,-0.16,0
1,1986,1.11,-0.16,0
1,1986,1.11,-0.16,0
1,1986,1.11,-0.16,0
1,1986,1.11,-0.16,0
1,1986,1.11,-0.16,0
1,1986,1.11,-0.16,0
1,1986,1.11,-0.16,0
1,1986,1.11,-0.16,0
1,1986,1.11,-0.16,0
1,1986,1.11,-0.16,0
1,1986,1.11,-0.16,0
1,1986,1.11,-0.16,0
1,1986,1.11,-0.16,0
1,1986,1.11,-0.16,0
1,1986,1.11,-0.16,0
1,1986,1.11,-0.16,0
1,1986,1.11,-0.16,0
1,1986,1.11,-0.16,0
1,1986,1.11,-0.16,0
1,1986,1.11,-0.16,0
1,1986,1.11,-0.16,0
1,1986,1.11,-0.16,0
1,1986,1.11,-0.16,0
2,1986,-1,-0.16,0
2,1986,-1,-0.16,0
2,1986,-1,-0.16,0
2,1986,-1,-0.16,0
2,1986,-1,-0.16,0
2,1986,-1,-0.16,0
2,1986,-1,-0.16,0
2,1986,-1,-0.16,0
2,1986,-1,-0.16,0
2,1986,-1,-0.16,0
2,1986,-1,-0.16,0
2,1986,-1,-0.16,0
2,1986,-1,-0.16,0
2,1986,-1,-0.16,0
2,1986,-1,-0.16,0
2,1986,-1,-0.16,0
2,1986,-1,-0.16,0
2,1986,-1,-0.16,0
2,1986,-1,-0.16,0
2,1986,-1,-0.16,0
2,1986,-1,-0.16,0
2,1986,-1,-0.16,0
2,1986,-1,-0.16,0
2,1986,-1,-0.16,0
2,1986,-1,-0.16,0
2,1986,-1,-0.16,0
2,1986,-1,-0.16,0
2,1986,-1,-0.16,0
3,1986,1.71,-0.16 .,0
3,1986,1.71,-0.16 .,0
3,1986,1.71,-0.16 .,0
3,1986,1.71,-0.16 .,0
3,1986,1.71,-0.16 .,0
3,1986,1.71,-0.16 .,0
3,1986,1.71,-0.16 .,0
3,1986,1.71,-0.16 .,0
3,1986,1.71,-0.16 .,0
3,1986,1.71,-0.16 .,0
3,1986,1.71,-0.16 .,0
3,1986,1.71,-0.16 .,0
3,1986,1.71,-0.16 .,0
3,1986,1.71,-0.16 .,0
3,1986,1.71,-0.16 .,0
3,1986,1.71,-0.16 .,0
3,1986,1.71,-0.16 .,0
3,1986,1.71,-0.16 .,0
3,1986,1.71,-0.16 .,0
3,1986,1.71,-0.16 .,0
3,1986,1.71,-0.16 .,0
3,1986,1.71,-0.16 .,0
3,1986,1.71,-0.16 .,0
3,1986,1.71,-0.16 .,0
3,1986,1.71,-0.16 .,0
3,1986,1.71,-0.16 .,0
3,1986,1.71,-0.16 .,0
3,1986,1.71,-0.16 .,0
3,1986,1.71,-0.16 .,0
3,1986,1.71,-0.16 .,0
3,1986,1.71,-0.16 .,0
4,1986,-0.59,-0.17,0
4,1986,-0.59,-0.17,0
4,1986,-0.59,-0.17,0
4,1986,-0.59,-0.17,0
4,1986,-0.59,-0.17,0
4,1986,-0.59,-0.17,0
4,1986,-0.59,-0.17,0
4,1986,-0.59,-0.17,0
4,1986,-0.59,-0.17,0
4,1986,-0.59,-0.17,0
4,1986,-0.59,-0.17,0
4,1986,-0.59,-0.17,0
4,1986,-0.59,-0.17,0
4,1986,-0.59,-0.17,0
4,1986,-0.59,-0.17,0
4,1986,-0.59,-0.17,0
4,1986,-0.59,-0.17,0
4,1986,-0.59,-0.17,0
4,1986,-0.59,-0.17,0
4,1986,-0.59,-0.17,0
4,1986,-0.59,-0.17,0
4,1986,-0.59,-0.17,0
4,1986,-0.59,-0.17,0
4,1986,-0.59,-0.17,0
4,1986,-0.59,-0.17,0
4,1986,-0.59,-0.17,0
4,1986,-0.59,-0.17,0
4,1986,-0.59,-0.17,0
4,1986,-0.59,-0.17,0
4,1986,-0.59,-0.17,0
5,1986,0.85,-0.17,0
5,1986,0.85,-0.17,0
5,1986,0.85,-0.17,0
5,1986,0.85,-0.17,0
5,1986,0.85,-0.17,0
5,1986,0.85,-0.17,0
5,1986,0.85,-0.17,0
5,1986,0.85,-0.17,0
5,1986,0.85,-0.17,0
5,1986,0.85,-0.17,0
5,1986,0.85,-0.17,0
5,1986,0.85,-0.17,0
5,1986,0.85,-0.17,0
5,1986,0.85,-0.17,0
5,1986,0.85,-0.17,0
5,1986,0.85,-0.17,0
5,1986,0.85,-0.17,0
5,1986,0.85,-0.17,0
5,1986,0.85,-0.17,0
5,1986,0.85,-0.17,0
5,1986,0.85,-0.17,0
5,1986,0.85,-0.17,0
5,1986,0.85,-0.17,0
5,1986,0.85,-0.17,0
5,1986,0.85,-0.17,0
5,1986,0.85,-0.17,0
5,1986,0.85,-0.17,0
5,1986,0.85,-0.17,0
5,1986,0.85,-0.17,0
5,1986,0.85,-0.17,0
5,1986,0.85,-0.17,0
6,1986,1.22,-0.17,0
6,1986,1.22,-0.17,0
6,1986,1.22,-0.17,0
6,1986,1.22,-0.17,0
6,1986,1.22,-0.17,0
6,1986,1.22,-0.17,0
6,1986,1.22,-0.17,0
6,1986,1.22,-0.17,0
6,1986,1.22,-0.17,0
6,1986,1.22,-0.17,0
6,1986,1.22,-0.17,0
6,1986,1.22,-0.17,0
6,1986,1.22,-0.17,0
6,1986,1.22,-0.17,0
6,1986,1.22,-0.17,0
6,1986,1.22,-0.17,0
6,1986,1.22,-0.17,0
6,1986,1.22,-0.17,0
6,1986,1.22,-0.17,0
6,1986,1.22,-0.17,0
6,1986,1.22,-0.17,0
6,1986,1.22,-0.17,0
6,1986,1.22,-0.17,0
6,1986,1.22,-0.17,0
6,1986,1.22,-0.17,0
7,1986,0.12,-0.18,0
7,1986,0.12,-0.18,0
7,1986,0.12,-0.18,0
7,1986,0.12,-0.18,0
7,1986,0.12,-0.18,0
7,1986,0.12,-0.18,0
7,1986,0.12,-0.18,0
7,1986,0.12,-0.18,0
7,1986,0.12,-0.18,0
7,1986,0.12,-0.18,0
7,1986,0.12,-0.18,0
7,1986,0.12,-0.18,0
7,1986,0.12,-0.18,0
7,1986,0.12,-0.18,0
7,1986,0.12,-0.18,0
7,1986,0.12,-0.18,0
7,1986,0.12,-0.18,0
7,1986,0.12,-0.18,0
7,1986,0.12,-0.18,0
7,1986,0.12,-0.18,0
7,1986,0.12,-0.18,0
7,1986,0.12,-0.18,0
7,1986,0.12,-0.18,0
7,1986,0.12,-0.18,0
7,1986,0.12,-0.18,0
7,1986,0.12,-0.18,0
7,1986,0.12,-0.18,0
7,1986,0.12,-0.18,0
7,1986,0.12,-0.18,0
7,1986,0.12,-0.18,0
7,1986,0.12,-0.18,0
8,1986,-1.09,-0.18,0
8,1986,-1.09,-0.18,0
8,1986,-1.09,-0.18,0
8,1986,-1.09,-0.18,0
8,1986,-1.09,-0.18,0
8,1986,-1.09,-0.18,0
8,1986,-1.09,-0.18,0
8,1986,-1.09,-0.18,0
8,1986,-1.09,-0.18,0
8,1986,-1.09,-0.18,0
8,1986,-1.09,-0.18,0
8,1986,-1.09,-0.18,0
8,1986,-1.09,-0.18,0
8,1986,-1.09,-0.18,0
8,1986,-1.09,-0.18,0
8,1986,-1.09,-0.18,0
8,1986,-1.09,-0.18,0
8,1986,-1.09,-0.18,0
8,1986,-1.09,-0.18,0
8,1986,-1.09,-0.18,0
8,1986,-1.09,-0.18,0
8,1986,-1.09,-0.18,0
8,1986,-1.09,-0.18,0
8,1986,-1.09,-0.18,0
8,1986,-1.09,-0.18,0
9,1986,-1.12,-0.18,0
9,1986,-1.12,-0.18,0
9,1986,-1.12,-0.18,0
9,1986,-1.12,-0.18,0
9,1986,-1.12,-0.18,0
9,1986,-1.12,-0.18,0
9,1986,-1.12,-0.18,0
9,1986,-1.12,-0.18,0
9,1986,-1.12,-0.18,0
9,1986,-1.12,-0.18,0
9,1986,-1.12,-0.18,0
9,1986,-1.12,-0.18,0
9,1986,-1.12,-0.18,0
9,1986,-1.12,-0.18,0
9,1986,-1.12,-0.18,0
9,1986,-1.12,-0.18,0
9,1986,-1.12,-0.18,0
9,1986,-1.12,-0.18,0
9,1986,-1.12,-0.18,0
9,1986,-1.12,-0.18,0
9,1986,-1.12,-0.18,0
9,1986,-1.12,-0.18,0
9,1986,-1.12,-0.18,0
9,1986,-1.12,-0.18,0
9,1986,-1.12,-0.18,0
9,1986,-1.12,-0.18,0
9,1986,-1.12,-0.18,0
9,1986,-1.12,-0.18,0
9,1986,-1.12,-0.18,0
9,1986,-1.12,-0.18,0
10,1986,1.55,-0.18,0
10,1986,1.55,-0.18,0
10,1986,1.55,-0.18,0
10,1986,1.55,-0.18,0
10,1986,1.55,-0.18,0
10,1986,1.55,-0.18,0
10,1986,1.55,-0.18,0
10,1986,1.55,-0.18,0
10,1986,1.55,-0.18,0
10,1986,1.55,-0.18,0
10,1986,1.55,-0.18,0
10,1986,1.55,-0.18,0
10,1986,1.55,-0.18,0
10,1986,1.55,-0.18,0
10,1986,1.55,-0.18,0
10,1986,1.55,-0.18,0
10,1986,1.55,-0.18,0
10,1986,1.55,-0.18,0
10,1986,1.55,-0.18,0
10,1986,1.55,-0.18,0
10,1986,1.55,-0.18,0
10,1986,1.55,-0.18,0
10,1986,1.55,-0.18,0
10,1986,1.55,-0.18,0
10,1986,1.55,-0.18,0
10,1986,1.55,-0.18,0
10,1986,1.55,-0.18,0
10,1986,1.55,-0.18,0
10,1986,1.55,-0.18,0
10,1986,1.55,-0.18,0
10,1986,1.55,-0.18,0
11,1986,2.29,-0.18,0
11,1986,2.29,-0.18,0
11,1986,2.29,-0.18,0
11,1986,2.29,-0.18,0
11,1986,2.29,-0.18,0
11,1986,2.29,-0.18,0
11,1986,2.29,-0.18,0
11,1986,2.29,-0.18,0
11,1986,2.29,-0.18,0
11,1986,2.29,-0.18,0
11,1986,2.29,-0.18,0
11,1986,2.29,-0.18,0
11,1986,2.29,-0.18,0
11,1986,2.29,-0.18,0
11,1986,2.29,-0.18,0
11,1986,2.29,-0.18,0
11,1986,2.29,-0.18,0
11,1986,2.29,-0.18,0
11,1986,2.29,-0.18,0
11,1986,2.29,-0.18,0
11,1986,2.29,-0.18,0
11,1986,2.29,-0.18,0
11,1986,2.29,-0.18,0
11,1986,2.29,-0.18,0
11,1986,2.29,-0.18,0
11,1986,2.29,-0.18,0
11,1986,2.29,-0.18,0
11,1986,2.29,-0.18,0
11,1986,2.29,-0.18,0
11,1986,2.29,-0.18,0
12,1986,0.99,-0.18,0
12,1986,0.99,-0.18,0
12,1986,0.99,-0.18,0
12,1986,0.99,-0.18,0
12,1986,0.99,-0.18,0
12,1986,0.99,-0.18,0
12,1986,0.99,-0.18,0
12,1986,0.99,-0.18,0
12,1986,0.99,-0.18,0
12,1986,0.99,-0.18,0
12,1986,0.99,-0.18,0
12,1986,0.99,-0.18,0
12,1986,0.99,-0.18,0
12,1986,0.99,-0.18,0
12,1986,0.99,-0.18,0
12,1986,0.99,-0.18,0
12,1986,0.99,-0.18,0
12,1986,0.99,-0.18,0
12,1986,0.99,-0.18,0
12,1986,0.99,-0.18,0
12,1986,0.99,-0.18,0
12,1986,0.99,-0.18,0
12,1986,0.99,-0.18,0
12,1986,0.99,-0.18,0
12,1986,0.99,-0.18,0
12,1986,0.99,-0.18,0
12,1986,0.99,-0.18,0
12,1986,0.99,-0.18,0
12,1986,0.99,-0.18,0
12,1986,0.99,-0.18,0
12,1986,0.99,-0.18,0
1,1987,-1.15,-0.18,0
1,1987,-1.15,-0.18,0
1,1987,-1.15,-0.18,0
1,1987,-1.15,-0.18,0
1,1987,-1.15,-0.18,0
1,1987,-1.15,-0.18,0
1,1987,-1.15,-0.18,0
1,1987,-1.15,-0.18,0
1,1987,-1.15,-0.18,0
1,1987,-1.15,-0.18,0
1,1987,-1.15,-0.18,0
1,1987,-1.15,-0.18,0
1,1987,-1.15,-0.18,0
1,1987,-1.15,-0.18,0
1,1987,-1.15,-0.18,0
1,1987,-1.15,-0.18,0
1,1987,-1.15,-0.18,0
1,1987,-1.15,-0.18,0
1,1987,-1.15,-0.18,0
1,1987,-1.15,-0.18,0
1,1987,-1.15,-0.18,0
1,1987,-1.15,-0.18,0
1,1987,-1.15,-0.18,0
1,1987,-1.15,-0.18,0
1,1987,-1.15,-0.18,0
1,1987,-1.15,-0.18,0
1,1987,-1.15,-0.18,0
1,1987,-1.15,-0.18,0
1,1987,-1.15,-0.18,0
1,1987,-1.15,-0.18,0
1,1987,-1.15,-0.18,0
2,1987,-0.73,-0.19,0
2,1987,-0.73,-0.19,0
2,1987,-0.73,-0.19,0
2,1987,-0.73,-0.19,0
2,1987,-0.73,-0.19,0
2,1987,-0.73,-0.19,0
2,1987,-0.73,-0.19,0
2,1987,-0.73,-0.19,0
2,1987,-0.73,-0.19,0
2,1987,-0.73,-0.19,0
2,1987,-0.73,-0.19,0
2,1987,-0.73,-0.19,0
2,1987,-0.73,-0.19,0
2,1987,-0.73,-0.19,0
2,1987,-0.73,-0.19,0
2,1987,-0.73,-0.19,0
2,1987,-0.73,-0.19,0
2,1987,-0.73,-0.19,0
2,1987,-0.73,-0.19,0
2,1987,-0.73,-0.19,0
2,1987,-0.73,-0.19,0
2,1987,-0.73,-0.19,0
2,1987,-0.73,-0.19,0
2,1987,-0.73,-0.19,0
2,1987,-0.73,-0.19,0
2,1987,-0.73,-0.19,0
2,1987,-0.73,-0.19,0
2,1987,-0.73,-0.19,0
3,1987,0.14,-0.19,0
3,1987,0.14,-0.19,0
3,1987,0.14,-0.19,0
3,1987,0.14,-0.19,0
3,1987,0.14,-0.19,0
3,1987,0.14,-0.19,0
3,1987,0.14,-0.19,0
3,1987,0.14,-0.19,0
3,1987,0.14,-0.19,0
3,1987,0.14,-0.19,0
3,1987,0.14,-0.19,0
3,1987,0.14,-0.19,0
3,1987,0.14,-0.19,0
3,1987,0.14,-0.19,0
3,1987,0.14,-0.19,0
3,1987,0.14,-0.19,0
3,1987,0.14,-0.19,0
3,1987,0.14,-0.19,0
3,1987,0.14,-0.19,0
3,1987,0.14,-0.19,0
3,1987,0.14,-0.19,0
3,1987,0.14,-0.19,0
3,1987,0.14,-0.19,0
3,1987,0.14,-0.19,0
3,1987,0.14,-0.19,0
3,1987,0.14,-0.19,0
3,1987,0.14,-0.19,0
3,1987,0.14,-0.19,0
3,1987,0.14,-0.19,0
3,1987,0.14,-0.19,0
3,1987,0.14,-0.19,0
4,1987,2,-0.19,0
4,1987,2,-0.19,0
4,1987,2,-0.19,0
4,1987,2,-0.19,0
4,1987,2,-0.19,0
4,1987,2,-0.19,0
4,1987,2,-0.19,0
4,1987,2,-0.19,0
4,1987,2,-0.19,0
4,1987,2,-0.19,0
4,1987,2,-0.19,0
4,1987,2,-0.19,0
4,1987,2,-0.19,0
4,1987,2,-0.19,0
4,1987,2,-0.19,0
4,1987,2,-0.19,0
4,1987,2,-0.19,0
4,1987,2,-0.19,0
4,1987,2,-0.19,0
4,1987,2,-0.19,0
4,1987,2,-0.19,0
4,1987,2,-0.19,0
4,1987,2,-0.19,0
4,1987,2,-0.19,0
4,1987,2,-0.19,0
4,1987,2,-0.19,0
4,1987,2,-0.19,0
4,1987,2,-0.19,0
4,1987,2,-0.19,0
4,1987,2,-0.19,0
5,1987,0.98,-0.19,0
5,1987,0.98,-0.19,0
5,1987,0.98,-0.19,0
5,1987,0.98,-0.19,0
5,1987,0.98,-0.19,0
5,1987,0.98,-0.19,0
5,1987,0.98,-0.19,0
5,1987,0.98,-0.19,0
5,1987,0.98,-0.19,0
5,1987,0.98,-0.19,0
5,1987,0.98,-0.19,0
5,1987,0.98,-0.19,0
5,1987,0.98,-0.19,0
5,1987,0.98,-0.19,0
5,1987,0.98,-0.19,0
5,1987,0.98,-0.19,0
5,1987,0.98,-0.19,0
5,1987,0.98,-0.19,0
5,1987,0.98,-0.19,0
5,1987,0.98,-0.19,0
5,1987,0.98,-0.19,0
5,1987,0.98,-0.19,0
5,1987,0.98,-0.19,0
5,1987,0.98,-0.19,0
5,1987,0.98,-0.19,0
5,1987,0.98,-0.19,0
5,1987,0.98,-0.19,0
5,1987,0.98,-0.19,0
5,1987,0.98,-0.19,0
5,1987,0.98,-0.19,0
6,1987,-1.82,-0.19,0
6,1987,-1.82,-0.19,0
6,1987,-1.82,-0.19,0
6,1987,-1.82,-0.19,0
6,1987,-1.82,-0.19,0
6,1987,-1.82,-0.19,0
6,1987,-1.82,-0.19,0
6,1987,-1.82,-0.19,0
6,1987,-1.82,-0.19,0
6,1987,-1.82,-0.19,0
6,1987,-1.82,-0.19,0
6,1987,-1.82,-0.19,0
6,1987,-1.82,-0.19,0
6,1987,-1.82,-0.19,0
6,1987,-1.82,-0.19,0
6,1987,-1.82,-0.19,0
6,1987,-1.82,-0.19,0
6,1987,-1.82,-0.19,0
6,1987,-1.82,-0.19,0
6,1987,-1.82,-0.19,0
6,1987,-1.82,-0.19,0
6,1987,-1.82,-0.19,0
6,1987,-1.82,-0.19,0
6,1987,-1.82,-0.19,0
6,1987,-1.82,-0.19,0
6,1987,-1.82,-0.19,0
6,1987,-1.82,-0.19,0
6,1987,-1.82,-0.19,0
6,1987,-1.82,-0.19,0
7,1987,0.52,-0.19,0
7,1987,0.52,-0.19,0
7,1987,0.52,-0.19,0
7,1987,0.52,-0.19,0
7,1987,0.52,-0.19,0
7,1987,0.52,-0.19,0
7,1987,0.52,-0.19,0
7,1987,0.52,-0.19,0
7,1987,0.52,-0.19,0
7,1987,0.52,-0.19,0
7,1987,0.52,-0.19,0
7,1987,0.52,-0.19,0
7,1987,0.52,-0.19,0
7,1987,0.52,-0.19,0
7,1987,0.52,-0.19,0
7,1987,0.52,-0.19,0
7,1987,0.52,-0.19,0
7,1987,0.52,-0.19,0
7,1987,0.52,-0.19,0
7,1987,0.52,-0.19,0
7,1987,0.52,-0.19,0
7,1987,0.52,-0.19,0
7,1987,0.52,-0.19,0
7,1987,0.52,-0.19,0
7,1987,0.52,-0.19,0
7,1987,0.52,-0.19,0
7,1987,0.52,-0.19,0
7,1987,0.52,-0.19,0
8,1987,-0.83,-0.19,0
8,1987,-0.83,-0.19,0
8,1987,-0.83,-0.19,0
8,1987,-0.83,-0.19,0
8,1987,-0.83,-0.19,0
8,1987,-0.83,-0.19,0
8,1987,-0.83,-0.19,0
8,1987,-0.83,-0.19,0
8,1987,-0.83,-0.19,0
8,1987,-0.83,-0.19,0
8,1987,-0.83,-0.19,0
8,1987,-0.83,-0.19,0
8,1987,-0.83,-0.19,0
8,1987,-0.83,-0.19,0
8,1987,-0.83,-0.19,0
8,1987,-0.83,-0.19,0
8,1987,-0.83,-0.19,0
8,1987,-0.83,-0.19,0
8,1987,-0.83,-0.19,0
8,1987,-0.83,-0.19,0
8,1987,-0.83,-0.19,0
8,1987,-0.83,-0.19,0
8,1987,-0.83,-0.19,0
8,1987,-0.83,-0.19,0
8,1987,-0.83,-0.19,0
8,1987,-0.83,-0.19,0
8,1987,-0.83,-0.19,0
8,1987,-0.83,-0.19,0
8,1987,-0.83,-0.19,0
8,1987,-0.83,-0.19,0
8,1987,-0.83,-0.19,0
9,1987,-1.22,-0.19,0
9,1987,-1.22,-0.19,0
9,1987,-1.22,-0.19,0
9,1987,-1.22,-0.19,0
9,1987,-1.22,-0.19,0
9,1987,-1.22,-0.19,0
9,1987,-1.22,-0.19,0
9,1987,-1.22,-0.19,0
9,1987,-1.22,-0.19,0
9,1987,-1.22,-0.19,0
9,1987,-1.22,-0.19,0
9,1987,-1.22,-0.19,0
9,1987,-1.22,-0.19,0
9,1987,-1.22,-0.19,0
9,1987,-1.22,-0.19,0
9,1987,-1.22,-0.19,0
9,1987,-1.22,-0.19,0
9,1987,-1.22,-0.19,0
9,1987,-1.22,-0.19,0
9,1987,-1.22,-0.19,0
9,1987,-1.22,-0.19,0
9,1987,-1.22,-0.19,0
9,1987,-1.22,-0.19,0
9,1987,-1.22,-0.19,0
9,1987,-1.22,-0.19,0
9,1987,-1.22,-0.19,0
9,1987,-1.22,-0.19,0
9,1987,-1.22,-0.19,0
9,1987,-1.22,-0.19,0
9,1987,-1.22,-0.19,0
10,1987,0.14,-0.19,0
10,1987,0.14,-0.19,0
10,1987,0.14,-0.19,0
10,1987,0.14,-0.19,0
10,1987,0.14,-0.19,0
10,1987,0.14,-0.19,0
10,1987,0.14,-0.19,0
10,1987,0.14,-0.19,0
10,1987,0.14,-0.19,0
10,1987,0.14,-0.19,0
10,1987,0.14,-0.19,0
10,1987,0.14,-0.19,0
10,1987,0.14,-0.19,0
10,1987,0.14,-0.19,0
10,1987,0.14,-0.19,0
10,1987,0.14,-0.19,0
10,1987,0.14,-0.19,0
10,1987,0.14,-0.19,0
10,1987,0.14,-0.19,0
10,1987,0.14,-0.19,0
10,1987,0.14,-0.19,0
10,1987,0.14,-0.19,0
10,1987,0.14,-0.19,0
10,1987,0.14,-0.19,0
10,1987,0.14,-0.19,0
10,1987,0.14,-0.19,0
10,1987,0.14,-0.19,0
10,1987,0.14,-0.19,0
10,1987,0.14,-0.19,0
10,1987,0.14,-0.19,0
10,1987,0.14,-0.19,0
11,1987,0.18,-0.19,0
11,1987,0.18,-0.19,0
11,1987,0.18,-0.19,0
11,1987,0.18,-0.19,0
11,1987,0.18,-0.19,0
11,1987,0.18,-0.19,0
11,1987,0.18,-0.19,0
11,1987,0.18,-0.19,0
11,1987,0.18,-0.19,0
11,1987,0.18,-0.19,0
11,1987,0.18,-0.19,0
11,1987,0.18,-0.19,0
11,1987,0.18,-0.19,0
11,1987,0.18,-0.19,0
11,1987,0.18,-0.19,0
11,1987,0.18,-0.19,0
11,1987,0.18,-0.19,0
11,1987,0.18,-0.19,0
11,1987,0.18,-0.19,0
11,1987,0.18,-0.19,0
11,1987,0.18,-0.19,0
11,1987,0.18,-0.19,0
11,1987,0.18,-0.19,0
11,1987,0.18,-0.19,0
11,1987,0.18,-0.19,0
11,1987,0.18,-0.19,0
11,1987,0.18,-0.19,0
11,1987,0.18,-0.19,0
11,1987,0.18,-0.19,0
11,1987,0.18,-0.19,0
12,1987,0.32,-0.19,0
12,1987,0.32,-0.19,0
12,1987,0.32,-0.19,0
12,1987,0.32,-0.19,0
12,1987,0.32,-0.19,0
12,1987,0.32,-0.19,0
12,1987,0.32,-0.19,0
12,1987,0.32,-0.19,0
12,1987,0.32,-0.19,0
12,1987,0.32,-0.19,0
12,1987,0.32,-0.19,0
12,1987,0.32,-0.19,0
12,1987,0.32,-0.19,0
12,1987,0.32,-0.19,0
12,1987,0.32,-0.19,0
12,1987,0.32,-0.19,0
12,1987,0.32,-0.19,0
12,1987,0.32,-0.19,0
12,1987,0.32,-0.19,0
12,1987,0.32,-0.19,0
12,1987,0.32,-0.19,0
12,1987,0.32,-0.19,0
12,1987,0.32,-0.19,0
12,1987,0.32,-0.19,0
12,1987,0.32,-0.19,0
12,1987,0.32,-0.19,0
12,1987,0.32,-0.19,0
12,1987,0.32,-0.19,0
12,1987,0.32,-0.19,0
12,1987,0.32,-0.19,0
12,1987,0.32,-0.19,0
1,1988,1.02,-0.18,0
1,1988,1.02,-0.18,0
1,1988,1.02,-0.18,0
1,1988,1.02,-0.18,0
1,1988,1.02,-0.18,0
1,1988,1.02,-0.18,0
1,1988,1.02,-0.18,0
1,1988,1.02,-0.18,0
1,1988,1.02,-0.18,0
1,1988,1.02,-0.18,0
1,1988,1.02,-0.18,0
1,1988,1.02,-0.18,0
1,1988,1.02,-0.18,0
1,1988,1.02,-0.18,0
1,1988,1.02,-0.18,0
1,1988,1.02,-0.18,0
1,1988,1.02,-0.18,0
1,1988,1.02,-0.18,0
1,1988,1.02,-0.18,0
1,1988,1.02,-0.18,0
1,1988,1.02,-0.18,0
1,1988,1.02,-0.18,0
1,1988,1.02,-0.18,0
1,1988,1.02,-0.18,0
1,1988,1.02,-0.18,0
1,1988,1.02,-0.18,0
1,1988,1.02,-0.18,0
1,1988,1.02,-0.18,0
1,1988,1.02,-0.18,0
1,1988,1.02,-0.18,0
1,1988,1.02,-0.18,0
2,1988,0.76,-0.18,0
2,1988,0.76,-0.18,0
2,1988,0.76,-0.18,0
2,1988,0.76,-0.18,0
2,1988,0.76,-0.18,0
2,1988,0.76,-0.18,0
2,1988,0.76,-0.18,0
2,1988,0.76,-0.18,0
2,1988,0.76,-0.18,0
2,1988,0.76,-0.18,0
2,1988,0.76,-0.18,0
2,1988,0.76,-0.18,0
2,1988,0.76,-0.18,0
2,1988,0.76,-0.18,0
2,1988,0.76,-0.18,0
2,1988,0.76,-0.18,0
2,1988,0.76,-0.18,0
2,1988,0.76,-0.18,0
2,1988,0.76,-0.18,0
2,1988,0.76,-0.18,0
2,1988,0.76,-0.18,0
2,1988,0.76,-0.18,0
2,1988,0.76,-0.18,0
2,1988,0.76,-0.18,0
2,1988,0.76,-0.18,0
2,1988,0.76,-0.18,0
2,1988,0.76,-0.18,0
2,1988,0.76,-0.18,0
2,1988,0.76,-0.18,0
3,1988,-0.17,-0.18,0
3,1988,-0.17,-0.18,0
3,1988,-0.17,-0.18,0
3,1988,-0.17,-0.18,0
3,1988,-0.17,-0.18,0
3,1988,-0.17,-0.18,0
3,1988,-0.17,-0.18,0
3,1988,-0.17,-0.18,0
3,1988,-0.17,-0.18,0
3,1988,-0.17,-0.18,0
3,1988,-0.17,-0.18,0
3,1988,-0.17,-0.18,0
3,1988,-0.17,-0.18,0
3,1988,-0.17,-0.18,0
3,1988,-0.17,-0.18,0
3,1988,-0.17,-0.18,0
3,1988,-0.17,-0.18,0
3,1988,-0.17,-0.18,0
3,1988,-0.17,-0.18,0
3,1988,-0.17,-0.18,0
3,1988,-0.17,-0.18,0
3,1988,-0.17,-0.18,0
3,1988,-0.17,-0.18,0
3,1988,-0.17,-0.18,0
3,1988,-0.17,-0.18,0
3,1988,-0.17,-0.18,0
3,1988,-0.17,-0.18,0
3,1988,-0.17,-0.18,0
3,1988,-0.17,-0.18,0
3,1988,-0.17,-0.18,0
3,1988,-0.17,-0.18,0
4,1988,-1.17,-0.18,0
4,1988,-1.17,-0.18,0
4,1988,-1.17,-0.18,0
4,1988,-1.17,-0.18,0
4,1988,-1.17,-0.18,0
4,1988,-1.17,-0.18,0
4,1988,-1.17,-0.18,0
4,1988,-1.17,-0.18,0
4,1988,-1.17,-0.18,0
4,1988,-1.17,-0.18,0
4,1988,-1.17,-0.18,0
4,1988,-1.17,-0.18,0
4,1988,-1.17,-0.18,0
4,1988,-1.17,-0.18,0
4,1988,-1.17,-0.18,0
4,1988,-1.17,-0.18,0
4,1988,-1.17,-0.18,0
4,1988,-1.17,-0.18,0
4,1988,-1.17,-0.18,0
4,1988,-1.17,-0.18,0
4,1988,-1.17,-0.18,0
4,1988,-1.17,-0.18,0
4,1988,-1.17,-0.18,0
4,1988,-1.17,-0.18,0
4,1988,-1.17,-0.18,0
4,1988,-1.17,-0.18,0
4,1988,-1.17,-0.18,0
4,1988,-1.17,-0.18,0
4,1988,-1.17,-0.18,0
4,1988,-1.17,-0.18,0
5,1988,0.63,-0.18,0
5,1988,0.63,-0.18,0
5,1988,0.63,-0.18,0
5,1988,0.63,-0.18,0
5,1988,0.63,-0.18,0
5,1988,0.63,-0.18,0
5,1988,0.63,-0.18,0
5,1988,0.63,-0.18,0
5,1988,0.63,-0.18,0
5,1988,0.63,-0.18,0
5,1988,0.63,-0.18,0
5,1988,0.63,-0.18,0
5,1988,0.63,-0.18,0
5,1988,0.63,-0.18,0
5,1988,0.63,-0.18,0
5,1988,0.63,-0.18,0
5,1988,0.63,-0.18,0
5,1988,0.63,-0.18,0
5,1988,0.63,-0.18,0
5,1988,0.63,-0.18,0
5,1988,0.63,-0.18,0
5,1988,0.63,-0.18,0
5,1988,0.63,-0.18,0
5,1988,0.63,-0.18,0
5,1988,0.63,-0.18,0
5,1988,0.63,-0.18,0
5,1988,0.63,-0.18,0
5,1988,0.63,-0.18,0
5,1988,0.63,-0.18,0
5,1988,0.63,-0.18,0
5,1988,0.63,-0.18,0
6,1988,0.88,-0.19,0
6,1988,0.88,-0.19,0
6,1988,0.88,-0.19,0
6,1988,0.88,-0.19,0
6,1988,0.88,-0.19,0
6,1988,0.88,-0.19,0
6,1988,0.88,-0.19,0
6,1988,0.88,-0.19,0
6,1988,0.88,-0.19,0
6,1988,0.88,-0.19,0
6,1988,0.88,-0.19,0
6,1988,0.88,-0.19,0
6,1988,0.88,-0.19,0
6,1988,0.88,-0.19,0
6,1988,0.88,-0.19,0
6,1988,0.88,-0.19,0
6,1988,0.88,-0.19,0
6,1988,0.88,-0.19,0
6,1988,0.88,-0.19,0
6,1988,0.88,-0.19,0
6,1988,0.88,-0.19,0
6,1988,0.88,-0.19,0
6,1988,0.88,-0.19,0
6,1988,0.88,-0.19,0
6,1988,0.88,-0.19,0
6,1988,0.88,-0.19,0
6,1988,0.88,-0.19,0
6,1988,0.88,-0.19,0
6,1988,0.88,-0.19,0
6,1988,0.88,-0.19,0
7,1988,-0.35,-0.19,0
7,1988,-0.35,-0.19,0
7,1988,-0.35,-0.19,0
7,1988,-0.35,-0.19,0
7,1988,-0.35,-0.19,0
7,1988,-0.35,-0.19,0
7,1988,-0.35,-0.19,0
7,1988,-0.35,-0.19,0
7,1988,-0.35,-0.19,0
7,1988,-0.35,-0.19,0
7,1988,-0.35,-0.19,0
7,1988,-0.35,-0.19,0
7,1988,-0.35,-0.19,0
7,1988,-0.35,-0.19,0
7,1988,-0.35,-0.19,0
7,1988,-0.35,-0.19,0
7,1988,-0.35,-0.19,0
7,1988,-0.35,-0.19,0
7,1988,-0.35,-0.19,0
7,1988,-0.35,-0.19,0
7,1988,-0.35,-0.19,0
7,1988,-0.35,-0.19,0
7,1988,-0.35,-0.19,0
7,1988,-0.35,-0.19,0
7,1988,-0.35,-0.19,0
7,1988,-0.35,-0.19,0
7,1988,-0.35,-0.19,0
7,1988,-0.35,-0.19,0
7,1988,-0.35,-0.19,0
7,1988,-0.35,-0.19,0
7,1988,-0.35,-0.19,0
8,1988,0.04,-0.19,0
8,1988,0.04,-0.19,0
8,1988,0.04,-0.19,0
8,1988,0.04,-0.19,0
8,1988,0.04,-0.19,0
8,1988,0.04,-0.19,0
8,1988,0.04,-0.19,0
8,1988,0.04,-0.19,0
8,1988,0.04,-0.19,0
8,1988,0.04,-0.19,0
8,1988,0.04,-0.19,0
8,1988,0.04,-0.19,0
8,1988,0.04,-0.19,0
8,1988,0.04,-0.19,0
8,1988,0.04,-0.19,0
8,1988,0.04,-0.19,0
8,1988,0.04,-0.19,0
8,1988,0.04,-0.19,0
8,1988,0.04,-0.19,0
8,1988,0.04,-0.19,0
8,1988,0.04,-0.19,0
8,1988,0.04,-0.19,0
8,1988,0.04,-0.19,0
8,1988,0.04,-0.19,0
8,1988,0.04,-0.19,0
8,1988,0.04,-0.19,0
8,1988,0.04,-0.19,0
8,1988,0.04,-0.19,0
8,1988,0.04,-0.19,0
9,1988,-0.99,-0.19,0
9,1988,-0.99,-0.19,0
9,1988,-0.99,-0.19,0
9,1988,-0.99,-0.19,0
9,1988,-0.99,-0.19,0
9,1988,-0.99,-0.19,0
9,1988,-0.99,-0.19,0
9,1988,-0.99,-0.19,0
9,1988,-0.99,-0.19,0
9,1988,-0.99,-0.19,0
9,1988,-0.99,-0.19,0
9,1988,-0.99,-0.19,0
9,1988,-0.99,-0.19,0
9,1988,-0.99,-0.19,0
9,1988,-0.99,-0.19,0
9,1988,-0.99,-0.19,0
9,1988,-0.99,-0.19,0
9,1988,-0.99,-0.19,0
9,1988,-0.99,-0.19,0
9,1988,-0.99,-0.19,0
9,1988,-0.99,-0.19,0
9,1988,-0.99,-0.19,0
9,1988,-0.99,-0.19,0
9,1988,-0.99,-0.19,0
9,1988,-0.99,-0.19,0
9,1988,-0.99,-0.19,0
9,1988,-0.99,-0.19,0
9,1988,-0.99,-0.19,0
9,1988,-0.99,-0.19,0
10,1988,-1.08,-0.19,0
10,1988,-1.08,-0.19,0
10,1988,-1.08,-0.19,0
10,1988,-1.08,-0.19,0
10,1988,-1.08,-0.19,0
10,1988,-1.08,-0.19,0
10,1988,-1.08,-0.19,0
10,1988,-1.08,-0.19,0
10,1988,-1.08,-0.19,0
10,1988,-1.08,-0.19,0
10,1988,-1.08,-0.19,0
10,1988,-1.08,-0.19,0
10,1988,-1.08,-0.19,0
10,1988,-1.08,-0.19,0
10,1988,-1.08,-0.19,0
10,1988,-1.08,-0.19,0
10,1988,-1.08,-0.19,0
10,1988,-1.08,-0.19,0
10,1988,-1.08,-0.19,0
10,1988,-1.08,-0.19,0
10,1988,-1.08,-0.19,0
10,1988,-1.08,-0.19,0
10,1988,-1.08,-0.19,0
10,1988,-1.08,-0.19,0
10,1988,-1.08,-0.19,0
10,1988,-1.08,-0.19,0
10,1988,-1.08,-0.19,0
10,1988,-1.08,-0.19,0
10,1988,-1.08,-0.19,0
11,1988,-0.34,-0.19,0
11,1988,-0.34,-0.19,0
11,1988,-0.34,-0.19,0
11,1988,-0.34,-0.19,0
11,1988,-0.34,-0.19,0
11,1988,-0.34,-0.19,0
11,1988,-0.34,-0.19,0
11,1988,-0.34,-0.19,0
11,1988,-0.34,-0.19,0
11,1988,-0.34,-0.19,0
11,1988,-0.34,-0.19,0
11,1988,-0.34,-0.19,0
11,1988,-0.34,-0.19,0
11,1988,-0.34,-0.19,0
11,1988,-0.34,-0.19,0
11,1988,-0.34,-0.19,0
11,1988,-0.34,-0.19,0
11,1988,-0.34,-0.19,0
11,1988,-0.34,-0.19,0
11,1988,-0.34,-0.19,0
11,1988,-0.34,-0.19,0
11,1988,-0.34,-0.19,0
11,1988,-0.34,-0.19,0
11,1988,-0.34,-0.19,0
11,1988,-0.34,-0.19,0
11,1988,-0.34,-0.19,0
11,1988,-0.34,-0.19,0
11,1988,-0.34,-0.19,0
11,1988,-0.34,-0.19,0
11,1988,-0.34,-0.19,0
12,1988,0.61,-0.19,0
12,1988,0.61,-0.19,0
12,1988,0.61,-0.19,0
12,1988,0.61,-0.19,0
12,1988,0.61,-0.19,0
12,1988,0.61,-0.19,0
12,1988,0.61,-0.19,0
12,1988,0.61,-0.19,0
12,1988,0.61,-0.19,0
12,1988,0.61,-0.19,0
12,1988,0.61,-0.19,0
12,1988,0.61,-0.19,0
12,1988,0.61,-0.19,0
12,1988,0.61,-0.19,0
12,1988,0.61,-0.19,0
12,1988,0.61,-0.19,0
12,1988,0.61,-0.19,0
12,1988,0.61,-0.19,0
12,1988,0.61,-0.19,0
12,1988,0.61,-0.19,0
12,1988,0.61,-0.19,0
12,1988,0.61,-0.19,0
12,1988,0.61,-0.19,0
12,1988,0.61,-0.19,0
12,1988,0.61,-0.19,0
12,1988,0.61,-0.19,0
12,1988,0.61,-0.19,0
12,1988,0.61,-0.19,0
12,1988,0.61,-0.19,0
12,1988,0.61,-0.19,0
12,1988,0.61,-0.19,0
1,1989,1.17,-0.2,0
1,1989,1.17,-0.2,0
1,1989,1.17,-0.2,0
1,1989,1.17,-0.2,0
1,1989,1.17,-0.2,0
1,1989,1.17,-0.2,0
1,1989,1.17,-0.2,0
1,1989,1.17,-0.2,0
1,1989,1.17,-0.2,0
1,1989,1.17,-0.2,0
1,1989,1.17,-0.2,0
1,1989,1.17,-0.2,0
1,1989,1.17,-0.2,0
1,1989,1.17,-0.2,0
1,1989,1.17,-0.2,0
1,1989,1.17,-0.2,0
1,1989,1.17,-0.2,0
1,1989,1.17,-0.2,0
1,1989,1.17,-0.2,0
1,1989,1.17,-0.2,0
1,1989,1.17,-0.2,0
1,1989,1.17,-0.2,0
1,1989,1.17,-0.2,0
1,1989,1.17,-0.2,0
1,1989,1.17,-0.2,0
1,1989,1.17,-0.2,0
1,1989,1.17,-0.2,0
1,1989,1.17,-0.2,0
1,1989,1.17,-0.2,0
1,1989,1.17,-0.2,0
1,1989,1.17,-0.2,0
2,1989,2,-0.2,0
2,1989,2,-0.2,0
2,1989,2,-0.2,0
2,1989,2,-0.2,0
2,1989,2,-0.2,0
2,1989,2,-0.2,0
2,1989,2,-0.2,0
2,1989,2,-0.2,0
2,1989,2,-0.2,0
2,1989,2,-0.2,0
2,1989,2,-0.2,0
2,1989,2,-0.2,0
2,1989,2,-0.2,0
2,1989,2,-0.2,0
2,1989,2,-0.2,0
2,1989,2,-0.2,0
2,1989,2,-0.2,0
2,1989,2,-0.2,0
2,1989,2,-0.2,0
2,1989,2,-0.2,0
2,1989,2,-0.2,0
2,1989,2,-0.2,0
2,1989,2,-0.2,0
2,1989,2,-0.2,0
2,1989,2,-0.2,0
2,1989,2,-0.2,0
2,1989,2,-0.2,0
2,1989,2,-0.2,0
3,1989,1.85,-0.2,0
3,1989,1.85,-0.2,0
3,1989,1.85,-0.2,0
3,1989,1.85,-0.2,0
3,1989,1.85,-0.2,0
3,1989,1.85,-0.2,0
3,1989,1.85,-0.2,0
3,1989,1.85,-0.2,0
3,1989,1.85,-0.2,0
3,1989,1.85,-0.2,0
3,1989,1.85,-0.2,0
3,1989,1.85,-0.2,0
3,1989,1.85,-0.2,0
3,1989,1.85,-0.2,0
3,1989,1.85,-0.2,0
3,1989,1.85,-0.2,0
3,1989,1.85,-0.2,0
3,1989,1.85,-0.2,0
3,1989,1.85,-0.2,0
3,1989,1.85,-0.2,0
3,1989,1.85,-0.2,0
3,1989,1.85,-0.2,0
3,1989,1.85,-0.2,0
3,1989,1.85,-0.2,0
3,1989,1.85,-0.2,0
3,1989,1.85,-0.2,0
3,1989,1.85,-0.2,0
3,1989,1.85,-0.2,0
3,1989,1.85,-0.2,0
3,1989,1.85,-0.2,0
3,1989,1.85,-0.2,0
4,1989,0.28,-0.2,0
4,1989,0.28,-0.2,0
4,1989,0.28,-0.2,0
4,1989,0.28,-0.2,0
4,1989,0.28,-0.2,0
4,1989,0.28,-0.2,0
4,1989,0.28,-0.2,0
4,1989,0.28,-0.2,0
4,1989,0.28,-0.2,0
4,1989,0.28,-0.2,0
4,1989,0.28,-0.2,0
4,1989,0.28,-0.2,0
4,1989,0.28,-0.2,0
4,1989,0.28,-0.2,0
4,1989,0.28,-0.2,0
4,1989,0.28,-0.2,0
4,1989,0.28,-0.2,0
4,1989,0.28,-0.2,0
4,1989,0.28,-0.2,0
4,1989,0.28,-0.2,0
4,1989,0.28,-0.2,0
4,1989,0.28,-0.2,0
4,1989,0.28,-0.2,0
4,1989,0.28,-0.2,0
4,1989,0.28,-0.2,0
4,1989,0.28,-0.2,0
4,1989,0.28,-0.2,0
4,1989,0.28,-0.2,0
4,1989,0.28,-0.2,0
4,1989,0.28,-0.2,0
5,1989,1.38,-0.2,0
5,1989,1.38,-0.2,0
5,1989,1.38,-0.2,0
5,1989,1.38,-0.2,0
5,1989,1.38,-0.2,0
5,1989,1.38,-0.2,0
5,1989,1.38,-0.2,0
5,1989,1.38,-0.2,0
5,1989,1.38,-0.2,0
5,1989,1.38,-0.2,0
5,1989,1.38,-0.2,0
5,1989,1.38,-0.2,0
5,1989,1.38,-0.2,0
5,1989,1.38,-0.2,0
5,1989,1.38,-0.2,0
5,1989,1.38,-0.2,0
5,1989,1.38,-0.2,0
5,1989,1.38,-0.2,0
5,1989,1.38,-0.2,0
5,1989,1.38,-0.2,0
5,1989,1.38,-0.2,0
5,1989,1.38,-0.2,0
5,1989,1.38,-0.2,0
5,1989,1.38,-0.2,0
5,1989,1.38,-0.2,0
5,1989,1.38,-0.2,0
5,1989,1.38,-0.2,0
5,1989,1.38,-0.2,0
5,1989,1.38,-0.2,0
6,1989,-0.27,-0.2,0
6,1989,-0.27,-0.2,0
6,1989,-0.27,-0.2,0
6,1989,-0.27,-0.2,0
6,1989,-0.27,-0.2,0
6,1989,-0.27,-0.2,0
6,1989,-0.27,-0.2,0
6,1989,-0.27,-0.2,0
6,1989,-0.27,-0.2,0
6,1989,-0.27,-0.2,0
6,1989,-0.27,-0.2,0
6,1989,-0.27,-0.2,0
6,1989,-0.27,-0.2,0
6,1989,-0.27,-0.2,0
6,1989,-0.27,-0.2,0
6,1989,-0.27,-0.2,0
6,1989,-0.27,-0.2,0
6,1989,-0.27,-0.2,0
6,1989,-0.27,-0.2,0
6,1989,-0.27,-0.2,0
6,1989,-0.27,-0.2,0
6,1989,-0.27,-0.2,0
6,1989,-0.27,-0.2,0
6,1989,-0.27,-0.2,0
6,1989,-0.27,-0.2,0
6,1989,-0.27,-0.2,0
6,1989,-0.27,-0.2,0
6,1989,-0.27,-0.2,0
6,1989,-0.27,-0.2,0
6,1989,-0.27,-0.2,0
7,1989,0.97,-0.2,0
7,1989,0.97,-0.2,0
7,1989,0.97,-0.2,0
7,1989,0.97,-0.2,0
7,1989,0.97,-0.2,0
7,1989,0.97,-0.2,0
7,1989,0.97,-0.2,0
7,1989,0.97,-0.2,0
7,1989,0.97,-0.2,0
7,1989,0.97,-0.2,0
7,1989,0.97,-0.2,0
7,1989,0.97,-0.2,0
7,1989,0.97,-0.2,0
7,1989,0.97,-0.2,0
7,1989,0.97,-0.2,0
7,1989,0.97,-0.2,0
7,1989,0.97,-0.2,0
7,1989,0.97,-0.2,0
7,1989,0.97,-0.2,0
7,1989,0.97,-0.2,0
7,1989,0.97,-0.2,0
7,1989,0.97,-0.2,0
7,1989,0.97,-0.2,0
7,1989,0.97,-0.2,0
7,1989,0.97,-0.2,0
7,1989,0.97,-0.2,0
7,1989,0.97,-0.2,0
7,1989,0.97,-0.2,0
7,1989,0.97,-0.2,0
7,1989,0.97,-0.2,0
8,1989,0.01,-0.2,0
8,1989,0.01,-0.2,0
8,1989,0.01,-0.2,0
8,1989,0.01,-0.2,0
8,1989,0.01,-0.2,0
8,1989,0.01,-0.2,0
8,1989,0.01,-0.2,0
8,1989,0.01,-0.2,0
8,1989,0.01,-0.2,0
8,1989,0.01,-0.2,0
8,1989,0.01,-0.2,0
8,1989,0.01,-0.2,0
8,1989,0.01,-0.2,0
8,1989,0.01,-0.2,0
8,1989,0.01,-0.2,0
8,1989,0.01,-0.2,0
8,1989,0.01,-0.2,0
8,1989,0.01,-0.2,0
8,1989,0.01,-0.2,0
8,1989,0.01,-0.2,0
8,1989,0.01,-0.2,0
8,1989,0.01,-0.2,0
8,1989,0.01,-0.2,0
8,1989,0.01,-0.2,0
8,1989,0.01,-0.2,0
8,1989,0.01,-0.2,0
8,1989,0.01,-0.2,0
8,1989,0.01,-0.2,0
8,1989,0.01,-0.2,0
8,1989,0.01,-0.2,0
8,1989,0.01,-0.2,0
9,1989,2.05,-0.2,0
9,1989,2.05,-0.2,0
9,1989,2.05,-0.2,0
9,1989,2.05,-0.2,0
9,1989,2.05,-0.2,0
9,1989,2.05,-0.2,0
9,1989,2.05,-0.2,0
9,1989,2.05,-0.2,0
9,1989,2.05,-0.2,0
9,1989,2.05,-0.2,0
9,1989,2.05,-0.2,0
9,1989,2.05,-0.2,0
9,1989,2.05,-0.2,0
9,1989,2.05,-0.2,0
9,1989,2.05,-0.2,0
9,1989,2.05,-0.2,0
9,1989,2.05,-0.2,0
9,1989,2.05,-0.2,0
9,1989,2.05,-0.2,0
9,1989,2.05,-0.2,0
9,1989,2.05,-0.2,0
9,1989,2.05,-0.2,0
9,1989,2.05,-0.2,0
9,1989,2.05,-0.2,0
9,1989,2.05,-0.2,0
9,1989,2.05,-0.2,0
9,1989,2.05,-0.2,0
9,1989,2.05,-0.2,0
10,1989,-0.03,-0.2,0
10,1989,-0.03,-0.2,0
10,1989,-0.03,-0.2,0
10,1989,-0.03,-0.2,0
10,1989,-0.03,-0.2,0
10,1989,-0.03,-0.2,0
10,1989,-0.03,-0.2,0
10,1989,-0.03,-0.2,0
10,1989,-0.03,-0.2,0
10,1989,-0.03,-0.2,0
10,1989,-0.03,-0.2,0
10,1989,-0.03,-0.2,0
10,1989,-0.03,-0.2,0
10,1989,-0.03,-0.2,0
10,1989,-0.03,-0.2,0
10,1989,-0.03,-0.2,0
10,1989,-0.03,-0.2,0
10,1989,-0.03,-0.2,0
10,1989,-0.03,-0.2,0
10,1989,-0.03,-0.2,0
10,1989,-0.03,-0.2,0
10,1989,-0.03,-0.2,0
10,1989,-0.03,-0.2,0
10,1989,-0.03,-0.2,0
10,1989,-0.03,-0.2,0
10,1989,-0.03,-0.2,0
10,1989,-0.03,-0.2,0
10,1989,-0.03,-0.2,0
10,1989,-0.03,-0.2,0
10,1989,-0.03,-0.2,0
11,1989,0.16,-0.2,0
11,1989,0.16,-0.2,0
11,1989,0.16,-0.2,0
11,1989,0.16,-0.2,0
11,1989,0.16,-0.2,0
11,1989,0.16,-0.2,0
11,1989,0.16,-0.2,0
11,1989,0.16,-0.2,0
11,1989,0.16,-0.2,0
11,1989,0.16,-0.2,0
11,1989,0.16,-0.2,0
11,1989,0.16,-0.2,0
11,1989,0.16,-0.2,0
11,1989,0.16,-0.2,0
11,1989,0.16,-0.2,0
11,1989,0.16,-0.2,0
11,1989,0.16,-0.2,0
11,1989,0.16,-0.2,0
11,1989,0.16,-0.2,0
11,1989,0.16,-0.2,0
11,1989,0.16,-0.2,0
11,1989,0.16,-0.2,0
11,1989,0.16,-0.2,0
11,1989,0.16,-0.2,0
11,1989,0.16,-0.2,0
11,1989,0.16,-0.2,0
11,1989,0.16,-0.2,0
11,1989,0.16,-0.2,0
11,1989,0.16,-0.2,0
11,1989,0.16,-0.2,0
12,1989,-1.15,-0.2,0
12,1989,-1.15,-0.2,0
12,1989,-1.15,-0.2,0
12,1989,-1.15,-0.2,0
12,1989,-1.15,-0.2,0
12,1989,-1.15,-0.2,0
12,1989,-1.15,-0.2,0
12,1989,-1.15,-0.2,0
12,1989,-1.15,-0.2,0
12,1989,-1.15,-0.2,0
12,1989,-1.15,-0.2,0
12,1989,-1.15,-0.2,0
12,1989,-1.15,-0.2,0
12,1989,-1.15,-0.2,0
12,1989,-1.15,-0.2,0
12,1989,-1.15,-0.2,0
12,1989,-1.15,-0.2,0
12,1989,-1.15,-0.2,0
12,1989,-1.15,-0.2,0
12,1989,-1.15,-0.2,0
12,1989,-1.15,-0.2,0
12,1989,-1.15,-0.2,0
12,1989,-1.15,-0.2,0
12,1989,-1.15,-0.2,0
12,1989,-1.15,-0.2,0
12,1989,-1.15,-0.2,0
12,1989,-1.15,-0.2,0
12,1989,-1.15,-0.2,0
12,1989,-1.15,-0.2,0
1,1990,1.04,-0.2,0
1,1990,1.04,-0.2,0
1,1990,1.04,-0.2,0
1,1990,1.04,-0.2,0
1,1990,1.04,-0.2,0
1,1990,1.04,-0.2,0
1,1990,1.04,-0.2,0
1,1990,1.04,-0.2,0
1,1990,1.04,-0.2,0
1,1990,1.04,-0.2,0
1,1990,1.04,-0.2,0
1,1990,1.04,-0.2,0
1,1990,1.04,-0.2,0
1,1990,1.04,-0.2,0
1,1990,1.04,-0.2,0
1,1990,1.04,-0.2,0
1,1990,1.04,-0.2,0
1,1990,1.04,-0.2,0
1,1990,1.04,-0.2,0
1,1990,1.04,-0.2,0
1,1990,1.04,-0.2,0
1,1990,1.04,-0.2,0
1,1990,1.04,-0.2,0
1,1990,1.04,-0.2,0
1,1990,1.04,-0.2,0
1,1990,1.04,-0.2,0
1,1990,1.04,-0.2,0
1,1990,1.04,-0.2,0
1,1990,1.04,-0.2,0
1,1990,1.04,-0.2,0
1,1990,1.04,-0.2,0
2,1990,1.41,-0.2,0
2,1990,1.41,-0.2,0
2,1990,1.41,-0.2,0
2,1990,1.41,-0.2,0
2,1990,1.41,-0.2,0
2,1990,1.41,-0.2,0
2,1990,1.41,-0.2,0
2,1990,1.41,-0.2,0
2,1990,1.41,-0.2,0
2,1990,1.41,-0.2,0
2,1990,1.41,-0.2,0
2,1990,1.41,-0.2,0
2,1990,1.41,-0.2,0
2,1990,1.41,-0.2,0
2,1990,1.41,-0.2,0
2,1990,1.41,-0.2,0
2,1990,1.41,-0.2,0
2,1990,1.41,-0.2,0
2,1990,1.41,-0.2,0
2,1990,1.41,-0.2,0
2,1990,1.41,-0.2,0
2,1990,1.41,-0.2,0
2,1990,1.41,-0.2,0
2,1990,1.41,-0.2,0
2,1990,1.41,-0.2,0
2,1990,1.41,-0.2,0
2,1990,1.41,-0.2,0
2,1990,1.41,-0.2,0
3,1990,1.46,-0.19,0
3,1990,1.46,-0.19,0
3,1990,1.46,-0.19,0
3,1990,1.46,-0.19,0
3,1990,1.46,-0.19,0
3,1990,1.46,-0.19,0
3,1990,1.46,-0.19,0
3,1990,1.46,-0.19,0
3,1990,1.46,-0.19,0
3,1990,1.46,-0.19,0
3,1990,1.46,-0.19,0
3,1990,1.46,-0.19,0
3,1990,1.46,-0.19,0
3,1990,1.46,-0.19,0
3,1990,1.46,-0.19,0
3,1990,1.46,-0.19,0
3,1990,1.46,-0.19,0
3,1990,1.46,-0.19,0
3,1990,1.46,-0.19,0
3,1990,1.46,-0.19,0
3,1990,1.46,-0.19,0
3,1990,1.46,-0.19,0
3,1990,1.46,-0.19,0
3,1990,1.46,-0.19,0
3,1990,1.46,-0.19,0
3,1990,1.46,-0.19,0
3,1990,1.46,-0.19,0
3,1990,1.46,-0.19,0
3,1990,1.46,-0.19,0
3,1990,1.46,-0.19,0
3,1990,1.46,-0.19,0
4,1990,2,-0.19,0
4,1990,2,-0.19,0
4,1990,2,-0.19,0
4,1990,2,-0.19,0
4,1990,2,-0.19,0
4,1990,2,-0.19,0
4,1990,2,-0.19,0
4,1990,2,-0.19,0
4,1990,2,-0.19,0
4,1990,2,-0.19,0
4,1990,2,-0.19,0
4,1990,2,-0.19,0
4,1990,2,-0.19,0
4,1990,2,-0.19,0
4,1990,2,-0.19,0
4,1990,2,-0.19,0
4,1990,2,-0.19,0
4,1990,2,-0.19,0
4,1990,2,-0.19,0
4,1990,2,-0.19,0
4,1990,2,-0.19,0
4,1990,2,-0.19,0
4,1990,2,-0.19,0
4,1990,2,-0.19,0
4,1990,2,-0.19,0
4,1990,2,-0.19,0
4,1990,2,-0.19,0
4,1990,2,-0.19,0
4,1990,2,-0.19,0
4,1990,2,-0.19,0
5,1990,-1.53,-0.19,0
5,1990,-1.53,-0.19,0
5,1990,-1.53,-0.19,0
5,1990,-1.53,-0.19,0
5,1990,-1.53,-0.19,0
5,1990,-1.53,-0.19,0
5,1990,-1.53,-0.19,0
5,1990,-1.53,-0.19,0
5,1990,-1.53,-0.19,0
5,1990,-1.53,-0.19,0
5,1990,-1.53,-0.19,0
5,1990,-1.53,-0.19,0
5,1990,-1.53,-0.19,0
5,1990,-1.53,-0.19,0
5,1990,-1.53,-0.19,0
5,1990,-1.53,-0.19,0
5,1990,-1.53,-0.19,0
5,1990,-1.53,-0.19,0
5,1990,-1.53,-0.19,0
5,1990,-1.53,-0.19,0
5,1990,-1.53,-0.19,0
5,1990,-1.53,-0.19,0
5,1990,-1.53,-0.19,0
5,1990,-1.53,-0.19,0
5,1990,-1.53,-0.19,0
5,1990,-1.53,-0.19,0
5,1990,-1.53,-0.19,0
5,1990,-1.53,-0.19,0
5,1990,-1.53,-0.19,0
5,1990,-1.53,-0.19,0
5,1990,-1.53,-0.19,0
6,1990,-0.02,-0.18,0
6,1990,-0.02,-0.18,0
6,1990,-0.02,-0.18,0
6,1990,-0.02,-0.18,0
6,1990,-0.02,-0.18,0
6,1990,-0.02,-0.18,0
6,1990,-0.02,-0.18,0
6,1990,-0.02,-0.18,0
6,1990,-0.02,-0.18,0
6,1990,-0.02,-0.18,0
6,1990,-0.02,-0.18,0
6,1990,-0.02,-0.18,0
6,1990,-0.02,-0.18,0
6,1990,-0.02,-0.18,0
6,1990,-0.02,-0.18,0
6,1990,-0.02,-0.18,0
6,1990,-0.02,-0.18,0
6,1990,-0.02,-0.18,0
6,1990,-0.02,-0.18,0
6,1990,-0.02,-0.18,0
6,1990,-0.02,-0.18,0
6,1990,-0.02,-0.18,0
6,1990,-0.02,-0.18,0
6,1990,-0.02,-0.18,0
6,1990,-0.02,-0.18,0
6,1990,-0.02,-0.18,0
6,1990,-0.02,-0.18,0
6,1990,-0.02,-0.18,0
6,1990,-0.02,-0.18,0
6,1990,-0.02,-0.18,0
7,1990,0.53,-0.18,0
7,1990,0.53,-0.18,0
7,1990,0.53,-0.18,0
7,1990,0.53,-0.18,0
7,1990,0.53,-0.18,0
7,1990,0.53,-0.18,0
7,1990,0.53,-0.18,0
7,1990,0.53,-0.18,0
7,1990,0.53,-0.18,0
7,1990,0.53,-0.18,0
7,1990,0.53,-0.18,0
7,1990,0.53,-0.18,0
7,1990,0.53,-0.18,0
7,1990,0.53,-0.18,0
7,1990,0.53,-0.18,0
7,1990,0.53,-0.18,0
7,1990,0.53,-0.18,0
7,1990,0.53,-0.18,0
7,1990,0.53,-0.18,0
7,1990,0.53,-0.18,0
7,1990,0.53,-0.18,0
7,1990,0.53,-0.18,0
7,1990,0.53,-0.18,0
7,1990,0.53,-0.18,0
7,1990,0.53,-0.18,0
7,1990,0.53,-0.18,0
7,1990,0.53,-0.18,0
7,1990,0.53,-0.18,0
7,1990,0.53,-0.18,0
7,1990,0.53,-0.18,0
7,1990,0.53,-0.18,0
8,1990,0.97,-0.18,0
8,1990,0.97,-0.18,0
8,1990,0.97,-0.18,0
8,1990,0.97,-0.18,0
8,1990,0.97,-0.18,0
8,1990,0.97,-0.18,0
8,1990,0.97,-0.18,0
8,1990,0.97,-0.18,0
8,1990,0.97,-0.18,0
8,1990,0.97,-0.18,0
8,1990,0.97,-0.18,0
8,1990,0.97,-0.18,0
8,1990,0.97,-0.18,0
8,1990,0.97,-0.18,0
8,1990,0.97,-0.18,0
8,1990,0.97,-0.18,0
8,1990,0.97,-0.18,0
8,1990,0.97,-0.18,0
8,1990,0.97,-0.18,0
8,1990,0.97,-0.18,0
8,1990,0.97,-0.18,0
8,1990,0.97,-0.18,0
8,1990,0.97,-0.18,0
8,1990,0.97,-0.18,0
8,1990,0.97,-0.18,0
8,1990,0.97,-0.18,0
8,1990,0.97,-0.18,0
8,1990,0.97,-0.18,0
8,1990,0.97,-0.18,0
8,1990,0.97,-0.18,0
8,1990,0.97,-0.18,0
9,1990,1.06,-0.18,0
9,1990,1.06,-0.18,0
9,1990,1.06,-0.18,0
9,1990,1.06,-0.18,0
9,1990,1.06,-0.18,0
9,1990,1.06,-0.18,0
9,1990,1.06,-0.18,0
9,1990,1.06,-0.18,0
9,1990,1.06,-0.18,0
9,1990,1.06,-0.18,0
9,1990,1.06,-0.18,0
9,1990,1.06,-0.18,0
9,1990,1.06,-0.18,0
9,1990,1.06,-0.18,0
9,1990,1.06,-0.18,0
9,1990,1.06,-0.18,0
9,1990,1.06,-0.18,0
9,1990,1.06,-0.18,0
9,1990,1.06,-0.18,0
9,1990,1.06,-0.18,0
9,1990,1.06,-0.18,0
9,1990,1.06,-0.18,0
9,1990,1.06,-0.18,0
9,1990,1.06,-0.18,0
9,1990,1.06,-0.18,0
9,1990,1.06,-0.18,0
9,1990,1.06,-0.18,0
9,1990,1.06,-0.18,0
9,1990,1.06,-0.18,0
9,1990,1.06,-0.18,0
10,1990,0.23,-0.18,0
10,1990,0.23,-0.18,0
10,1990,0.23,-0.18,0
10,1990,0.23,-0.18,0
10,1990,0.23,-0.18,0
10,1990,0.23,-0.18,0
10,1990,0.23,-0.18,0
10,1990,0.23,-0.18,0
10,1990,0.23,-0.18,0
10,1990,0.23,-0.18,0
10,1990,0.23,-0.18,0
10,1990,0.23,-0.18,0
10,1990,0.23,-0.18,0
10,1990,0.23,-0.18,0
10,1990,0.23,-0.18,0
10,1990,0.23,-0.18,0
10,1990,0.23,-0.18,0
10,1990,0.23,-0.18,0
10,1990,0.23,-0.18,0
10,1990,0.23,-0.18,0
10,1990,0.23,-0.18,0
10,1990,0.23,-0.18,0
10,1990,0.23,-0.18,0
10,1990,0.23,-0.18,0
10,1990,0.23,-0.18,0
10,1990,0.23,-0.18,0
10,1990,0.23,-0.18,0
10,1990,0.23,-0.18,0
10,1990,0.23,-0.18,0
10,1990,0.23,-0.18,0
10,1990,0.23,-0.18,0
11,1990,-0.24,-0.17,0
11,1990,-0.24,-0.17,0
11,1990,-0.24,-0.17,0
11,1990,-0.24,-0.17,0
11,1990,-0.24,-0.17,0
11,1990,-0.24,-0.17,0
11,1990,-0.24,-0.17,0
11,1990,-0.24,-0.17,0
11,1990,-0.24,-0.17,0
11,1990,-0.24,-0.17,0
11,1990,-0.24,-0.17,0
11,1990,-0.24,-0.17,0
11,1990,-0.24,-0.17,0
11,1990,-0.24,-0.17,0
11,1990,-0.24,-0.17,0
11,1990,-0.24,-0.17,0
11,1990,-0.24,-0.17,0
11,1990,-0.24,-0.17,0
11,1990,-0.24,-0.17,0
11,1990,-0.24,-0.17,0
11,1990,-0.24,-0.17,0
11,1990,-0.24,-0.17,0
11,1990,-0.24,-0.17,0
11,1990,-0.24,-0.17,0
11,1990,-0.24,-0.17,0
11,1990,-0.24,-0.17,0
11,1990,-0.24,-0.17,0
11,1990,-0.24,-0.17,0
11,1990,-0.24,-0.17,0
11,1990,-0.24,-0.17,0
12,1990,0.22,-0.17,0
12,1990,0.22,-0.17,0
12,1990,0.22,-0.17,0
12,1990,0.22,-0.17,0
12,1990,0.22,-0.17,0
12,1990,0.22,-0.17,0
12,1990,0.22,-0.17,0
12,1990,0.22,-0.17,0
12,1990,0.22,-0.17,0
12,1990,0.22,-0.17,0
12,1990,0.22,-0.17,0
12,1990,0.22,-0.17,0
12,1990,0.22,-0.17,0
12,1990,0.22,-0.17,0
12,1990,0.22,-0.17,0
12,1990,0.22,-0.17,0
12,1990,0.22,-0.17,0
12,1990,0.22,-0.17,0
12,1990,0.22,-0.17,0
12,1990,0.22,-0.17,0
12,1990,0.22,-0.17,0
12,1990,0.22,-0.17,0
12,1990,0.22,-0.17,0
12,1990,0.22,-0.17,0
12,1990,0.22,-0.17,0
12,1990,0.22,-0.17,0
12,1990,0.22,-0.17,0
12,1990,0.22,-0.17,0
12,1990,0.22,-0.17,0
12,1990,0.22,-0.17,0
12,1990,0.22,-0.17,0
1,1991,0.86,-0.17,0
1,1991,0.86,-0.17,0
1,1991,0.86,-0.17,0
1,1991,0.86,-0.17,0
1,1991,0.86,-0.17,0
1,1991,0.86,-0.17,0
1,1991,0.86,-0.17,0
1,1991,0.86,-0.17,0
1,1991,0.86,-0.17,0
1,1991,0.86,-0.17,0
1,1991,0.86,-0.17,0
1,1991,0.86,-0.17,0
1,1991,0.86,-0.17,0
1,1991,0.86,-0.17,0
1,1991,0.86,-0.17,0
1,1991,0.86,-0.17,0
1,1991,0.86,-0.17,0
1,1991,0.86,-0.17,0
1,1991,0.86,-0.17,0
1,1991,0.86,-0.17,0
1,1991,0.86,-0.17,0
1,1991,0.86,-0.17,0
1,1991,0.86,-0.17,0
1,1991,0.86,-0.17,0
1,1991,0.86,-0.17,0
1,1991,0.86,-0.17,0
1,1991,0.86,-0.17,0
1,1991,0.86,-0.17,0
1,1991,0.86,-0.17,0
1,1991,0.86,-0.17,0
1,1991,0.86,-0.17,0
2,1991,1.04,-0.17,0
2,1991,1.04,-0.17,0
2,1991,1.04,-0.17,0
2,1991,1.04,-0.17,0
2,1991,1.04,-0.17,0
2,1991,1.04,-0.17,0
2,1991,1.04,-0.17,0
2,1991,1.04,-0.17,0
2,1991,1.04,-0.17,0
2,1991,1.04,-0.17,0
2,1991,1.04,-0.17,0
2,1991,1.04,-0.17,0
2,1991,1.04,-0.17,0
2,1991,1.04,-0.17,0
2,1991,1.04,-0.17,0
2,1991,1.04,-0.17,0
2,1991,1.04,-0.17,0
2,1991,1.04,-0.17,0
2,1991,1.04,-0.17,0
2,1991,1.04,-0.17,0
2,1991,1.04,-0.17,0
2,1991,1.04,-0.17,0
2,1991,1.04,-0.17,0
2,1991,1.04,-0.17,0
2,1991,1.04,-0.17,0
2,1991,1.04,-0.17,0
2,1991,1.04,-0.17,0
2,1991,1.04,-0.17,0
3,1991,-0.2,-0.16,0
3,1991,-0.2,-0.16,0
3,1991,-0.2,-0.16,0
3,1991,-0.2,-0.16,0
3,1991,-0.2,-0.16,0
3,1991,-0.2,-0.16,0
3,1991,-0.2,-0.16,0
3,1991,-0.2,-0.16,0
3,1991,-0.2,-0.16,0
3,1991,-0.2,-0.16,0
3,1991,-0.2,-0.16,0
3,1991,-0.2,-0.16,0
3,1991,-0.2,-0.16,0
3,1991,-0.2,-0.16,0
3,1991,-0.2,-0.16,0
3,1991,-0.2,-0.16,0
3,1991,-0.2,-0.16,0
3,1991,-0.2,-0.16,0
3,1991,-0.2,-0.16,0
3,1991,-0.2,-0.16,0
3,1991,-0.2,-0.16,0
3,1991,-0.2,-0.16,0
3,1991,-0.2,-0.16,0
3,1991,-0.2,-0.16,0
3,1991,-0.2,-0.16,0
3,1991,-0.2,-0.16,0
3,1991,-0.2,-0.16,0
3,1991,-0.2,-0.16,0
3,1991,-0.2,-0.16,0
3,1991,-0.2,-0.16,0
3,1991,-0.2,-0.16,0
4,1991,0.29,-0.16,0
4,1991,0.29,-0.16,0
4,1991,0.29,-0.16,0
4,1991,0.29,-0.16,0
4,1991,0.29,-0.16,0
4,1991,0.29,-0.16,0
4,1991,0.29,-0.16,0
4,1991,0.29,-0.16,0
4,1991,0.29,-0.16,0
4,1991,0.29,-0.16,0
4,1991,0.29,-0.16,0
4,1991,0.29,-0.16,0
4,1991,0.29,-0.16,0
4,1991,0.29,-0.16,0
4,1991,0.29,-0.16,0
4,1991,0.29,-0.16,0
4,1991,0.29,-0.16,0
4,1991,0.29,-0.16,0
4,1991,0.29,-0.16,0
4,1991,0.29,-0.16,0
4,1991,0.29,-0.16,0
4,1991,0.29,-0.16,0
4,1991,0.29,-0.16,0
4,1991,0.29,-0.16,0
4,1991,0.29,-0.16,0
4,1991,0.29,-0.16,0
4,1991,0.29,-0.16,0
4,1991,0.29,-0.16,0
4,1991,0.29,-0.16,0
4,1991,0.29,-0.16,0
5,1991,0.08,-0.16,0
5,1991,0.08,-0.16,0
5,1991,0.08,-0.16,0
5,1991,0.08,-0.16,0
5,1991,0.08,-0.16,0
5,1991,0.08,-0.16,0
5,1991,0.08,-0.16,0
5,1991,0.08,-0.16,0
5,1991,0.08,-0.16,0
5,1991,0.08,-0.16,0
5,1991,0.08,-0.16,0
5,1991,0.08,-0.16,0
5,1991,0.08,-0.16,0
5,1991,0.08,-0.16,0
5,1991,0.08,-0.16,0
5,1991,0.08,-0.16,0
5,1991,0.08,-0.16,0
5,1991,0.08,-0.16,0
5,1991,0.08,-0.16,0
5,1991,0.08,-0.16,0
5,1991,0.08,-0.16,0
5,1991,0.08,-0.16,0
5,1991,0.08,-0.16,0
5,1991,0.08,-0.16,0
5,1991,0.08,-0.16,0
5,1991,0.08,-0.16,0
5,1991,0.08,-0.16,0
5,1991,0.08,-0.16,0
5,1991,0.08,-0.16,0
5,1991,0.08,-0.16,0
5,1991,0.08,-0.16,0
6,1991,-0.82,-0.16,0
6,1991,-0.82,-0.16,0
6,1991,-0.82,-0.16,0
6,1991,-0.82,-0.16,0
6,1991,-0.82,-0.16,0
6,1991,-0.82,-0.16,0
6,1991,-0.82,-0.16,0
6,1991,-0.82,-0.16,0
6,1991,-0.82,-0.16,0
6,1991,-0.82,-0.16,0
6,1991,-0.82,-0.16,0
6,1991,-0.82,-0.16,0
6,1991,-0.82,-0.16,0
6,1991,-0.82,-0.16,0
6,1991,-0.82,-0.16,0
6,1991,-0.82,-0.16,0
6,1991,-0.82,-0.16,0
6,1991,-0.82,-0.16,0
6,1991,-0.82,-0.16,0
6,1991,-0.82,-0.16,0
6,1991,-0.82,-0.16,0
6,1991,-0.82,-0.16,0
6,1991,-0.82,-0.16,0
6,1991,-0.82,-0.16,0
6,1991,-0.82,-0.16,0
6,1991,-0.82,-0.16,0
6,1991,-0.82,-0.16,0
6,1991,-0.82,-0.16,0
6,1991,-0.82,-0.16,0
7,1991,-0.49,-0.16,0
7,1991,-0.49,-0.16,0
7,1991,-0.49,-0.16,0
7,1991,-0.49,-0.16,0
7,1991,-0.49,-0.16,0
7,1991,-0.49,-0.16,0
7,1991,-0.49,-0.16,0
7,1991,-0.49,-0.16,0
7,1991,-0.49,-0.16,0
7,1991,-0.49,-0.16,0
7,1991,-0.49,-0.16,0
7,1991,-0.49,-0.16,0
7,1991,-0.49,-0.16,0
7,1991,-0.49,-0.16,0
7,1991,-0.49,-0.16,0
7,1991,-0.49,-0.16,0
7,1991,-0.49,-0.16,0
7,1991,-0.49,-0.16,0
7,1991,-0.49,-0.16,0
7,1991,-0.49,-0.16,0
7,1991,-0.49,-0.16,0
7,1991,-0.49,-0.16,0
7,1991,-0.49,-0.16,0
7,1991,-0.49,-0.16,0
7,1991,-0.49,-0.16,0
7,1991,-0.49,-0.16,0
7,1991,-0.49,-0.16,0
7,1991,-0.49,-0.16,0
7,1991,-0.49,-0.16,0
7,1991,-0.49,-0.16,0
8,1991,1.23,-0.16,0
8,1991,1.23,-0.16,0
8,1991,1.23,-0.16,0
8,1991,1.23,-0.16,0
8,1991,1.23,-0.16,0
8,1991,1.23,-0.16,0
8,1991,1.23,-0.16,0
8,1991,1.23,-0.16,0
8,1991,1.23,-0.16,0
8,1991,1.23,-0.16,0
8,1991,1.23,-0.16,0
8,1991,1.23,-0.16,0
8,1991,1.23,-0.16,0
8,1991,1.23,-0.16,0
8,1991,1.23,-0.16,0
8,1991,1.23,-0.16,0
8,1991,1.23,-0.16,0
8,1991,1.23,-0.16,0
8,1991,1.23,-0.16,0
8,1991,1.23,-0.16,0
8,1991,1.23,-0.16,0
8,1991,1.23,-0.16,0
8,1991,1.23,-0.16,0
8,1991,1.23,-0.16,0
8,1991,1.23,-0.16,0
8,1991,1.23,-0.16,0
8,1991,1.23,-0.16,0
8,1991,1.23,-0.16,0
8,1991,1.23,-0.16,0
8,1991,1.23,-0.16,0
8,1991,1.23,-0.16,0
9,1991,0.48,-0.15,0
9,1991,0.48,-0.15,0
9,1991,0.48,-0.15,0
9,1991,0.48,-0.15,0
9,1991,0.48,-0.15,0
9,1991,0.48,-0.15,0
9,1991,0.48,-0.15,0
9,1991,0.48,-0.15,0
9,1991,0.48,-0.15,0
9,1991,0.48,-0.15,0
9,1991,0.48,-0.15,0
9,1991,0.48,-0.15,0
9,1991,0.48,-0.15,0
9,1991,0.48,-0.15,0
9,1991,0.48,-0.15,0
9,1991,0.48,-0.15,0
9,1991,0.48,-0.15,0
9,1991,0.48,-0.15,0
9,1991,0.48,-0.15,0
9,1991,0.48,-0.15,0
9,1991,0.48,-0.15,0
9,1991,0.48,-0.15,0
9,1991,0.48,-0.15,0
9,1991,0.48,-0.15,0
9,1991,0.48,-0.15,0
9,1991,0.48,-0.15,0
9,1991,0.48,-0.15,0
9,1991,0.48,-0.15,0
10,1991,-0.19,-0.15,0
10,1991,-0.19,-0.15,0
10,1991,-0.19,-0.15,0
10,1991,-0.19,-0.15,0
10,1991,-0.19,-0.15,0
10,1991,-0.19,-0.15,0
10,1991,-0.19,-0.15,0
10,1991,-0.19,-0.15,0
10,1991,-0.19,-0.15,0
10,1991,-0.19,-0.15,0
10,1991,-0.19,-0.15,0
10,1991,-0.19,-0.15,0
10,1991,-0.19,-0.15,0
10,1991,-0.19,-0.15,0
10,1991,-0.19,-0.15,0
10,1991,-0.19,-0.15,0
10,1991,-0.19,-0.15,0
10,1991,-0.19,-0.15,0
10,1991,-0.19,-0.15,0
10,1991,-0.19,-0.15,0
10,1991,-0.19,-0.15,0
10,1991,-0.19,-0.15,0
10,1991,-0.19,-0.15,0
10,1991,-0.19,-0.15,0
10,1991,-0.19,-0.15,0
10,1991,-0.19,-0.15,0
10,1991,-0.19,-0.15,0
10,1991,-0.19,-0.15,0
10,1991,-0.19,-0.15,0
10,1991,-0.19,-0.15,0
10,1991,-0.19,-0.15,0
11,1991,0.48,-0.15,0
11,1991,0.48,-0.15,0
11,1991,0.48,-0.15,0
11,1991,0.48,-0.15,0
11,1991,0.48,-0.15,0
11,1991,0.48,-0.15,0
11,1991,0.48,-0.15,0
11,1991,0.48,-0.15,0
11,1991,0.48,-0.15,0
11,1991,0.48,-0.15,0
11,1991,0.48,-0.15,0
11,1991,0.48,-0.15,0
11,1991,0.48,-0.15,0
11,1991,0.48,-0.15,0
11,1991,0.48,-0.15,0
11,1991,0.48,-0.15,0
11,1991,0.48,-0.15,0
11,1991,0.48,-0.15,0
11,1991,0.48,-0.15,0
11,1991,0.48,-0.15,0
11,1991,0.48,-0.15,0
11,1991,0.48,-0.15,0
11,1991,0.48,-0.15,0
11,1991,0.48,-0.15,0
11,1991,0.48,-0.15,0
11,1991,0.48,-0.15,0
11,1991,0.48,-0.15,0
11,1991,0.48,-0.15,0
11,1991,0.48,-0.15,0
11,1991,0.48,-0.15,0
12,1991,0.46,-0.14,0
12,1991,0.46,-0.14,0
12,1991,0.46,-0.14,0
12,1991,0.46,-0.14,0
12,1991,0.46,-0.14,0
12,1991,0.46,-0.14,0
12,1991,0.46,-0.14,0
12,1991,0.46,-0.14,0
12,1991,0.46,-0.14,0
12,1991,0.46,-0.14,0
12,1991,0.46,-0.14,0
12,1991,0.46,-0.14,0
12,1991,0.46,-0.14,0
12,1991,0.46,-0.14,0
12,1991,0.46,-0.14,0
12,1991,0.46,-0.14,0
12,1991,0.46,-0.14,0
12,1991,0.46,-0.14,0
12,1991,0.46,-0.14,0
12,1991,0.46,-0.14,0
12,1991,0.46,-0.14,0
12,1991,0.46,-0.14,0
12,1991,0.46,-0.14,0
12,1991,0.46,-0.14,0
12,1991,0.46,-0.14,0
12,1991,0.46,-0.14,0
12,1991,0.46,-0.14,0
12,1991,0.46,-0.14,0
12,1991,0.46,-0.14,0
12,1991,0.46,-0.14,0
12,1991,0.46,-0.14,0
1,1992,-0.13,-0.14,0
1,1992,-0.13,-0.14,0
1,1992,-0.13,-0.14,0
1,1992,-0.13,-0.14,0
1,1992,-0.13,-0.14,0
1,1992,-0.13,-0.14,0
1,1992,-0.13,-0.14,0
1,1992,-0.13,-0.14,0
1,1992,-0.13,-0.14,0
1,1992,-0.13,-0.14,0
1,1992,-0.13,-0.14,0
1,1992,-0.13,-0.14,0
1,1992,-0.13,-0.14,0
1,1992,-0.13,-0.14,0
1,1992,-0.13,-0.14,0
1,1992,-0.13,-0.14,0
1,1992,-0.13,-0.14,0
1,1992,-0.13,-0.14,0
1,1992,-0.13,-0.14,0
1,1992,-0.13,-0.14,0
1,1992,-0.13,-0.14,0
1,1992,-0.13,-0.14,0
1,1992,-0.13,-0.14,0
1,1992,-0.13,-0.14,0
1,1992,-0.13,-0.14,0
1,1992,-0.13,-0.14,0
1,1992,-0.13,-0.14,0
1,1992,-0.13,-0.14,0
1,1992,-0.13,-0.14,0
1,1992,-0.13,-0.14,0
1,1992,-0.13,-0.14,0
2,1992,1.07,-0.14,0
2,1992,1.07,-0.14,0
2,1992,1.07,-0.14,0
2,1992,1.07,-0.14,0
2,1992,1.07,-0.14,0
2,1992,1.07,-0.14,0
2,1992,1.07,-0.14,0
2,1992,1.07,-0.14,0
2,1992,1.07,-0.14,0
2,1992,1.07,-0.14,0
2,1992,1.07,-0.14,0
2,1992,1.07,-0.14,0
2,1992,1.07,-0.14,0
2,1992,1.07,-0.14,0
2,1992,1.07,-0.14,0
2,1992,1.07,-0.14,0
2,1992,1.07,-0.14,0
2,1992,1.07,-0.14,0
2,1992,1.07,-0.14,0
2,1992,1.07,-0.14,0
2,1992,1.07,-0.14,0
2,1992,1.07,-0.14,0
2,1992,1.07,-0.14,0
2,1992,1.07,-0.14,0
2,1992,1.07,-0.14,0
2,1992,1.07,-0.14,0
2,1992,1.07,-0.14,0
2,1992,1.07,-0.14,0
2,1992,1.07,-0.14,0
3,1992,0.87,-0.14,0
3,1992,0.87,-0.14,0
3,1992,0.87,-0.14,0
3,1992,0.87,-0.14,0
3,1992,0.87,-0.14,0
3,1992,0.87,-0.14,0
3,1992,0.87,-0.14,0
3,1992,0.87,-0.14,0
3,1992,0.87,-0.14,0
3,1992,0.87,-0.14,0
3,1992,0.87,-0.14,0
3,1992,0.87,-0.14,0
3,1992,0.87,-0.14,0
3,1992,0.87,-0.14,0
3,1992,0.87,-0.14,0
3,1992,0.87,-0.14,0
3,1992,0.87,-0.14,0
3,1992,0.87,-0.14,0
3,1992,0.87,-0.14,0
3,1992,0.87,-0.14,0
3,1992,0.87,-0.14,0
3,1992,0.87,-0.14,0
3,1992,0.87,-0.14,0
3,1992,0.87,-0.14,0
3,1992,0.87,-0.14,0
3,1992,0.87,-0.14,0
3,1992,0.87,-0.14,0
3,1992,0.87,-0.14,0
3,1992,0.87,-0.14,0
3,1992,0.87,-0.14,0
3,1992,0.87,-0.14,0
4,1992,1.86,-0.14,0
4,1992,1.86,-0.14,0
4,1992,1.86,-0.14,0
4,1992,1.86,-0.14,0
4,1992,1.86,-0.14,0
4,1992,1.86,-0.14,0
4,1992,1.86,-0.14,0
4,1992,1.86,-0.14,0
4,1992,1.86,-0.14,0
4,1992,1.86,-0.14,0
4,1992,1.86,-0.14,0
4,1992,1.86,-0.14,0
4,1992,1.86,-0.14,0
4,1992,1.86,-0.14,0
4,1992,1.86,-0.14,0
4,1992,1.86,-0.14,0
4,1992,1.86,-0.14,0
4,1992,1.86,-0.14,0
4,1992,1.86,-0.14,0
4,1992,1.86,-0.14,0
4,1992,1.86,-0.14,0
4,1992,1.86,-0.14,0
4,1992,1.86,-0.14,0
4,1992,1.86,-0.14,0
4,1992,1.86,-0.14,0
4,1992,1.86,-0.14,0
4,1992,1.86,-0.14,0
4,1992,1.86,-0.14,0
4,1992,1.86,-0.14,0
5,1992,2.63,-0.14,0
5,1992,2.63,-0.14,0
5,1992,2.63,-0.14,0
5,1992,2.63,-0.14,0
5,1992,2.63,-0.14,0
5,1992,2.63,-0.14,0
5,1992,2.63,-0.14,0
5,1992,2.63,-0.14,0
5,1992,2.63,-0.14,0
5,1992,2.63,-0.14,0
5,1992,2.63,-0.14,0
5,1992,2.63,-0.14,0
5,1992,2.63,-0.14,0
5,1992,2.63,-0.14,0
5,1992,2.63,-0.14,0
5,1992,2.63,-0.14,0
5,1992,2.63,-0.14,0
5,1992,2.63,-0.14,0
5,1992,2.63,-0.14,0
5,1992,2.63,-0.14,0
5,1992,2.63,-0.14,0
5,1992,2.63,-0.14,0
5,1992,2.63,-0.14,0
5,1992,2.63,-0.14,0
5,1992,2.63,-0.14,0
5,1992,2.63,-0.14,0
5,1992,2.63,-0.14,0
5,1992,2.63,-0.14,0
5,1992,2.63,-0.14,0
6,1992,0.2,-0.14,0
6,1992,0.2,-0.14,0
6,1992,0.2,-0.14,0
6,1992,0.2,-0.14,0
6,1992,0.2,-0.14,0
6,1992,0.2,-0.14,0
6,1992,0.2,-0.14,0
6,1992,0.2,-0.14,0
6,1992,0.2,-0.14,0
6,1992,0.2,-0.14,0
6,1992,0.2,-0.14,0
6,1992,0.2,-0.14,0
6,1992,0.2,-0.14,0
6,1992,0.2,-0.14,0
6,1992,0.2,-0.14,0
6,1992,0.2,-0.14,0
6,1992,0.2,-0.14,0
6,1992,0.2,-0.14,0
6,1992,0.2,-0.14,0
6,1992,0.2,-0.14,0
6,1992,0.2,-0.14,0
6,1992,0.2,-0.14,0
6,1992,0.2,-0.14,0
6,1992,0.2,-0.14,0
6,1992,0.2,-0.14,0
6,1992,0.2,-0.14,0
6,1992,0.2,-0.14,0
6,1992,0.2,-0.14,0
6,1992,0.2,-0.14,0
6,1992,0.2,-0.14,0
7,1992,0.16,-0.14,0
7,1992,0.16,-0.14,0
7,1992,0.16,-0.14,0
7,1992,0.16,-0.14,0
7,1992,0.16,-0.14,0
7,1992,0.16,-0.14,0
7,1992,0.16,-0.14,0
7,1992,0.16,-0.14,0
7,1992,0.16,-0.14,0
7,1992,0.16,-0.14,0
7,1992,0.16,-0.14,0
7,1992,0.16,-0.14,0
7,1992,0.16,-0.14,0
7,1992,0.16,-0.14,0
7,1992,0.16,-0.14,0
7,1992,0.16,-0.14,0
7,1992,0.16,-0.14,0
7,1992,0.16,-0.14,0
7,1992,0.16,-0.14,0
7,1992,0.16,-0.14,0
7,1992,0.16,-0.14,0
7,1992,0.16,-0.14,0
7,1992,0.16,-0.14,0
7,1992,0.16,-0.14,0
7,1992,0.16,-0.14,0
7,1992,0.16,-0.14,0
7,1992,0.16,-0.14,0
7,1992,0.16,-0.14,0
7,1992,0.16,-0.14,0
7,1992,0.16,-0.14,0
7,1992,0.16,-0.14,0
8,1992,0.85,-0.14,0
8,1992,0.85,-0.14,0
8,1992,0.85,-0.14,0
8,1992,0.85,-0.14,0
8,1992,0.85,-0.14,0
8,1992,0.85,-0.14,0
8,1992,0.85,-0.14,0
8,1992,0.85,-0.14,0
8,1992,0.85,-0.14,0
8,1992,0.85,-0.14,0
8,1992,0.85,-0.14,0
8,1992,0.85,-0.14,0
8,1992,0.85,-0.14,0
8,1992,0.85,-0.14,0
8,1992,0.85,-0.14,0
8,1992,0.85,-0.14,0
8,1992,0.85,-0.14,0
8,1992,0.85,-0.14,0
8,1992,0.85,-0.14,0
8,1992,0.85,-0.14,0
8,1992,0.85,-0.14,0
8,1992,0.85,-0.14,0
8,1992,0.85,-0.14,0
8,1992,0.85,-0.14,0
8,1992,0.85,-0.14,0
8,1992,0.85,-0.14,0
8,1992,0.85,-0.14,0
8,1992,0.85,-0.14,0
9,1992,-0.44,0.15,0
9,1992,-0.44,0.15,0
9,1992,-0.44,0.15,0
9,1992,-0.44,0.15,0
9,1992,-0.44,0.15,0
9,1992,-0.44,0.15,0
9,1992,-0.44,0.15,0
9,1992,-0.44,0.15,0
9,1992,-0.44,0.15,0
9,1992,-0.44,0.15,0
9,1992,-0.44,0.15,0
9,1992,-0.44,0.15,0
9,1992,-0.44,0.15,0
9,1992,-0.44,0.15,0
9,1992,-0.44,0.15,0
9,1992,-0.44,0.15,0
9,1992,-0.44,0.15,0
9,1992,-0.44,0.15,0
9,1992,-0.44,0.15,0
9,1992,-0.44,0.15,0
9,1992,-0.44,0.15,0
9,1992,-0.44,0.15,0
9,1992,-0.44,0.15,0
9,1992,-0.44,0.15,0
9,1992,-0.44,0.15,0
9,1992,-0.44,0.15,0
9,1992,-0.44,0.15,0
10,1992,-1.76,-0.15,0
10,1992,-1.76,-0.15,0
10,1992,-1.76,-0.15,0
10,1992,-1.76,-0.15,0
10,1992,-1.76,-0.15,0
10,1992,-1.76,-0.15,0
10,1992,-1.76,-0.15,0
10,1992,-1.76,-0.15,0
10,1992,-1.76,-0.15,0
10,1992,-1.76,-0.15,0
10,1992,-1.76,-0.15,0
10,1992,-1.76,-0.15,0
10,1992,-1.76,-0.15,0
10,1992,-1.76,-0.15,0
10,1992,-1.76,-0.15,0
10,1992,-1.76,-0.15,0
10,1992,-1.76,-0.15,0
10,1992,-1.76,-0.15,0
10,1992,-1.76,-0.15,0
10,1992,-1.76,-0.15,0
10,1992,-1.76,-0.15,0
10,1992,-1.76,-0.15,0
10,1992,-1.76,-0.15,0
10,1992,-1.76,-0.15,0
10,1992,-1.76,-0.15,0
10,1992,-1.76,-0.15,0
10,1992,-1.76,-0.15,0
10,1992,-1.76,-0.15,0
10,1992,-1.76,-0.15,0
10,1992,-1.76,-0.15,0
10,1992,-1.76,-0.15,0
11,1992,1.19,-0.15,0
11,1992,1.19,-0.15,0
11,1992,1.19,-0.15,0
11,1992,1.19,-0.15,0
11,1992,1.19,-0.15,0
11,1992,1.19,-0.15,0
11,1992,1.19,-0.15,0
11,1992,1.19,-0.15,0
11,1992,1.19,-0.15,0
11,1992,1.19,-0.15,0
11,1992,1.19,-0.15,0
11,1992,1.19,-0.15,0
11,1992,1.19,-0.15,0
11,1992,1.19,-0.15,0
11,1992,1.19,-0.15,0
11,1992,1.19,-0.15,0
11,1992,1.19,-0.15,0
11,1992,1.19,-0.15,0
11,1992,1.19,-0.15,0
11,1992,1.19,-0.15,0
11,1992,1.19,-0.15,0
11,1992,1.19,-0.15,0
11,1992,1.19,-0.15,0
11,1992,1.19,-0.15,0
11,1992,1.19,-0.15,0
11,1992,1.19,-0.15,0
11,1992,1.19,-0.15,0
11,1992,1.19,-0.15,0
11,1992,1.19,-0.15,0
12,1992,0.47,-0.14,0
12,1992,0.47,-0.14,0
12,1992,0.47,-0.14,0
12,1992,0.47,-0.14,0
12,1992,0.47,-0.14,0
12,1992,0.47,-0.14,0
12,1992,0.47,-0.14,0
12,1992,0.47,-0.14,0
12,1992,0.47,-0.14,0
12,1992,0.47,-0.14,0
12,1992,0.47,-0.14,0
12,1992,0.47,-0.14,0
12,1992,0.47,-0.14,0
12,1992,0.47,-0.14,0
12,1992,0.47,-0.14,0
12,1992,0.47,-0.14,0
12,1992,0.47,-0.14,0
12,1992,0.47,-0.14,0
12,1992,0.47,-0.14,0
12,1992,0.47,-0.14,0
12,1992,0.47,-0.14,0
12,1992,0.47,-0.14,0
12,1992,0.47,-0.14,0
12,1992,0.47,-0.14,0
12,1992,0.47,-0.14,0
12,1992,0.47,-0.14,0
12,1992,0.47,-0.14,0
12,1992,0.47,-0.14,0
12,1992,0.47,-0.14,0
12,1992,0.47,-0.14,0
12,1992,0.47,-0.14,0
1,1993,1.6,-0.14,0
1,1993,1.6,-0.14,0
1,1993,1.6,-0.14,0
1,1993,1.6,-0.14,0
1,1993,1.6,-0.14,0
1,1993,1.6,-0.14,0
1,1993,1.6,-0.14,0
1,1993,1.6,-0.14,0
1,1993,1.6,-0.14,0
1,1993,1.6,-0.14,0
1,1993,1.6,-0.14,0
1,1993,1.6,-0.14,0
1,1993,1.6,-0.14,0
1,1993,1.6,-0.14,0
1,1993,1.6,-0.14,0
1,1993,1.6,-0.14,0
1,1993,1.6,-0.14,0
1,1993,1.6,-0.14,0
1,1993,1.6,-0.14,0
1,1993,1.6,-0.14,0
1,1993,1.6,-0.14,0
1,1993,1.6,-0.14,0
1,1993,1.6,-0.14,0
1,1993,1.6,-0.14,0
1,1993,1.6,-0.14,0
1,1993,1.6,-0.14,0
1,1993,1.6,-0.14,0
1,1993,1.6,-0.14,0
1,1993,1.6,-0.14,0
1,1993,1.6,-0.14,0
1,1993,1.6,-0.14,0
2,1993,0.5,-0.14,0
2,1993,0.5,-0.14,0
2,1993,0.5,-0.14,0
2,1993,0.5,-0.14,0
2,1993,0.5,-0.14,0
2,1993,0.5,-0.14,0
2,1993,0.5,-0.14,0
2,1993,0.5,-0.14,0
2,1993,0.5,-0.14,0
2,1993,0.5,-0.14,0
2,1993,0.5,-0.14,0
2,1993,0.5,-0.14,0
2,1993,0.5,-0.14,0
2,1993,0.5,-0.14,0
2,1993,0.5,-0.14,0
2,1993,0.5,-0.14,0
2,1993,0.5,-0.14,0
2,1993,0.5,-0.14,0
2,1993,0.5,-0.14,0
2,1993,0.5,-0.14,0
2,1993,0.5,-0.14,0
2,1993,0.5,-0.14,0
2,1993,0.5,-0.14,0
2,1993,0.5,-0.14,0
2,1993,0.5,-0.14,0
2,1993,0.5,-0.14,0
2,1993,0.5,-0.14,0
2,1993,0.5,-0.14,0
3,1993,0.67,-0.14,0
3,1993,0.67,-0.14,0
3,1993,0.67,-0.14,0
3,1993,0.67,-0.14,0
3,1993,0.67,-0.14,0
3,1993,0.67,-0.14,0
3,1993,0.67,-0.14,0
3,1993,0.67,-0.14,0
3,1993,0.67,-0.14,0
3,1993,0.67,-0.14,0
3,1993,0.67,-0.14,0
3,1993,0.67,-0.14,0
3,1993,0.67,-0.14,0
3,1993,0.67,-0.14,0
3,1993,0.67,-0.14,0
3,1993,0.67,-0.14,0
3,1993,0.67,-0.14,0
3,1993,0.67,-0.14,0
3,1993,0.67,-0.14,0
3,1993,0.67,-0.14,0
3,1993,0.67,-0.14,0
3,1993,0.67,-0.14,0
3,1993,0.67,-0.14,0
3,1993,0.67,-0.14,0
3,1993,0.67,-0.14,0
3,1993,0.67,-0.14,0
3,1993,0.67,-0.14,0
3,1993,0.67,-0.14,0
3,1993,0.67,-0.14,0
3,1993,0.67,-0.14,0
3,1993,0.67,-0.14,0
4,1993,0.97,-0.14,0
4,1993,0.97,-0.14,0
4,1993,0.97,-0.14,0
4,1993,0.97,-0.14,0
4,1993,0.97,-0.14,0
4,1993,0.97,-0.14,0
4,1993,0.97,-0.14,0
4,1993,0.97,-0.14,0
4,1993,0.97,-0.14,0
4,1993,0.97,-0.14,0
4,1993,0.97,-0.14,0
4,1993,0.97,-0.14,0
4,1993,0.97,-0.14,0
4,1993,0.97,-0.14,0
4,1993,0.97,-0.14,0
4,1993,0.97,-0.14,0
4,1993,0.97,-0.14,0
4,1993,0.97,-0.14,0
4,1993,0.97,-0.14,0
4,1993,0.97,-0.14,0
4,1993,0.97,-0.14,0
4,1993,0.97,-0.14,0
4,1993,0.97,-0.14,0
4,1993,0.97,-0.14,0
4,1993,0.97,-0.14,0
4,1993,0.97,-0.14,0
4,1993,0.97,-0.14,0
4,1993,0.97,-0.14,0
4,1993,0.97,-0.14,0
4,1993,0.97,-0.14,0
5,1993,-0.78,-0.13,0
5,1993,-0.78,-0.13,0
5,1993,-0.78,-0.13,0
5,1993,-0.78,-0.13,0
5,1993,-0.78,-0.13,0
5,1993,-0.78,-0.13,0
5,1993,-0.78,-0.13,0
5,1993,-0.78,-0.13,0
5,1993,-0.78,-0.13,0
5,1993,-0.78,-0.13,0
5,1993,-0.78,-0.13,0
5,1993,-0.78,-0.13,0
5,1993,-0.78,-0.13,0
5,1993,-0.78,-0.13,0
5,1993,-0.78,-0.13,0
5,1993,-0.78,-0.13,0
5,1993,-0.78,-0.13,0
5,1993,-0.78,-0.13,0
5,1993,-0.78,-0.13,0
5,1993,-0.78,-0.13,0
5,1993,-0.78,-0.13,0
5,1993,-0.78,-0.13,0
5,1993,-0.78,-0.13,0
5,1993,-0.78,-0.13,0
5,1993,-0.78,-0.13,0
5,1993,-0.78,-0.13,0
5,1993,-0.78,-0.13,0
5,1993,-0.78,-0.13,0
5,1993,-0.78,-0.13,0
5,1993,-0.78,-0.13,0
6,1993,-0.59,-0.13,0
6,1993,-0.59,-0.13,0
6,1993,-0.59,-0.13,0
6,1993,-0.59,-0.13,0
6,1993,-0.59,-0.13,0
6,1993,-0.59,-0.13,0
6,1993,-0.59,-0.13,0
6,1993,-0.59,-0.13,0
6,1993,-0.59,-0.13,0
6,1993,-0.59,-0.13,0
6,1993,-0.59,-0.13,0
6,1993,-0.59,-0.13,0
6,1993,-0.59,-0.13,0
6,1993,-0.59,-0.13,0
6,1993,-0.59,-0.13,0
6,1993,-0.59,-0.13,0
6,1993,-0.59,-0.13,0
6,1993,-0.59,-0.13,0
6,1993,-0.59,-0.13,0
6,1993,-0.59,-0.13,0
6,1993,-0.59,-0.13,0
6,1993,-0.59,-0.13,0
6,1993,-0.59,-0.13,0
6,1993,-0.59,-0.13,0
6,1993,-0.59,-0.13,0
6,1993,-0.59,-0.13,0
6,1993,-0.59,-0.13,0
7,1993,-3.18,-0.13,0
7,1993,-3.18,-0.13,0
7,1993,-3.18,-0.13,0
7,1993,-3.18,-0.13,0
7,1993,-3.18,-0.13,0
7,1993,-3.18,-0.13,0
7,1993,-3.18,-0.13,0
7,1993,-3.18,-0.13,0
7,1993,-3.18,-0.13,0
7,1993,-3.18,-0.13,0
7,1993,-3.18,-0.13,0
7,1993,-3.18,-0.13,0
7,1993,-3.18,-0.13,0
7,1993,-3.18,-0.13,0
7,1993,-3.18,-0.13,0
7,1993,-3.18,-0.13,0
7,1993,-3.18,-0.13,0
7,1993,-3.18,-0.13,0
7,1993,-3.18,-0.13,0
7,1993,-3.18,-0.13,0
7,1993,-3.18,-0.13,0
7,1993,-3.18,-0.13,0
7,1993,-3.18,-0.13,0
7,1993,-3.18,-0.13,0
7,1993,-3.18,-0.13,0
7,1993,-3.18,-0.13,0
7,1993,-3.18,-0.13,0
7,1993,-3.18,-0.13,0
7,1993,-3.18,-0.13,0
7,1993,-3.18,-0.13,0
7,1993,-3.18,-0.13,0
8,1993,0.12,-0.13,0
8,1993,0.12,-0.13,0
8,1993,0.12,-0.13,0
8,1993,0.12,-0.13,0
8,1993,0.12,-0.13,0
8,1993,0.12,-0.13,0
8,1993,0.12,-0.13,0
8,1993,0.12,-0.13,0
8,1993,0.12,-0.13,0
8,1993,0.12,-0.13,0
8,1993,0.12,-0.13,0
8,1993,0.12,-0.13,0
8,1993,0.12,-0.13,0
8,1993,0.12,-0.13,0
8,1993,0.12,-0.13,0
8,1993,0.12,-0.13,0
8,1993,0.12,-0.13,0
8,1993,0.12,-0.13,0
8,1993,0.12,-0.13,0
8,1993,0.12,-0.13,0
8,1993,0.12,-0.13,0
8,1993,0.12,-0.13,0
8,1993,0.12,-0.13,0
8,1993,0.12,-0.13,0
8,1993,0.12,-0.13,0
8,1993,0.12,-0.13,0
8,1993,0.12,-0.13,0
8,1993,0.12,-0.13,0
8,1993,0.12,-0.13,0
9,1993,-0.57,-0.13,0
9,1993,-0.57,-0.13,0
9,1993,-0.57,-0.13,0
9,1993,-0.57,-0.13,0
9,1993,-0.57,-0.13,0
9,1993,-0.57,-0.13,0
9,1993,-0.57,-0.13,0
9,1993,-0.57,-0.13,0
9,1993,-0.57,-0.13,0
9,1993,-0.57,-0.13,0
9,1993,-0.57,-0.13,0
9,1993,-0.57,-0.13,0
9,1993,-0.57,-0.13,0
9,1993,-0.57,-0.13,0
9,1993,-0.57,-0.13,0
9,1993,-0.57,-0.13,0
9,1993,-0.57,-0.13,0
9,1993,-0.57,-0.13,0
9,1993,-0.57,-0.13,0
9,1993,-0.57,-0.13,0
9,1993,-0.57,-0.13,0
9,1993,-0.57,-0.13,0
9,1993,-0.57,-0.13,0
9,1993,-0.57,-0.13,0
9,1993,-0.57,-0.13,0
9,1993,-0.57,-0.13,0
9,1993,-0.57,-0.13,0
9,1993,-0.57,-0.13,0
10,1993,-0.71,-0.13,0
10,1993,-0.71,-0.13,0
10,1993,-0.71,-0.13,0
10,1993,-0.71,-0.13,0
10,1993,-0.71,-0.13,0
10,1993,-0.71,-0.13,0
10,1993,-0.71,-0.13,0
10,1993,-0.71,-0.13,0
10,1993,-0.71,-0.13,0
10,1993,-0.71,-0.13,0
10,1993,-0.71,-0.13,0
10,1993,-0.71,-0.13,0
10,1993,-0.71,-0.13,0
10,1993,-0.71,-0.13,0
10,1993,-0.71,-0.13,0
10,1993,-0.71,-0.13,0
10,1993,-0.71,-0.13,0
10,1993,-0.71,-0.13,0
10,1993,-0.71,-0.13,0
10,1993,-0.71,-0.13,0
10,1993,-0.71,-0.13,0
10,1993,-0.71,-0.13,0
10,1993,-0.71,-0.13,0
10,1993,-0.71,-0.13,0
10,1993,-0.71,-0.13,0
10,1993,-0.71,-0.13,0
10,1993,-0.71,-0.13,0
10,1993,-0.71,-0.13,0
10,1993,-0.71,-0.13,0
10,1993,-0.71,-0.13,0
10,1993,-0.71,-0.13,0
11,1993,2.56,-0.13,0
11,1993,2.56,-0.13,0
11,1993,2.56,-0.13,0
11,1993,2.56,-0.13,0
11,1993,2.56,-0.13,0
11,1993,2.56,-0.13,0
11,1993,2.56,-0.13,0
11,1993,2.56,-0.13,0
11,1993,2.56,-0.13,0
11,1993,2.56,-0.13,0
11,1993,2.56,-0.13,0
11,1993,2.56,-0.13,0
11,1993,2.56,-0.13,0
11,1993,2.56,-0.13,0
11,1993,2.56,-0.13,0
11,1993,2.56,-0.13,0
11,1993,2.56,-0.13,0
11,1993,2.56,-0.13,0
11,1993,2.56,-0.13,0
11,1993,2.56,-0.13,0
11,1993,2.56,-0.13,0
11,1993,2.56,-0.13,0
11,1993,2.56,-0.13,0
11,1993,2.56,-0.13,0
11,1993,2.56,-0.13,0
11,1993,2.56,-0.13,0
11,1993,2.56,-0.13,0
11,1993,2.56,-0.13,0
11,1993,2.56,-0.13,0
11,1993,2.56,-0.13,0
12,1993,1.56,-0.12,0
12,1993,1.56,-0.12,0
12,1993,1.56,-0.12,0
12,1993,1.56,-0.12,0
12,1993,1.56,-0.12,0
12,1993,1.56,-0.12,0
12,1993,1.56,-0.12,0
12,1993,1.56,-0.12,0
12,1993,1.56,-0.12,0
12,1993,1.56,-0.12,0
12,1993,1.56,-0.12,0
12,1993,1.56,-0.12,0
12,1993,1.56,-0.12,0
12,1993,1.56,-0.12,0
12,1993,1.56,-0.12,0
12,1993,1.56,-0.12,0
12,1993,1.56,-0.12,0
12,1993,1.56,-0.12,0
12,1993,1.56,-0.12,0
12,1993,1.56,-0.12,0
12,1993,1.56,-0.12,0
12,1993,1.56,-0.12,0
12,1993,1.56,-0.12,0
12,1993,1.56,-0.12,0
12,1993,1.56,-0.12,0
12,1993,1.56,-0.12,0
12,1993,1.56,-0.12,0
12,1993,1.56,-0.12,0
12,1993,1.56,-0.12,0
12,1993,1.56,-0.12,0
12,1993,1.56,-0.12,0
1,1994,1.04,-0.12,0
1,1994,1.04,-0.12,0
1,1994,1.04,-0.12,0
1,1994,1.04,-0.12,0
1,1994,1.04,-0.12,0
1,1994,1.04,-0.12,0
1,1994,1.04,-0.12,0
1,1994,1.04,-0.12,0
1,1994,1.04,-0.12,0
1,1994,1.04,-0.12,0
1,1994,1.04,-0.12,0
1,1994,1.04,-0.12,0
1,1994,1.04,-0.12,0
1,1994,1.04,-0.12,0
1,1994,1.04,-0.12,0
1,1994,1.04,-0.12,0
1,1994,1.04,-0.12,0
1,1994,1.04,-0.12,0
1,1994,1.04,-0.12,0
1,1994,1.04,-0.12,0
1,1994,1.04,-0.12,0
1,1994,1.04,-0.12,0
1,1994,1.04,-0.12,0
1,1994,1.04,-0.12,0
1,1994,1.04,-0.12,0
1,1994,1.04,-0.12,0
1,1994,1.04,-0.12,0
1,1994,1.04,-0.12,0
1,1994,1.04,-0.12,0
1,1994,1.04,-0.12,0
2,1994,0.46,-0.12,0
2,1994,0.46,-0.12,0
2,1994,0.46,-0.12,0
2,1994,0.46,-0.12,0
2,1994,0.46,-0.12,0
2,1994,0.46,-0.12,0
2,1994,0.46,-0.12,0
2,1994,0.46,-0.12,0
2,1994,0.46,-0.12,0
2,1994,0.46,-0.12,0
2,1994,0.46,-0.12,0
2,1994,0.46,-0.12,0
2,1994,0.46,-0.12,0
2,1994,0.46,-0.12,0
2,1994,0.46,-0.12,0
2,1994,0.46,-0.12,0
2,1994,0.46,-0.12,0
2,1994,0.46,-0.12,0
2,1994,0.46,-0.12,0
2,1994,0.46,-0.12,0
2,1994,0.46,-0.12,0
2,1994,0.46,-0.12,0
2,1994,0.46,-0.12,0
2,1994,0.46,-0.12,0
2,1994,0.46,-0.12,0
2,1994,0.46,-0.12,0
2,1994,0.46,-0.12,0
2,1994,0.46,-0.12,0
3,1994,1.26,-0.12,0
3,1994,1.26,-0.12,0
3,1994,1.26,-0.12,0
3,1994,1.26,-0.12,0
3,1994,1.26,-0.12,0
3,1994,1.26,-0.12,0
3,1994,1.26,-0.12,0
3,1994,1.26,-0.12,0
3,1994,1.26,-0.12,0
3,1994,1.26,-0.12,0
3,1994,1.26,-0.12,0
3,1994,1.26,-0.12,0
3,1994,1.26,-0.12,0
3,1994,1.26,-0.12,0
3,1994,1.26,-0.12,0
3,1994,1.26,-0.12,0
3,1994,1.26,-0.12,0
3,1994,1.26,-0.12,0
3,1994,1.26,-0.12,0
3,1994,1.26,-0.12,0
3,1994,1.26,-0.12,0
3,1994,1.26,-0.12,0
3,1994,1.26,-0.12,0
3,1994,1.26,-0.12,0
3,1994,1.26,-0.12,0
3,1994,1.26,-0.12,0
3,1994,1.26,-0.12,0
3,1994,1.26,-0.12,0
3,1994,1.26,-0.12,0
3,1994,1.26,-0.12,0
3,1994,1.26,-0.12,0
4,1994,1.14,-0.12,0
4,1994,1.14,-0.12,0
4,1994,1.14,-0.12,0
4,1994,1.14,-0.12,0
4,1994,1.14,-0.12,0
4,1994,1.14,-0.12,0
4,1994,1.14,-0.12,0
4,1994,1.14,-0.12,0
4,1994,1.14,-0.12,0
4,1994,1.14,-0.12,0
4,1994,1.14,-0.12,0
4,1994,1.14,-0.12,0
4,1994,1.14,-0.12,0
4,1994,1.14,-0.12,0
4,1994,1.14,-0.12,0
4,1994,1.14,-0.12,0
4,1994,1.14,-0.12,0
4,1994,1.14,-0.12,0
4,1994,1.14,-0.12,0
4,1994,1.14,-0.12,0
4,1994,1.14,-0.12,0
4,1994,1.14,-0.12,0
4,1994,1.14,-0.12,0
4,1994,1.14,-0.12,0
4,1994,1.14,-0.12,0
4,1994,1.14,-0.12,0
4,1994,1.14,-0.12,0
4,1994,1.14,-0.12,0
4,1994,1.14,-0.12,0
4,1994,1.14,-0.12,0
5,1994,-0.57,-0.11,0
5,1994,-0.57,-0.11,0
5,1994,-0.57,-0.11,0
5,1994,-0.57,-0.11,0
5,1994,-0.57,-0.11,0
5,1994,-0.57,-0.11,0
5,1994,-0.57,-0.11,0
5,1994,-0.57,-0.11,0
5,1994,-0.57,-0.11,0
5,1994,-0.57,-0.11,0
5,1994,-0.57,-0.11,0
5,1994,-0.57,-0.11,0
5,1994,-0.57,-0.11,0
5,1994,-0.57,-0.11,0
5,1994,-0.57,-0.11,0
5,1994,-0.57,-0.11,0
5,1994,-0.57,-0.11,0
5,1994,-0.57,-0.11,0
5,1994,-0.57,-0.11,0
5,1994,-0.57,-0.11,0
5,1994,-0.57,-0.11,0
5,1994,-0.57,-0.11,0
5,1994,-0.57,-0.11,0
5,1994,-0.57,-0.11,0
5,1994,-0.57,-0.11,0
5,1994,-0.57,-0.11,0
5,1994,-0.57,-0.11,0
5,1994,-0.57,-0.11,0
5,1994,-0.57,-0.11,0
5,1994,-0.57,-0.11,0
5,1994,-0.57,-0.11,0
6,1994,1.52,-0.11,0
6,1994,1.52,-0.11,0
6,1994,1.52,-0.11,0
6,1994,1.52,-0.11,0
6,1994,1.52,-0.11,0
6,1994,1.52,-0.11,0
6,1994,1.52,-0.11,0
6,1994,1.52,-0.11,0
6,1994,1.52,-0.11,0
6,1994,1.52,-0.11,0
6,1994,1.52,-0.11,0
6,1994,1.52,-0.11,0
6,1994,1.52,-0.11,0
6,1994,1.52,-0.11,0
6,1994,1.52,-0.11,0
6,1994,1.52,-0.11,0
6,1994,1.52,-0.11,0
6,1994,1.52,-0.11,0
6,1994,1.52,-0.11,0
6,1994,1.52,-0.11,0
6,1994,1.52,-0.11,0
6,1994,1.52,-0.11,0
6,1994,1.52,-0.11,0
6,1994,1.52,-0.11,0
6,1994,1.52,-0.11,0
6,1994,1.52,-0.11,0
6,1994,1.52,-0.11,0
6,1994,1.52,-0.11,0
6,1994,1.52,-0.11,0
6,1994,1.52,-0.11,0
7,1994,1.31,-0.11,0
7,1994,1.31,-0.11,0
7,1994,1.31,-0.11,0
7,1994,1.31,-0.11,0
7,1994,1.31,-0.11,0
7,1994,1.31,-0.11,0
7,1994,1.31,-0.11,0
7,1994,1.31,-0.11,0
7,1994,1.31,-0.11,0
7,1994,1.31,-0.11,0
7,1994,1.31,-0.11,0
7,1994,1.31,-0.11,0
7,1994,1.31,-0.11,0
7,1994,1.31,-0.11,0
7,1994,1.31,-0.11,0
7,1994,1.31,-0.11,0
7,1994,1.31,-0.11,0
7,1994,1.31,-0.11,0
7,1994,1.31,-0.11,0
7,1994,1.31,-0.11,0
7,1994,1.31,-0.11,0
7,1994,1.31,-0.11,0
7,1994,1.31,-0.11,0
7,1994,1.31,-0.11,0
7,1994,1.31,-0.11,0
7,1994,1.31,-0.11,0
7,1994,1.31,-0.11,0
7,1994,1.31,-0.11,0
7,1994,1.31,-0.11,0
7,1994,1.31,-0.11,0
8,1994,0.38,-0.11,0
8,1994,0.38,-0.11,0
8,1994,0.38,-0.11,0
8,1994,0.38,-0.11,0
8,1994,0.38,-0.11,0
8,1994,0.38,-0.11,0
8,1994,0.38,-0.11,0
8,1994,0.38,-0.11,0
8,1994,0.38,-0.11,0
8,1994,0.38,-0.11,0
8,1994,0.38,-0.11,0
8,1994,0.38,-0.11,0
8,1994,0.38,-0.11,0
8,1994,0.38,-0.11,0
8,1994,0.38,-0.11,0
8,1994,0.38,-0.11,0
8,1994,0.38,-0.11,0
8,1994,0.38,-0.11,0
8,1994,0.38,-0.11,0
8,1994,0.38,-0.11,0
8,1994,0.38,-0.11,0
8,1994,0.38,-0.11,0
8,1994,0.38,-0.11,0
8,1994,0.38,-0.11,0
8,1994,0.38,-0.11,0
8,1994,0.38,-0.11,0
8,1994,0.38,-0.11,0
8,1994,0.38,-0.11,0
8,1994,0.38,-0.11,0
8,1994,0.38,-0.11,0
9,1994,-1.32,-0.11,0
9,1994,-1.32,-0.11,0
9,1994,-1.32,-0.11,0
9,1994,-1.32,-0.11,0
9,1994,-1.32,-0.11,0
9,1994,-1.32,-0.11,0
9,1994,-1.32,-0.11,0
9,1994,-1.32,-0.11,0
9,1994,-1.32,-0.11,0
9,1994,-1.32,-0.11,0
9,1994,-1.32,-0.11,0
9,1994,-1.32,-0.11,0
9,1994,-1.32,-0.11,0
9,1994,-1.32,-0.11,0
9,1994,-1.32,-0.11,0
9,1994,-1.32,-0.11,0
9,1994,-1.32,-0.11,0
9,1994,-1.32,-0.11,0
9,1994,-1.32,-0.11,0
9,1994,-1.32,-0.11,0
9,1994,-1.32,-0.11,0
9,1994,-1.32,-0.11,0
9,1994,-1.32,-0.11,0
9,1994,-1.32,-0.11,0
9,1994,-1.32,-0.11,0
9,1994,-1.32,-0.11,0
9,1994,-1.32,-0.11,0
9,1994,-1.32,-0.11,0
10,1994,-0.97,-0.1,0
10,1994,-0.97,-0.1,0
10,1994,-0.97,-0.1,0
10,1994,-0.97,-0.1,0
10,1994,-0.97,-0.1,0
10,1994,-0.97,-0.1,0
10,1994,-0.97,-0.1,0
10,1994,-0.97,-0.1,0
10,1994,-0.97,-0.1,0
10,1994,-0.97,-0.1,0
10,1994,-0.97,-0.1,0
10,1994,-0.97,-0.1,0
10,1994,-0.97,-0.1,0
10,1994,-0.97,-0.1,0
10,1994,-0.97,-0.1,0
10,1994,-0.97,-0.1,0
10,1994,-0.97,-0.1,0
10,1994,-0.97,-0.1,0
10,1994,-0.97,-0.1,0
10,1994,-0.97,-0.1,0
10,1994,-0.97,-0.1,0
10,1994,-0.97,-0.1,0
10,1994,-0.97,-0.1,0
10,1994,-0.97,-0.1,0
10,1994,-0.97,-0.1,0
10,1994,-0.97,-0.1,0
10,1994,-0.97,-0.1,0
10,1994,-0.97,-0.1,0
10,1994,-0.97,-0.1,0
10,1994,-0.97,-0.1,0
11,1994,0.64,-0.1,0
11,1994,0.64,-0.1,0
11,1994,0.64,-0.1,0
11,1994,0.64,-0.1,0
11,1994,0.64,-0.1,0
11,1994,0.64,-0.1,0
11,1994,0.64,-0.1,0
11,1994,0.64,-0.1,0
11,1994,0.64,-0.1,0
11,1994,0.64,-0.1,0
11,1994,0.64,-0.1,0
11,1994,0.64,-0.1,0
11,1994,0.64,-0.1,0
11,1994,0.64,-0.1,0
11,1994,0.64,-0.1,0
11,1994,0.64,-0.1,0
11,1994,0.64,-0.1,0
11,1994,0.64,-0.1,0
11,1994,0.64,-0.1,0
11,1994,0.64,-0.1,0
11,1994,0.64,-0.1,0
11,1994,0.64,-0.1,0
11,1994,0.64,-0.1,0
11,1994,0.64,-0.1,0
11,1994,0.64,-0.1,0
11,1994,0.64,-0.1,0
11,1994,0.64,-0.1,0
11,1994,0.64,-0.1,0
11,1994,0.64,-0.1,0
11,1994,0.64,-0.1,0
12,1994,2.02,-0.1,0
12,1994,2.02,-0.1,0
12,1994,2.02,-0.1,0
12,1994,2.02,-0.1,0
12,1994,2.02,-0.1,0
12,1994,2.02,-0.1,0
12,1994,2.02,-0.1,0
12,1994,2.02,-0.1,0
12,1994,2.02,-0.1,0
12,1994,2.02,-0.1,0
12,1994,2.02,-0.1,0
12,1994,2.02,-0.1,0
12,1994,2.02,-0.1,0
12,1994,2.02,-0.1,0
12,1994,2.02,-0.1,0
12,1994,2.02,-0.1,0
12,1994,2.02,-0.1,0
12,1994,2.02,-0.1,0
12,1994,2.02,-0.1,0
12,1994,2.02,-0.1,0
12,1994,2.02,-0.1,0
12,1994,2.02,-0.1,0
12,1994,2.02,-0.1,0
12,1994,2.02,-0.1,0
12,1994,2.02,-0.1,0
12,1994,2.02,-0.1,0
12,1994,2.02,-0.1,0
12,1994,2.02,-0.1,0
12,1994,2.02,-0.1,0
12,1994,2.02,-0.1,0
12,1994,2.02,-0.1,0
1,1995,0.93,-0.1,0
1,1995,0.93,-0.1,0
1,1995,0.93,-0.1,0
1,1995,0.93,-0.1,0
1,1995,0.93,-0.1,0
1,1995,0.93,-0.1,0
1,1995,0.93,-0.1,0
1,1995,0.93,-0.1,0
1,1995,0.93,-0.1,0
1,1995,0.93,-0.1,0
1,1995,0.93,-0.1,0
1,1995,0.93,-0.1,0
1,1995,0.93,-0.1,0
1,1995,0.93,-0.1,0
1,1995,0.93,-0.1,0
1,1995,0.93,-0.1,0
1,1995,0.93,-0.1,0
1,1995,0.93,-0.1,0
1,1995,0.93,-0.1,0
1,1995,0.93,-0.1,0
1,1995,0.93,-0.1,0
1,1995,0.93,-0.1,0
1,1995,0.93,-0.1,0
1,1995,0.93,-0.1,0
1,1995,0.93,-0.1,0
1,1995,0.93,-0.1,0
1,1995,0.93,-0.1,0
1,1995,0.93,-0.1,0
1,1995,0.93,-0.1,0
1,1995,0.93,-0.1,0
1,1995,0.93,-0.1,0
2,1995,1.14,-0.09,0
2,1995,1.14,-0.09,0
2,1995,1.14,-0.09,0
2,1995,1.14,-0.09,0
2,1995,1.14,-0.09,0
2,1995,1.14,-0.09,0
2,1995,1.14,-0.09,0
2,1995,1.14,-0.09,0
2,1995,1.14,-0.09,0
2,1995,1.14,-0.09,0
2,1995,1.14,-0.09,0
2,1995,1.14,-0.09,0
2,1995,1.14,-0.09,0
2,1995,1.14,-0.09,0
2,1995,1.14,-0.09,0
2,1995,1.14,-0.09,0
2,1995,1.14,-0.09,0
2,1995,1.14,-0.09,0
2,1995,1.14,-0.09,0
2,1995,1.14,-0.09,0
2,1995,1.14,-0.09,0
2,1995,1.14,-0.09,0
2,1995,1.14,-0.09,0
2,1995,1.14,-0.09,0
2,1995,1.14,-0.09,0
2,1995,1.14,-0.09,0
2,1995,1.14,-0.09,0
2,1995,1.14,-0.09,0
3,1995,1.25,-0.09,0
3,1995,1.25,-0.09,0
3,1995,1.25,-0.09,0
3,1995,1.25,-0.09,0
3,1995,1.25,-0.09,0
3,1995,1.25,-0.09,0
3,1995,1.25,-0.09,0
3,1995,1.25,-0.09,0
3,1995,1.25,-0.09,0
3,1995,1.25,-0.09,0
3,1995,1.25,-0.09,0
3,1995,1.25,-0.09,0
3,1995,1.25,-0.09,0
3,1995,1.25,-0.09,0
3,1995,1.25,-0.09,0
3,1995,1.25,-0.09,0
3,1995,1.25,-0.09,0
3,1995,1.25,-0.09,0
3,1995,1.25,-0.09,0
3,1995,1.25,-0.09,0
3,1995,1.25,-0.09,0
3,1995,1.25,-0.09,0
3,1995,1.25,-0.09,0
3,1995,1.25,-0.09,0
3,1995,1.25,-0.09,0
3,1995,1.25,-0.09,0
3,1995,1.25,-0.09,0
3,1995,1.25,-0.09,0
3,1995,1.25,-0.09,0
3,1995,1.25,-0.09,0
3,1995,1.25,-0.09,0
4,1995,-0.85,-0.09,0
4,1995,-0.85,-0.09,0
4,1995,-0.85,-0.09,0
4,1995,-0.85,-0.09,0
4,1995,-0.85,-0.09,0
4,1995,-0.85,-0.09,0
4,1995,-0.85,-0.09,0
4,1995,-0.85,-0.09,0
4,1995,-0.85,-0.09,0
4,1995,-0.85,-0.09,0
4,1995,-0.85,-0.09,0
4,1995,-0.85,-0.09,0
4,1995,-0.85,-0.09,0
4,1995,-0.85,-0.09,0
4,1995,-0.85,-0.09,0
4,1995,-0.85,-0.09,0
4,1995,-0.85,-0.09,0
4,1995,-0.85,-0.09,0
4,1995,-0.85,-0.09,0
4,1995,-0.85,-0.09,0
4,1995,-0.85,-0.09,0
4,1995,-0.85,-0.09,0
4,1995,-0.85,-0.09,0
4,1995,-0.85,-0.09,0
4,1995,-0.85,-0.09,0
4,1995,-0.85,-0.09,0
4,1995,-0.85,-0.09,0
4,1995,-0.85,-0.09,0
4,1995,-0.85,-0.09,0
4,1995,-0.85,-0.09,0
5,1995,-1.49,-0.09,0
5,1995,-1.49,-0.09,0
5,1995,-1.49,-0.09,0
5,1995,-1.49,-0.09,0
5,1995,-1.49,-0.09,0
5,1995,-1.49,-0.09,0
5,1995,-1.49,-0.09,0
5,1995,-1.49,-0.09,0
5,1995,-1.49,-0.09,0
5,1995,-1.49,-0.09,0
5,1995,-1.49,-0.09,0
5,1995,-1.49,-0.09,0
5,1995,-1.49,-0.09,0
5,1995,-1.49,-0.09,0
5,1995,-1.49,-0.09,0
5,1995,-1.49,-0.09,0
5,1995,-1.49,-0.09,0
5,1995,-1.49,-0.09,0
5,1995,-1.49,-0.09,0
5,1995,-1.49,-0.09,0
5,1995,-1.49,-0.09,0
5,1995,-1.49,-0.09,0
5,1995,-1.49,-0.09,0
5,1995,-1.49,-0.09,0
5,1995,-1.49,-0.09,0
5,1995,-1.49,-0.09,0
5,1995,-1.49,-0.09,0
5,1995,-1.49,-0.09,0
5,1995,-1.49,-0.09,0
5,1995,-1.49,-0.09,0
5,1995,-1.49,-0.09,0
6,1995,0.13,-0.08,0
6,1995,0.13,-0.08,0
6,1995,0.13,-0.08,0
6,1995,0.13,-0.08,0
6,1995,0.13,-0.08,0
6,1995,0.13,-0.08,0
6,1995,0.13,-0.08,0
6,1995,0.13,-0.08,0
6,1995,0.13,-0.08,0
6,1995,0.13,-0.08,0
6,1995,0.13,-0.08,0
6,1995,0.13,-0.08,0
6,1995,0.13,-0.08,0
6,1995,0.13,-0.08,0
6,1995,0.13,-0.08,0
6,1995,0.13,-0.08,0
6,1995,0.13,-0.08,0
6,1995,0.13,-0.08,0
6,1995,0.13,-0.08,0
6,1995,0.13,-0.08,0
6,1995,0.13,-0.08,0
6,1995,0.13,-0.08,0
6,1995,0.13,-0.08,0
6,1995,0.13,-0.08,0
6,1995,0.13,-0.08,0
6,1995,0.13,-0.08,0
6,1995,0.13,-0.08,0
6,1995,0.13,-0.08,0
6,1995,0.13,-0.08,0
6,1995,0.13,-0.08,0
7,1995,-0.22,-0.08,0
7,1995,-0.22,-0.08,0
7,1995,-0.22,-0.08,0
7,1995,-0.22,-0.08,0
7,1995,-0.22,-0.08,0
7,1995,-0.22,-0.08,0
7,1995,-0.22,-0.08,0
7,1995,-0.22,-0.08,0
7,1995,-0.22,-0.08,0
7,1995,-0.22,-0.08,0
7,1995,-0.22,-0.08,0
7,1995,-0.22,-0.08,0
7,1995,-0.22,-0.08,0
7,1995,-0.22,-0.08,0
7,1995,-0.22,-0.08,0
7,1995,-0.22,-0.08,0
7,1995,-0.22,-0.08,0
7,1995,-0.22,-0.08,0
7,1995,-0.22,-0.08,0
7,1995,-0.22,-0.08,0
7,1995,-0.22,-0.08,0
7,1995,-0.22,-0.08,0
7,1995,-0.22,-0.08,0
7,1995,-0.22,-0.08,0
7,1995,-0.22,-0.08,0
7,1995,-0.22,-0.08,0
7,1995,-0.22,-0.08,0
7,1995,-0.22,-0.08,0
7,1995,-0.22,-0.08,0
7,1995,-0.22,-0.08,0
8,1995,0.69,-0.08,0
8,1995,0.69,-0.08,0
8,1995,0.69,-0.08,0
8,1995,0.69,-0.08,0
8,1995,0.69,-0.08,0
8,1995,0.69,-0.08,0
8,1995,0.69,-0.08,0
8,1995,0.69,-0.08,0
8,1995,0.69,-0.08,0
8,1995,0.69,-0.08,0
8,1995,0.69,-0.08,0
8,1995,0.69,-0.08,0
8,1995,0.69,-0.08,0
8,1995,0.69,-0.08,0
8,1995,0.69,-0.08,0
8,1995,0.69,-0.08,0
8,1995,0.69,-0.08,0
8,1995,0.69,-0.08,0
8,1995,0.69,-0.08,0
8,1995,0.69,-0.08,0
8,1995,0.69,-0.08,0
8,1995,0.69,-0.08,0
8,1995,0.69,-0.08,0
8,1995,0.69,-0.08,0
8,1995,0.69,-0.08,0
8,1995,0.69,-0.08,0
8,1995,0.69,-0.08,0
8,1995,0.69,-0.08,0
8,1995,0.69,-0.08,0
8,1995,0.69,-0.08,0
9,1995,0.31,-0.08,0
9,1995,0.31,-0.08,0
9,1995,0.31,-0.08,0
9,1995,0.31,-0.08,0
9,1995,0.31,-0.08,0
9,1995,0.31,-0.08,0
9,1995,0.31,-0.08,0
9,1995,0.31,-0.08,0
9,1995,0.31,-0.08,0
9,1995,0.31,-0.08,0
9,1995,0.31,-0.08,0
9,1995,0.31,-0.08,0
9,1995,0.31,-0.08,0
9,1995,0.31,-0.08,0
9,1995,0.31,-0.08,0
9,1995,0.31,-0.08,0
9,1995,0.31,-0.08,0
9,1995,0.31,-0.08,0
9,1995,0.31,-0.08,0
9,1995,0.31,-0.08,0
9,1995,0.31,-0.08,0
9,1995,0.31,-0.08,0
9,1995,0.31,-0.08,0
9,1995,0.31,-0.08,0
9,1995,0.31,-0.08,0
9,1995,0.31,-0.08,0
9,1995,0.31,-0.08,0
9,1995,0.31,-0.08,0
9,1995,0.31,-0.08,0
9,1995,0.31,-0.08,0
10,1995,0.19,-0.08,0
10,1995,0.19,-0.08,0
10,1995,0.19,-0.08,0
10,1995,0.19,-0.08,0
10,1995,0.19,-0.08,0
10,1995,0.19,-0.08,0
10,1995,0.19,-0.08,0
10,1995,0.19,-0.08,0
10,1995,0.19,-0.08,0
10,1995,0.19,-0.08,0
10,1995,0.19,-0.08,0
10,1995,0.19,-0.08,0
10,1995,0.19,-0.08,0
10,1995,0.19,-0.08,0
10,1995,0.19,-0.08,0
10,1995,0.19,-0.08,0
10,1995,0.19,-0.08,0
10,1995,0.19,-0.08,0
10,1995,0.19,-0.08,0
10,1995,0.19,-0.08,0
10,1995,0.19,-0.08,0
10,1995,0.19,-0.08,0
10,1995,0.19,-0.08,0
10,1995,0.19,-0.08,0
10,1995,0.19,-0.08,0
10,1995,0.19,-0.08,0
10,1995,0.19,-0.08,0
10,1995,0.19,-0.08,0
10,1995,0.19,-0.08,0
10,1995,0.19,-0.08,0
10,1995,0.19,-0.08,0
11,1995,-1.38,-0.08,0
11,1995,-1.38,-0.08,0
11,1995,-1.38,-0.08,0
11,1995,-1.38,-0.08,0
11,1995,-1.38,-0.08,0
11,1995,-1.38,-0.08,0
11,1995,-1.38,-0.08,0
11,1995,-1.38,-0.08,0
11,1995,-1.38,-0.08,0
11,1995,-1.38,-0.08,0
11,1995,-1.38,-0.08,0
11,1995,-1.38,-0.08,0
11,1995,-1.38,-0.08,0
11,1995,-1.38,-0.08,0
11,1995,-1.38,-0.08,0
11,1995,-1.38,-0.08,0
11,1995,-1.38,-0.08,0
11,1995,-1.38,-0.08,0
11,1995,-1.38,-0.08,0
11,1995,-1.38,-0.08,0
11,1995,-1.38,-0.08,0
11,1995,-1.38,-0.08,0
11,1995,-1.38,-0.08,0
11,1995,-1.38,-0.08,0
11,1995,-1.38,-0.08,0
11,1995,-1.38,-0.08,0
11,1995,-1.38,-0.08,0
11,1995,-1.38,-0.08,0
11,1995,-1.38,-0.08,0
11,1995,-1.38,-0.08,0
12,1995,-1.67,-0.08,0
12,1995,-1.67,-0.08,0
12,1995,-1.67,-0.08,0
12,1995,-1.67,-0.08,0
12,1995,-1.67,-0.08,0
12,1995,-1.67,-0.08,0
12,1995,-1.67,-0.08,0
12,1995,-1.67,-0.08,0
12,1995,-1.67,-0.08,0
12,1995,-1.67,-0.08,0
12,1995,-1.67,-0.08,0
12,1995,-1.67,-0.08,0
12,1995,-1.67,-0.08,0
12,1995,-1.67,-0.08,0
12,1995,-1.67,-0.08,0
12,1995,-1.67,-0.08,0
12,1995,-1.67,-0.08,0
12,1995,-1.67,-0.08,0
12,1995,-1.67,-0.08,0
12,1995,-1.67,-0.08,0
12,1995,-1.67,-0.08,0
12,1995,-1.67,-0.08,0
12,1995,-1.67,-0.08,0
12,1995,-1.67,-0.08,0
12,1995,-1.67,-0.08,0
12,1995,-1.67,-0.08,0
12,1995,-1.67,-0.08,0
12,1995,-1.67,-0.08,0
12,1995,-1.67,-0.08,0
12,1995,-1.67,-0.08,0
12,1995,-1.67,-0.08,0
1,1996,-0.12,-0.08,0
1,1996,-0.12,-0.08,0
1,1996,-0.12,-0.08,0
1,1996,-0.12,-0.08,0
1,1996,-0.12,-0.08,0
1,1996,-0.12,-0.08,0
1,1996,-0.12,-0.08,0
1,1996,-0.12,-0.08,0
1,1996,-0.12,-0.08,0
1,1996,-0.12,-0.08,0
1,1996,-0.12,-0.08,0
1,1996,-0.12,-0.08,0
1,1996,-0.12,-0.08,0
1,1996,-0.12,-0.08,0
1,1996,-0.12,-0.08,0
1,1996,-0.12,-0.08,0
1,1996,-0.12,-0.08,0
1,1996,-0.12,-0.08,0
1,1996,-0.12,-0.08,0
1,1996,-0.12,-0.08,0
1,1996,-0.12,-0.08,0
1,1996,-0.12,-0.08,0
1,1996,-0.12,-0.08,0
1,1996,-0.12,-0.08,0
1,1996,-0.12,-0.08,0
1,1996,-0.12,-0.08,0
1,1996,-0.12,-0.08,0
1,1996,-0.12,-0.08,0
1,1996,-0.12,-0.08,0
1,1996,-0.12,-0.08,0
1,1996,-0.12,-0.08,0
2,1996,-0.07,-0.08,0
2,1996,-0.07,-0.08,0
2,1996,-0.07,-0.08,0
2,1996,-0.07,-0.08,0
2,1996,-0.07,-0.08,0
2,1996,-0.07,-0.08,0
2,1996,-0.07,-0.08,0
2,1996,-0.07,-0.08,0
2,1996,-0.07,-0.08,0
2,1996,-0.07,-0.08,0
2,1996,-0.07,-0.08,0
2,1996,-0.07,-0.08,0
2,1996,-0.07,-0.08,0
2,1996,-0.07,-0.08,0
2,1996,-0.07,-0.08,0
2,1996,-0.07,-0.08,0
2,1996,-0.07,-0.08,0
2,1996,-0.07,-0.08,0
2,1996,-0.07,-0.08,0
2,1996,-0.07,-0.08,0
2,1996,-0.07,-0.08,0
2,1996,-0.07,-0.08,0
2,1996,-0.07,-0.08,0
2,1996,-0.07,-0.08,0
2,1996,-0.07,-0.08,0
2,1996,-0.07,-0.08,0
2,1996,-0.07,-0.08,0
2,1996,-0.07,-0.08,0
2,1996,-0.07,-0.08,0
3,1996,-0.24,-0.08,0
3,1996,-0.24,-0.08,0
3,1996,-0.24,-0.08,0
3,1996,-0.24,-0.08,0
3,1996,-0.24,-0.08,0
3,1996,-0.24,-0.08,0
3,1996,-0.24,-0.08,0
3,1996,-0.24,-0.08,0
3,1996,-0.24,-0.08,0
3,1996,-0.24,-0.08,0
3,1996,-0.24,-0.08,0
3,1996,-0.24,-0.08,0
3,1996,-0.24,-0.08,0
3,1996,-0.24,-0.08,0
3,1996,-0.24,-0.08,0
3,1996,-0.24,-0.08,0
3,1996,-0.24,-0.08,0
3,1996,-0.24,-0.08,0
3,1996,-0.24,-0.08,0
3,1996,-0.24,-0.08,0
3,1996,-0.24,-0.08,0
3,1996,-0.24,-0.08,0
3,1996,-0.24,-0.08,0
3,1996,-0.24,-0.08,0
3,1996,-0.24,-0.08,0
3,1996,-0.24,-0.08,0
3,1996,-0.24,-0.08,0
3,1996,-0.24,-0.08,0
3,1996,-0.24,-0.08,0
3,1996,-0.24,-0.08,0
3,1996,-0.24,-0.08,0
4,1996,-0.17,-0.08,0
4,1996,-0.17,-0.08,0
4,1996,-0.17,-0.08,0
4,1996,-0.17,-0.08,0
4,1996,-0.17,-0.08,0
4,1996,-0.17,-0.08,0
4,1996,-0.17,-0.08,0
4,1996,-0.17,-0.08,0
4,1996,-0.17,-0.08,0
4,1996,-0.17,-0.08,0
4,1996,-0.17,-0.08,0
4,1996,-0.17,-0.08,0
4,1996,-0.17,-0.08,0
4,1996,-0.17,-0.08,0
4,1996,-0.17,-0.08,0
4,1996,-0.17,-0.08,0
4,1996,-0.17,-0.08,0
4,1996,-0.17,-0.08,0
4,1996,-0.17,-0.08,0
4,1996,-0.17,-0.08,0
4,1996,-0.17,-0.08,0
4,1996,-0.17,-0.08,0
4,1996,-0.17,-0.08,0
4,1996,-0.17,-0.08,0
4,1996,-0.17,-0.08,0
4,1996,-0.17,-0.08,0
4,1996,-0.17,-0.08,0
4,1996,-0.17,-0.08,0
4,1996,-0.17,-0.08,0
4,1996,-0.17,-0.08,0
5,1996,-1.06,-0.07,0
5,1996,-1.06,-0.07,0
5,1996,-1.06,-0.07,0
5,1996,-1.06,-0.07,0
5,1996,-1.06,-0.07,0
5,1996,-1.06,-0.07,0
5,1996,-1.06,-0.07,0
5,1996,-1.06,-0.07,0
5,1996,-1.06,-0.07,0
5,1996,-1.06,-0.07,0
5,1996,-1.06,-0.07,0
5,1996,-1.06,-0.07,0
5,1996,-1.06,-0.07,0
5,1996,-1.06,-0.07,0
5,1996,-1.06,-0.07,0
5,1996,-1.06,-0.07,0
5,1996,-1.06,-0.07,0
5,1996,-1.06,-0.07,0
5,1996,-1.06,-0.07,0
5,1996,-1.06,-0.07,0
5,1996,-1.06,-0.07,0
5,1996,-1.06,-0.07,0
5,1996,-1.06,-0.07,0
5,1996,-1.06,-0.07,0
5,1996,-1.06,-0.07,0
5,1996,-1.06,-0.07,0
5,1996,-1.06,-0.07,0
5,1996,-1.06,-0.07,0
6,1996,0.56,-0.07,0
6,1996,0.56,-0.07,0
6,1996,0.56,-0.07,0
6,1996,0.56,-0.07,0
6,1996,0.56,-0.07,0
6,1996,0.56,-0.07,0
6,1996,0.56,-0.07,0
6,1996,0.56,-0.07,0
6,1996,0.56,-0.07,0
6,1996,0.56,-0.07,0
6,1996,0.56,-0.07,0
6,1996,0.56,-0.07,0
6,1996,0.56,-0.07,0
6,1996,0.56,-0.07,0
6,1996,0.56,-0.07,0
6,1996,0.56,-0.07,0
6,1996,0.56,-0.07,0
6,1996,0.56,-0.07,0
6,1996,0.56,-0.07,0
6,1996,0.56,-0.07,0
6,1996,0.56,-0.07,0
6,1996,0.56,-0.07,0
6,1996,0.56,-0.07,0
6,1996,0.56,-0.07,0
6,1996,0.56,-0.07,0
6,1996,0.56,-0.07,0
6,1996,0.56,-0.07,0
6,1996,0.56,-0.07,0
7,1996,0.67,-0.07,0
7,1996,0.67,-0.07,0
7,1996,0.67,-0.07,0
7,1996,0.67,-0.07,0
7,1996,0.67,-0.07,0
7,1996,0.67,-0.07,0
7,1996,0.67,-0.07,0
7,1996,0.67,-0.07,0
7,1996,0.67,-0.07,0
7,1996,0.67,-0.07,0
7,1996,0.67,-0.07,0
7,1996,0.67,-0.07,0
7,1996,0.67,-0.07,0
7,1996,0.67,-0.07,0
7,1996,0.67,-0.07,0
7,1996,0.67,-0.07,0
7,1996,0.67,-0.07,0
7,1996,0.67,-0.07,0
7,1996,0.67,-0.07,0
7,1996,0.67,-0.07,0
7,1996,0.67,-0.07,0
7,1996,0.67,-0.07,0
7,1996,0.67,-0.07,0
7,1996,0.67,-0.07,0
7,1996,0.67,-0.07,0
7,1996,0.67,-0.07,0
7,1996,0.67,-0.07,0
7,1996,0.67,-0.07,0
7,1996,0.67,-0.07,0
7,1996,0.67,-0.07,0
8,1996,1.02,-0.06,0
8,1996,1.02,-0.06,0
8,1996,1.02,-0.06,0
8,1996,1.02,-0.06,0
8,1996,1.02,-0.06,0
8,1996,1.02,-0.06,0
8,1996,1.02,-0.06,0
8,1996,1.02,-0.06,0
8,1996,1.02,-0.06,0
8,1996,1.02,-0.06,0
8,1996,1.02,-0.06,0
8,1996,1.02,-0.06,0
8,1996,1.02,-0.06,0
8,1996,1.02,-0.06,0
8,1996,1.02,-0.06,0
8,1996,1.02,-0.06,0
8,1996,1.02,-0.06,0
8,1996,1.02,-0.06,0
8,1996,1.02,-0.06,0
8,1996,1.02,-0.06,0
8,1996,1.02,-0.06,0
8,1996,1.02,-0.06,0
8,1996,1.02,-0.06,0
8,1996,1.02,-0.06,0
8,1996,1.02,-0.06,0
8,1996,1.02,-0.06,0
8,1996,1.02,-0.06,0
8,1996,1.02,-0.06,0
8,1996,1.02,-0.06,0
8,1996,1.02,-0.06,0
9,1996,-0.86,-0.06,0
9,1996,-0.86,-0.06,0
9,1996,-0.86,-0.06,0
9,1996,-0.86,-0.06,0
9,1996,-0.86,-0.06,0
9,1996,-0.86,-0.06,0
9,1996,-0.86,-0.06,0
9,1996,-0.86,-0.06,0
9,1996,-0.86,-0.06,0
9,1996,-0.86,-0.06,0
9,1996,-0.86,-0.06,0
9,1996,-0.86,-0.06,0
9,1996,-0.86,-0.06,0
9,1996,-0.86,-0.06,0
9,1996,-0.86,-0.06,0
9,1996,-0.86,-0.06,0
9,1996,-0.86,-0.06,0
9,1996,-0.86,-0.06,0
9,1996,-0.86,-0.06,0
9,1996,-0.86,-0.06,0
9,1996,-0.86,-0.06,0
9,1996,-0.86,-0.06,0
9,1996,-0.86,-0.06,0
9,1996,-0.86,-0.06,0
9,1996,-0.86,-0.06,0
9,1996,-0.86,-0.06,0
9,1996,-0.86,-0.06,0
9,1996,-0.86,-0.06,0
9,1996,-0.86,-0.06,0
9,1996,-0.86,-0.06,0
10,1996,-0.33,-0.06,0
10,1996,-0.33,-0.06,0
10,1996,-0.33,-0.06,0
10,1996,-0.33,-0.06,0
10,1996,-0.33,-0.06,0
10,1996,-0.33,-0.06,0
10,1996,-0.33,-0.06,0
10,1996,-0.33,-0.06,0
10,1996,-0.33,-0.06,0
10,1996,-0.33,-0.06,0
10,1996,-0.33,-0.06,0
10,1996,-0.33,-0.06,0
10,1996,-0.33,-0.06,0
10,1996,-0.33,-0.06,0
10,1996,-0.33,-0.06,0
10,1996,-0.33,-0.06,0
10,1996,-0.33,-0.06,0
10,1996,-0.33,-0.06,0
10,1996,-0.33,-0.06,0
10,1996,-0.33,-0.06,0
10,1996,-0.33,-0.06,0
10,1996,-0.33,-0.06,0
10,1996,-0.33,-0.06,0
10,1996,-0.33,-0.06,0
10,1996,-0.33,-0.06,0
10,1996,-0.33,-0.06,0
10,1996,-0.33,-0.06,0
10,1996,-0.33,-0.06,0
10,1996,-0.33,-0.06,0
10,1996,-0.33,-0.06,0
10,1996,-0.33,-0.06,0
11,1996,-0.56,-0.05,0
11,1996,-0.56,-0.05,0
11,1996,-0.56,-0.05,0
11,1996,-0.56,-0.05,0
11,1996,-0.56,-0.05,0
11,1996,-0.56,-0.05,0
11,1996,-0.56,-0.05,0
11,1996,-0.56,-0.05,0
11,1996,-0.56,-0.05,0
11,1996,-0.56,-0.05,0
11,1996,-0.56,-0.05,0
11,1996,-0.56,-0.05,0
11,1996,-0.56,-0.05,0
11,1996,-0.56,-0.05,0
11,1996,-0.56,-0.05,0
11,1996,-0.56,-0.05,0
11,1996,-0.56,-0.05,0
11,1996,-0.56,-0.05,0
11,1996,-0.56,-0.05,0
11,1996,-0.56,-0.05,0
11,1996,-0.56,-0.05,0
11,1996,-0.56,-0.05,0
11,1996,-0.56,-0.05,0
11,1996,-0.56,-0.05,0
11,1996,-0.56,-0.05,0
11,1996,-0.56,-0.05,0
11,1996,-0.56,-0.05,0
11,1996,-0.56,-0.05,0
11,1996,-0.56,-0.05,0
11,1996,-0.56,-0.05,0
12,1996,-1.41,-0.05,0
12,1996,-1.41,-0.05,0
12,1996,-1.41,-0.05,0
12,1996,-1.41,-0.05,0
12,1996,-1.41,-0.05,0
12,1996,-1.41,-0.05,0
12,1996,-1.41,-0.05,0
12,1996,-1.41,-0.05,0
12,1996,-1.41,-0.05,0
12,1996,-1.41,-0.05,0
12,1996,-1.41,-0.05,0
12,1996,-1.41,-0.05,0
12,1996,-1.41,-0.05,0
12,1996,-1.41,-0.05,0
12,1996,-1.41,-0.05,0
12,1996,-1.41,-0.05,0
12,1996,-1.41,-0.05,0
12,1996,-1.41,-0.05,0
12,1996,-1.41,-0.05,0
12,1996,-1.41,-0.05,0
12,1996,-1.41,-0.05,0
12,1996,-1.41,-0.05,0
12,1996,-1.41,-0.05,0
12,1996,-1.41,-0.05,0
12,1996,-1.41,-0.05,0
12,1996,-1.41,-0.05,0
12,1996,-1.41,-0.05,0
12,1996,-1.41,-0.05,0
12,1996,-1.41,-0.05,0
12,1996,-1.41,-0.05,0
12,1996,-1.41,-0.05,0
1,1997,-0.49,-0.05,0
1,1997,-0.49,-0.05,0
1,1997,-0.49,-0.05,0
1,1997,-0.49,-0.05,0
1,1997,-0.49,-0.05,0
1,1997,-0.49,-0.05,0
1,1997,-0.49,-0.05,0
1,1997,-0.49,-0.05,0
1,1997,-0.49,-0.05,0
1,1997,-0.49,-0.05,0
1,1997,-0.49,-0.05,0
1,1997,-0.49,-0.05,0
1,1997,-0.49,-0.05,0
1,1997,-0.49,-0.05,0
1,1997,-0.49,-0.05,0
1,1997,-0.49,-0.05,0
1,1997,-0.49,-0.05,0
1,1997,-0.49,-0.05,0
1,1997,-0.49,-0.05,0
1,1997,-0.49,-0.05,0
1,1997,-0.49,-0.05,0
1,1997,-0.49,-0.05,0
1,1997,-0.49,-0.05,0
1,1997,-0.49,-0.05,0
1,1997,-0.49,-0.05,0
1,1997,-0.49,-0.05,0
1,1997,-0.49,-0.05,0
1,1997,-0.49,-0.05,0
1,1997,-0.49,-0.05,0
1,1997,-0.49,-0.05,0
1,1997,-0.49,-0.05,0
2,1997,1.7,-0.04,0
2,1997,1.7,-0.04,0
2,1997,1.7,-0.04,0
2,1997,1.7,-0.04,0
2,1997,1.7,-0.04,0
2,1997,1.7,-0.04,0
2,1997,1.7,-0.04,0
2,1997,1.7,-0.04,0
2,1997,1.7,-0.04,0
2,1997,1.7,-0.04,0
2,1997,1.7,-0.04,0
2,1997,1.7,-0.04,0
2,1997,1.7,-0.04,0
2,1997,1.7,-0.04,0
2,1997,1.7,-0.04,0
2,1997,1.7,-0.04,0
2,1997,1.7,-0.04,0
2,1997,1.7,-0.04,0
2,1997,1.7,-0.04,0
2,1997,1.7,-0.04,0
2,1997,1.7,-0.04,0
2,1997,1.7,-0.04,0
2,1997,1.7,-0.04,0
2,1997,1.7,-0.04,0
2,1997,1.7,-0.04,0
2,1997,1.7,-0.04,0
2,1997,1.7,-0.04,0
2,1997,1.7,-0.04,0
3,1997,1.46,-0.04,0
3,1997,1.46,-0.04,0
3,1997,1.46,-0.04,0
3,1997,1.46,-0.04,0
3,1997,1.46,-0.04,0
3,1997,1.46,-0.04,0
3,1997,1.46,-0.04,0
3,1997,1.46,-0.04,0
3,1997,1.46,-0.04,0
3,1997,1.46,-0.04,0
3,1997,1.46,-0.04,0
3,1997,1.46,-0.04,0
3,1997,1.46,-0.04,0
3,1997,1.46,-0.04,0
3,1997,1.46,-0.04,0
3,1997,1.46,-0.04,0
3,1997,1.46,-0.04,0
3,1997,1.46,-0.04,0
3,1997,1.46,-0.04,0
3,1997,1.46,-0.04,0
3,1997,1.46,-0.04,0
3,1997,1.46,-0.04,0
3,1997,1.46,-0.04,0
3,1997,1.46,-0.04,0
3,1997,1.46,-0.04,0
3,1997,1.46,-0.04,0
3,1997,1.46,-0.04,0
3,1997,1.46,-0.04,0
3,1997,1.46,-0.04,0
3,1997,1.46,-0.04,0
4,1997,-1.02,-0.04,0
4,1997,-1.02,-0.04,0
4,1997,-1.02,-0.04,0
4,1997,-1.02,-0.04,0
4,1997,-1.02,-0.04,0
4,1997,-1.02,-0.04,0
4,1997,-1.02,-0.04,0
4,1997,-1.02,-0.04,0
4,1997,-1.02,-0.04,0
4,1997,-1.02,-0.04,0
4,1997,-1.02,-0.04,0
4,1997,-1.02,-0.04,0
4,1997,-1.02,-0.04,0
4,1997,-1.02,-0.04,0
4,1997,-1.02,-0.04,0
4,1997,-1.02,-0.04,0
4,1997,-1.02,-0.04,0
4,1997,-1.02,-0.04,0
4,1997,-1.02,-0.04,0
4,1997,-1.02,-0.04,0
4,1997,-1.02,-0.04,0
4,1997,-1.02,-0.04,0
4,1997,-1.02,-0.04,0
4,1997,-1.02,-0.04,0
4,1997,-1.02,-0.04,0
4,1997,-1.02,-0.04,0
4,1997,-1.02,-0.04,0
4,1997,-1.02,-0.04,0
4,1997,-1.02,-0.04,0
4,1997,-1.02,-0.04,0
5,1997,-0.28,-0.04,0
5,1997,-0.28,-0.04,0
5,1997,-0.28,-0.04,0
5,1997,-0.28,-0.04,0
5,1997,-0.28,-0.04,0
5,1997,-0.28,-0.04,0
5,1997,-0.28,-0.04,0
5,1997,-0.28,-0.04,0
5,1997,-0.28,-0.04,0
5,1997,-0.28,-0.04,0
5,1997,-0.28,-0.04,0
5,1997,-0.28,-0.04,0
5,1997,-0.28,-0.04,0
5,1997,-0.28,-0.04,0
5,1997,-0.28,-0.04,0
5,1997,-0.28,-0.04,0
5,1997,-0.28,-0.04,0
5,1997,-0.28,-0.04,0
5,1997,-0.28,-0.04,0
5,1997,-0.28,-0.04,0
5,1997,-0.28,-0.04,0
5,1997,-0.28,-0.04,0
5,1997,-0.28,-0.04,0
5,1997,-0.28,-0.04,0
5,1997,-0.28,-0.04,0
5,1997,-0.28,-0.04,0
5,1997,-0.28,-0.04,0
5,1997,-0.28,-0.04,0
5,1997,-0.28,-0.04,0
5,1997,-0.28,-0.04,0
6,1997,-1.47,-0.04,0
6,1997,-1.47,-0.04,0
6,1997,-1.47,-0.04,0
6,1997,-1.47,-0.04,0
6,1997,-1.47,-0.04,0
6,1997,-1.47,-0.04,0
6,1997,-1.47,-0.04,0
6,1997,-1.47,-0.04,0
6,1997,-1.47,-0.04,0
6,1997,-1.47,-0.04,0
6,1997,-1.47,-0.04,0
6,1997,-1.47,-0.04,0
6,1997,-1.47,-0.04,0
6,1997,-1.47,-0.04,0
6,1997,-1.47,-0.04,0
6,1997,-1.47,-0.04,0
6,1997,-1.47,-0.04,0
6,1997,-1.47,-0.04,0
6,1997,-1.47,-0.04,0
6,1997,-1.47,-0.04,0
6,1997,-1.47,-0.04,0
6,1997,-1.47,-0.04,0
6,1997,-1.47,-0.04,0
6,1997,-1.47,-0.04,0
6,1997,-1.47,-0.04,0
6,1997,-1.47,-0.04,0
6,1997,-1.47,-0.04,0
7,1997,0.34,-0.04,0
7,1997,0.34,-0.04,0
7,1997,0.34,-0.04,0
7,1997,0.34,-0.04,0
7,1997,0.34,-0.04,0
7,1997,0.34,-0.04,0
7,1997,0.34,-0.04,0
7,1997,0.34,-0.04,0
7,1997,0.34,-0.04,0
7,1997,0.34,-0.04,0
7,1997,0.34,-0.04,0
7,1997,0.34,-0.04,0
7,1997,0.34,-0.04,0
7,1997,0.34,-0.04,0
7,1997,0.34,-0.04,0
7,1997,0.34,-0.04,0
7,1997,0.34,-0.04,0
7,1997,0.34,-0.04,0
7,1997,0.34,-0.04,0
7,1997,0.34,-0.04,0
7,1997,0.34,-0.04,0
7,1997,0.34,-0.04,0
7,1997,0.34,-0.04,0
7,1997,0.34,-0.04,0
7,1997,0.34,-0.04,0
7,1997,0.34,-0.04,0
7,1997,0.34,-0.04,0
7,1997,0.34,-0.04,0
7,1997,0.34,-0.04,0
7,1997,0.34,-0.04,0
7,1997,0.34,-0.04,0
8,1997,0.83,-0.04,0
8,1997,0.83,-0.04,0
8,1997,0.83,-0.04,0
8,1997,0.83,-0.04,0
8,1997,0.83,-0.04,0
8,1997,0.83,-0.04,0
8,1997,0.83,-0.04,0
8,1997,0.83,-0.04,0
8,1997,0.83,-0.04,0
8,1997,0.83,-0.04,0
8,1997,0.83,-0.04,0
8,1997,0.83,-0.04,0
8,1997,0.83,-0.04,0
8,1997,0.83,-0.04,0
8,1997,0.83,-0.04,0
8,1997,0.83,-0.04,0
8,1997,0.83,-0.04,0
8,1997,0.83,-0.04,0
8,1997,0.83,-0.04,0
8,1997,0.83,-0.04,0
8,1997,0.83,-0.04,0
8,1997,0.83,-0.04,0
9,1997,0.61,-0.04,0
9,1997,0.61,-0.04,0
9,1997,0.61,-0.04,0
9,1997,0.61,-0.04,0
9,1997,0.61,-0.04,0
9,1997,0.61,-0.04,0
9,1997,0.61,-0.04,0
9,1997,0.61,-0.04,0
9,1997,0.61,-0.04,0
9,1997,0.61,-0.04,0
9,1997,0.61,-0.04,0
9,1997,0.61,-0.04,0
9,1997,0.61,-0.04,0
9,1997,0.61,-0.04,0
9,1997,0.61,-0.04,0
9,1997,0.61,-0.04,0
9,1997,0.61,-0.04,0
9,1997,0.61,-0.04,0
9,1997,0.61,-0.04,0
9,1997,0.61,-0.04,0
9,1997,0.61,-0.04,0
9,1997,0.61,-0.04,0
9,1997,0.61,-0.04,0
9,1997,0.61,-0.04,0
9,1997,0.61,-0.04,0
9,1997,0.61,-0.04,0
9,1997,0.61,-0.04,0
9,1997,0.61,-0.04,0
10,1997,-1.7,-0.04,0
10,1997,-1.7,-0.04,0
10,1997,-1.7,-0.04,0
10,1997,-1.7,-0.04,0
10,1997,-1.7,-0.04,0
10,1997,-1.7,-0.04,0
10,1997,-1.7,-0.04,0
10,1997,-1.7,-0.04,0
10,1997,-1.7,-0.04,0
10,1997,-1.7,-0.04,0
10,1997,-1.7,-0.04,0
10,1997,-1.7,-0.04,0
10,1997,-1.7,-0.04,0
10,1997,-1.7,-0.04,0
10,1997,-1.7,-0.04,0
10,1997,-1.7,-0.04,0
10,1997,-1.7,-0.04,0
10,1997,-1.7,-0.04,0
10,1997,-1.7,-0.04,0
10,1997,-1.7,-0.04,0
10,1997,-1.7,-0.04,0
10,1997,-1.7,-0.04,0
10,1997,-1.7,-0.04,0
10,1997,-1.7,-0.04,0
10,1997,-1.7,-0.04,0
10,1997,-1.7,-0.04,0
10,1997,-1.7,-0.04,0
10,1997,-1.7,-0.04,0
10,1997,-1.7,-0.04,0
10,1997,-1.7,-0.04,0
10,1997,-1.7,-0.04,0
11,1997,-0.9,-0.03,0
11,1997,-0.9,-0.03,0
11,1997,-0.9,-0.03,0
11,1997,-0.9,-0.03,0
11,1997,-0.9,-0.03,0
11,1997,-0.9,-0.03,0
11,1997,-0.9,-0.03,0
11,1997,-0.9,-0.03,0
11,1997,-0.9,-0.03,0
11,1997,-0.9,-0.03,0
11,1997,-0.9,-0.03,0
11,1997,-0.9,-0.03,0
11,1997,-0.9,-0.03,0
11,1997,-0.9,-0.03,0
11,1997,-0.9,-0.03,0
11,1997,-0.9,-0.03,0
11,1997,-0.9,-0.03,0
11,1997,-0.9,-0.03,0
11,1997,-0.9,-0.03,0
11,1997,-0.9,-0.03,0
11,1997,-0.9,-0.03,0
11,1997,-0.9,-0.03,0
11,1997,-0.9,-0.03,0
11,1997,-0.9,-0.03,0
11,1997,-0.9,-0.03,0
11,1997,-0.9,-0.03,0
11,1997,-0.9,-0.03,0
11,1997,-0.9,-0.03,0
12,1997,-0.96,-0.03,0
12,1997,-0.96,-0.03,0
12,1997,-0.96,-0.03,0
12,1997,-0.96,-0.03,0
12,1997,-0.96,-0.03,0
12,1997,-0.96,-0.03,0
12,1997,-0.96,-0.03,0
12,1997,-0.96,-0.03,0
12,1997,-0.96,-0.03,0
12,1997,-0.96,-0.03,0
12,1997,-0.96,-0.03,0
12,1997,-0.96,-0.03,0
12,1997,-0.96,-0.03,0
12,1997,-0.96,-0.03,0
12,1997,-0.96,-0.03,0
12,1997,-0.96,-0.03,0
12,1997,-0.96,-0.03,0
12,1997,-0.96,-0.03,0
12,1997,-0.96,-0.03,0
12,1997,-0.96,-0.03,0
12,1997,-0.96,-0.03,0
12,1997,-0.96,-0.03,0
12,1997,-0.96,-0.03,0
12,1997,-0.96,-0.03,0
12,1997,-0.96,-0.03,0
12,1997,-0.96,-0.03,0
12,1997,-0.96,-0.03,0
12,1997,-0.96,-0.03,0
12,1997,-0.96,-0.03,0
12,1997,-0.96,-0.03,0
12,1997,-0.96,-0.03,0
1,1998,0.39,-0.03,0
1,1998,0.39,-0.03,0
1,1998,0.39,-0.03,0
1,1998,0.39,-0.03,0
1,1998,0.39,-0.03,0
1,1998,0.39,-0.03,0
1,1998,0.39,-0.03,0
1,1998,0.39,-0.03,0
1,1998,0.39,-0.03,0
1,1998,0.39,-0.03,0
1,1998,0.39,-0.03,0
1,1998,0.39,-0.03,0
1,1998,0.39,-0.03,0
1,1998,0.39,-0.03,0
1,1998,0.39,-0.03,0
1,1998,0.39,-0.03,0
1,1998,0.39,-0.03,0
1,1998,0.39,-0.03,0
1,1998,0.39,-0.03,0
1,1998,0.39,-0.03,0
1,1998,0.39,-0.03,0
1,1998,0.39,-0.03,0
1,1998,0.39,-0.03,0
1,1998,0.39,-0.03,0
1,1998,0.39,-0.03,0
1,1998,0.39,-0.03,0
1,1998,0.39,-0.03,0
1,1998,0.39,-0.03,0
1,1998,0.39,-0.03,0
1,1998,0.39,-0.03,0
1,1998,0.39,-0.03,0
2,1998,-0.11,-0.03,0
2,1998,-0.11,-0.03,0
2,1998,-0.11,-0.03,0
2,1998,-0.11,-0.03,0
2,1998,-0.11,-0.03,0
2,1998,-0.11,-0.03,0
2,1998,-0.11,-0.03,0
2,1998,-0.11,-0.03,0
2,1998,-0.11,-0.03,0
2,1998,-0.11,-0.03,0
2,1998,-0.11,-0.03,0
2,1998,-0.11,-0.03,0
2,1998,-0.11,-0.03,0
2,1998,-0.11,-0.03,0
2,1998,-0.11,-0.03,0
2,1998,-0.11,-0.03,0
2,1998,-0.11,-0.03,0
2,1998,-0.11,-0.03,0
2,1998,-0.11,-0.03,0
2,1998,-0.11,-0.03,0
2,1998,-0.11,-0.03,0
2,1998,-0.11,-0.03,0
2,1998,-0.11,-0.03,0
2,1998,-0.11,-0.03,0
2,1998,-0.11,-0.03,0
2,1998,-0.11,-0.03,0
2,1998,-0.11,-0.03,0
2,1998,-0.11,-0.03,0
3,1998,0.87,-0.03,0
3,1998,0.87,-0.03,0
3,1998,0.87,-0.03,0
3,1998,0.87,-0.03,0
3,1998,0.87,-0.03,0
3,1998,0.87,-0.03,0
3,1998,0.87,-0.03,0
3,1998,0.87,-0.03,0
3,1998,0.87,-0.03,0
3,1998,0.87,-0.03,0
3,1998,0.87,-0.03,0
3,1998,0.87,-0.03,0
3,1998,0.87,-0.03,0
3,1998,0.87,-0.03,0
3,1998,0.87,-0.03,0
3,1998,0.87,-0.03,0
3,1998,0.87,-0.03,0
3,1998,0.87,-0.03,0
3,1998,0.87,-0.03,0
3,1998,0.87,-0.03,0
3,1998,0.87,-0.03,0
3,1998,0.87,-0.03,0
3,1998,0.87,-0.03,0
3,1998,0.87,-0.03,0
3,1998,0.87,-0.03,0
3,1998,0.87,-0.03,0
3,1998,0.87,-0.03,0
3,1998,0.87,-0.03,0
3,1998,0.87,-0.03,0
3,1998,0.87,-0.03,0
3,1998,0.87,-0.03,0
4,1998,-0.68,-0.03,0
4,1998,-0.68,-0.03,0
4,1998,-0.68,-0.03,0
4,1998,-0.68,-0.03,0
4,1998,-0.68,-0.03,0
4,1998,-0.68,-0.03,0
4,1998,-0.68,-0.03,0
4,1998,-0.68,-0.03,0
4,1998,-0.68,-0.03,0
4,1998,-0.68,-0.03,0
4,1998,-0.68,-0.03,0
4,1998,-0.68,-0.03,0
4,1998,-0.68,-0.03,0
4,1998,-0.68,-0.03,0
4,1998,-0.68,-0.03,0
4,1998,-0.68,-0.03,0
4,1998,-0.68,-0.03,0
4,1998,-0.68,-0.03,0
4,1998,-0.68,-0.03,0
4,1998,-0.68,-0.03,0
4,1998,-0.68,-0.03,0
4,1998,-0.68,-0.03,0
4,1998,-0.68,-0.03,0
4,1998,-0.68,-0.03,0
4,1998,-0.68,-0.03,0
4,1998,-0.68,-0.03,0
4,1998,-0.68,-0.03,0
4,1998,-0.68,-0.03,0
4,1998,-0.68,-0.03,0
4,1998,-0.68,-0.03,0
5,1998,-1.32,-0.03,0
5,1998,-1.32,-0.03,0
5,1998,-1.32,-0.03,0
5,1998,-1.32,-0.03,0
5,1998,-1.32,-0.03,0
5,1998,-1.32,-0.03,0
5,1998,-1.32,-0.03,0
5,1998,-1.32,-0.03,0
5,1998,-1.32,-0.03,0
5,1998,-1.32,-0.03,0
5,1998,-1.32,-0.03,0
5,1998,-1.32,-0.03,0
5,1998,-1.32,-0.03,0
5,1998,-1.32,-0.03,0
5,1998,-1.32,-0.03,0
5,1998,-1.32,-0.03,0
5,1998,-1.32,-0.03,0
5,1998,-1.32,-0.03,0
5,1998,-1.32,-0.03,0
5,1998,-1.32,-0.03,0
5,1998,-1.32,-0.03,0
5,1998,-1.32,-0.03,0
5,1998,-1.32,-0.03,0
5,1998,-1.32,-0.03,0
5,1998,-1.32,-0.03,0
5,1998,-1.32,-0.03,0
5,1998,-1.32,-0.03,0
5,1998,-1.32,-0.03,0
5,1998,-1.32,-0.03,0
6,1998,-2.72,-0.02,0
6,1998,-2.72,-0.02,0
6,1998,-2.72,-0.02,0
6,1998,-2.72,-0.02,0
6,1998,-2.72,-0.02,0
6,1998,-2.72,-0.02,0
6,1998,-2.72,-0.02,0
6,1998,-2.72,-0.02,0
6,1998,-2.72,-0.02,0
6,1998,-2.72,-0.02,0
6,1998,-2.72,-0.02,0
6,1998,-2.72,-0.02,0
6,1998,-2.72,-0.02,0
6,1998,-2.72,-0.02,0
6,1998,-2.72,-0.02,0
6,1998,-2.72,-0.02,0
6,1998,-2.72,-0.02,0
6,1998,-2.72,-0.02,0
6,1998,-2.72,-0.02,0
6,1998,-2.72,-0.02,0
6,1998,-2.72,-0.02,0
6,1998,-2.72,-0.02,0
6,1998,-2.72,-0.02,0
6,1998,-2.72,-0.02,0
6,1998,-2.72,-0.02,0
6,1998,-2.72,-0.02,0
6,1998,-2.72,-0.02,0
6,1998,-2.72,-0.02,0
7,1998,-0.48,-0.02,0
7,1998,-0.48,-0.02,0
7,1998,-0.48,-0.02,0
7,1998,-0.48,-0.02,0
7,1998,-0.48,-0.02,0
7,1998,-0.48,-0.02,0
7,1998,-0.48,-0.02,0
7,1998,-0.48,-0.02,0
7,1998,-0.48,-0.02,0
7,1998,-0.48,-0.02,0
7,1998,-0.48,-0.02,0
7,1998,-0.48,-0.02,0
7,1998,-0.48,-0.02,0
7,1998,-0.48,-0.02,0
7,1998,-0.48,-0.02,0
7,1998,-0.48,-0.02,0
7,1998,-0.48,-0.02,0
7,1998,-0.48,-0.02,0
7,1998,-0.48,-0.02,0
7,1998,-0.48,-0.02,0
7,1998,-0.48,-0.02,0
7,1998,-0.48,-0.02,0
7,1998,-0.48,-0.02,0
7,1998,-0.48,-0.02,0
7,1998,-0.48,-0.02,0
7,1998,-0.48,-0.02,0
7,1998,-0.48,-0.02,0
7,1998,-0.48,-0.02,0
7,1998,-0.48,-0.02,0
7,1998,-0.48,-0.02,0
7,1998,-0.48,-0.02,0
8,1998,-0.02,-0.01,0
8,1998,-0.02,-0.01,0
8,1998,-0.02,-0.01,0
8,1998,-0.02,-0.01,0
8,1998,-0.02,-0.01,0
8,1998,-0.02,-0.01,0
8,1998,-0.02,-0.01,0
8,1998,-0.02,-0.01,0
8,1998,-0.02,-0.01,0
8,1998,-0.02,-0.01,0
8,1998,-0.02,-0.01,0
8,1998,-0.02,-0.01,0
8,1998,-0.02,-0.01,0
8,1998,-0.02,-0.01,0
8,1998,-0.02,-0.01,0
8,1998,-0.02,-0.01,0
8,1998,-0.02,-0.01,0
8,1998,-0.02,-0.01,0
8,1998,-0.02,-0.01,0
8,1998,-0.02,-0.01,0
8,1998,-0.02,-0.01,0
8,1998,-0.02,-0.01,0
8,1998,-0.02,-0.01,0
8,1998,-0.02,-0.01,0
8,1998,-0.02,-0.01,0
8,1998,-0.02,-0.01,0
8,1998,-0.02,-0.01,0
8,1998,-0.02,-0.01,0
8,1998,-0.02,-0.01,0
8,1998,-0.02,-0.01,0
8,1998,-0.02,-0.01,0
9,1998,-2,-0.01,0
9,1998,-2,-0.01,0
9,1998,-2,-0.01,0
9,1998,-2,-0.01,0
9,1998,-2,-0.01,0
9,1998,-2,-0.01,0
9,1998,-2,-0.01,0
9,1998,-2,-0.01,0
9,1998,-2,-0.01,0
9,1998,-2,-0.01,0
9,1998,-2,-0.01,0
9,1998,-2,-0.01,0
9,1998,-2,-0.01,0
9,1998,-2,-0.01,0
9,1998,-2,-0.01,0
9,1998,-2,-0.01,0
9,1998,-2,-0.01,0
9,1998,-2,-0.01,0
9,1998,-2,-0.01,0
9,1998,-2,-0.01,0
9,1998,-2,-0.01,0
9,1998,-2,-0.01,0
9,1998,-2,-0.01,0
9,1998,-2,-0.01,0
9,1998,-2,-0.01,0
9,1998,-2,-0.01,0
9,1998,-2,-0.01,0
9,1998,-2,-0.01,0
9,1998,-2,-0.01,0
10,1998,-0.29,-0.01,0
10,1998,-0.29,-0.01,0
10,1998,-0.29,-0.01,0
10,1998,-0.29,-0.01,0
10,1998,-0.29,-0.01,0
10,1998,-0.29,-0.01,0
10,1998,-0.29,-0.01,0
10,1998,-0.29,-0.01,0
10,1998,-0.29,-0.01,0
10,1998,-0.29,-0.01,0
10,1998,-0.29,-0.01,0
10,1998,-0.29,-0.01,0
10,1998,-0.29,-0.01,0
10,1998,-0.29,-0.01,0
10,1998,-0.29,-0.01,0
10,1998,-0.29,-0.01,0
10,1998,-0.29,-0.01,0
10,1998,-0.29,-0.01,0
10,1998,-0.29,-0.01,0
10,1998,-0.29,-0.01,0
10,1998,-0.29,-0.01,0
10,1998,-0.29,-0.01,0
10,1998,-0.29,-0.01,0
10,1998,-0.29,-0.01,0
10,1998,-0.29,-0.01,0
10,1998,-0.29,-0.01,0
10,1998,-0.29,-0.01,0
10,1998,-0.29,-0.01,0
10,1998,-0.29,-0.01,0
10,1998,-0.29,-0.01,0
11,1998,-0.28,0,0
11,1998,-0.28,0,0
11,1998,-0.28,0,0
11,1998,-0.28,0,0
11,1998,-0.28,0,0
11,1998,-0.28,0,0
11,1998,-0.28,0,0
11,1998,-0.28,0,0
11,1998,-0.28,0,0
11,1998,-0.28,0,0
11,1998,-0.28,0,0
11,1998,-0.28,0,0
11,1998,-0.28,0,0
11,1998,-0.28,0,0
11,1998,-0.28,0,0
11,1998,-0.28,0,0
11,1998,-0.28,0,0
11,1998,-0.28,0,0
11,1998,-0.28,0,0
11,1998,-0.28,0,0
11,1998,-0.28,0,0
11,1998,-0.28,0,0
11,1998,-0.28,0,0
11,1998,-0.28,0,0
11,1998,-0.28,0,0
11,1998,-0.28,0,0
11,1998,-0.28,0,0
11,1998,-0.28,0,0
11,1998,-0.28,0,0
11,1998,-0.28,0,0
12,1998,0.87,0,0
12,1998,0.87,0,0
12,1998,0.87,0,0
12,1998,0.87,0,0
12,1998,0.87,0,0
12,1998,0.87,0,0
12,1998,0.87,0,0
12,1998,0.87,0,0
12,1998,0.87,0,0
12,1998,0.87,0,0
12,1998,0.87,0,0
12,1998,0.87,0,0
12,1998,0.87,0,0
12,1998,0.87,0,0
12,1998,0.87,0,0
12,1998,0.87,0,0
12,1998,0.87,0,0
12,1998,0.87,0,0
12,1998,0.87,0,0
12,1998,0.87,0,0
12,1998,0.87,0,0
12,1998,0.87,0,0
12,1998,0.87,0,0
12,1998,0.87,0,0
12,1998,0.87,0,0
12,1998,0.87,0,0
12,1998,0.87,0,0
12,1998,0.87,0,0
12,1998,0.87,0,0
12,1998,0.87,0,0
12,1998,0.87,0,0
1,1999,0.77,0.01,0
1,1999,0.77,0.01,0
1,1999,0.77,0.01,0
1,1999,0.77,0.01,0
1,1999,0.77,0.01,0
1,1999,0.77,0.01,0
1,1999,0.77,0.01,0
1,1999,0.77,0.01,0
1,1999,0.77,0.01,0
1,1999,0.77,0.01,0
1,1999,0.77,0.01,0
1,1999,0.77,0.01,0
1,1999,0.77,0.01,0
1,1999,0.77,0.01,0
1,1999,0.77,0.01,0
1,1999,0.77,0.01,0
1,1999,0.77,0.01,0
1,1999,0.77,0.01,0
1,1999,0.77,0.01,0
1,1999,0.77,0.01,0
1,1999,0.77,0.01,0
1,1999,0.77,0.01,0
1,1999,0.77,0.01,0
1,1999,0.77,0.01,0
1,1999,0.77,0.01,0
1,1999,0.77,0.01,0
1,1999,0.77,0.01,0
1,1999,0.77,0.01,0
1,1999,0.77,0.01,0
1,1999,0.77,0.01,0
1,1999,0.77,0.01,0
2,1999,0.29,0.01,0
2,1999,0.29,0.01,0
2,1999,0.29,0.01,0
2,1999,0.29,0.01,0
2,1999,0.29,0.01,0
2,1999,0.29,0.01,0
2,1999,0.29,0.01,0
2,1999,0.29,0.01,0
2,1999,0.29,0.01,0
2,1999,0.29,0.01,0
2,1999,0.29,0.01,0
2,1999,0.29,0.01,0
2,1999,0.29,0.01,0
2,1999,0.29,0.01,0
2,1999,0.29,0.01,0
2,1999,0.29,0.01,0
2,1999,0.29,0.01,0
2,1999,0.29,0.01,0
2,1999,0.29,0.01,0
2,1999,0.29,0.01,0
2,1999,0.29,0.01,0
2,1999,0.29,0.01,0
2,1999,0.29,0.01,0
2,1999,0.29,0.01,0
2,1999,0.29,0.01,0
2,1999,0.29,0.01,0
2,1999,0.29,0.01,0
2,1999,0.29,0.01,0
3,1999,0.23,0.01,0
3,1999,0.23,0.01,0
3,1999,0.23,0.01,0
3,1999,0.23,0.01,0
3,1999,0.23,0.01,0
3,1999,0.23,0.01,0
3,1999,0.23,0.01,0
3,1999,0.23,0.01,0
3,1999,0.23,0.01,0
3,1999,0.23,0.01,0
3,1999,0.23,0.01,0
3,1999,0.23,0.01,0
3,1999,0.23,0.01,0
3,1999,0.23,0.01,0
3,1999,0.23,0.01,0
3,1999,0.23,0.01,0
3,1999,0.23,0.01,0
3,1999,0.23,0.01,0
3,1999,0.23,0.01,0
3,1999,0.23,0.01,0
3,1999,0.23,0.01,0
3,1999,0.23,0.01,0
3,1999,0.23,0.01,0
3,1999,0.23,0.01,0
3,1999,0.23,0.01,0
3,1999,0.23,0.01,0
3,1999,0.23,0.01,0
3,1999,0.23,0.01,0
3,1999,0.23,0.01,0
3,1999,0.23,0.01,0
3,1999,0.23,0.01,0
4,1999,-0.95,0.02,0
4,1999,-0.95,0.02,0
4,1999,-0.95,0.02,0
4,1999,-0.95,0.02,0
4,1999,-0.95,0.02,0
4,1999,-0.95,0.02,0
4,1999,-0.95,0.02,0
4,1999,-0.95,0.02,0
4,1999,-0.95,0.02,0
4,1999,-0.95,0.02,0
4,1999,-0.95,0.02,0
4,1999,-0.95,0.02,0
4,1999,-0.95,0.02,0
4,1999,-0.95,0.02,0
4,1999,-0.95,0.02,0
4,1999,-0.95,0.02,0
4,1999,-0.95,0.02,0
4,1999,-0.95,0.02,0
4,1999,-0.95,0.02,0
4,1999,-0.95,0.02,0
4,1999,-0.95,0.02,0
4,1999,-0.95,0.02,0
4,1999,-0.95,0.02,0
4,1999,-0.95,0.02,0
4,1999,-0.95,0.02,0
4,1999,-0.95,0.02,0
4,1999,-0.95,0.02,0
4,1999,-0.95,0.02,0
4,1999,-0.95,0.02,0
5,1999,0.92,0.02,0
5,1999,0.92,0.02,0
5,1999,0.92,0.02,0
5,1999,0.92,0.02,0
5,1999,0.92,0.02,0
5,1999,0.92,0.02,0
5,1999,0.92,0.02,0
5,1999,0.92,0.02,0
5,1999,0.92,0.02,0
5,1999,0.92,0.02,0
5,1999,0.92,0.02,0
5,1999,0.92,0.02,0
5,1999,0.92,0.02,0
5,1999,0.92,0.02,0
5,1999,0.92,0.02,0
5,1999,0.92,0.02,0
5,1999,0.92,0.02,0
5,1999,0.92,0.02,0
5,1999,0.92,0.02,0
5,1999,0.92,0.02,0
5,1999,0.92,0.02,0
5,1999,0.92,0.02,0
5,1999,0.92,0.02,0
5,1999,0.92,0.02,0
5,1999,0.92,0.02,0
5,1999,0.92,0.02,0
5,1999,0.92,0.02,0
5,1999,0.92,0.02,0
6,1999,1.12,0.02,0
6,1999,1.12,0.02,0
6,1999,1.12,0.02,0
6,1999,1.12,0.02,0
6,1999,1.12,0.02,0
6,1999,1.12,0.02,0
6,1999,1.12,0.02,0
6,1999,1.12,0.02,0
6,1999,1.12,0.02,0
6,1999,1.12,0.02,0
6,1999,1.12,0.02,0
6,1999,1.12,0.02,0
6,1999,1.12,0.02,0
6,1999,1.12,0.02,0
6,1999,1.12,0.02,0
6,1999,1.12,0.02,0
6,1999,1.12,0.02,0
6,1999,1.12,0.02,0
6,1999,1.12,0.02,0
6,1999,1.12,0.02,0
6,1999,1.12,0.02,0
6,1999,1.12,0.02,0
6,1999,1.12,0.02,0
6,1999,1.12,0.02,0
6,1999,1.12,0.02,0
6,1999,1.12,0.02,0
6,1999,1.12,0.02,0
6,1999,1.12,0.02,0
6,1999,1.12,0.02,0
7,1999,-0.9,0.02,0
7,1999,-0.9,0.02,0
7,1999,-0.9,0.02,0
7,1999,-0.9,0.02,0
7,1999,-0.9,0.02,0
7,1999,-0.9,0.02,0
7,1999,-0.9,0.02,0
7,1999,-0.9,0.02,0
7,1999,-0.9,0.02,0
7,1999,-0.9,0.02,0
7,1999,-0.9,0.02,0
7,1999,-0.9,0.02,0
7,1999,-0.9,0.02,0
7,1999,-0.9,0.02,0
7,1999,-0.9,0.02,0
7,1999,-0.9,0.02,0
7,1999,-0.9,0.02,0
7,1999,-0.9,0.02,0
7,1999,-0.9,0.02,0
7,1999,-0.9,0.02,0
7,1999,-0.9,0.02,0
7,1999,-0.9,0.02,0
7,1999,-0.9,0.02,0
7,1999,-0.9,0.02,0
7,1999,-0.9,0.02,0
7,1999,-0.9,0.02,0
7,1999,-0.9,0.02,0
7,1999,-0.9,0.02,0
7,1999,-0.9,0.02,0
7,1999,-0.9,0.02,0
8,1999,0.39,0.03,0
8,1999,0.39,0.03,0
8,1999,0.39,0.03,0
8,1999,0.39,0.03,0
8,1999,0.39,0.03,0
8,1999,0.39,0.03,0
8,1999,0.39,0.03,0
8,1999,0.39,0.03,0
8,1999,0.39,0.03,0
8,1999,0.39,0.03,0
8,1999,0.39,0.03,0
8,1999,0.39,0.03,0
8,1999,0.39,0.03,0
8,1999,0.39,0.03,0
8,1999,0.39,0.03,0
8,1999,0.39,0.03,0
8,1999,0.39,0.03,0
8,1999,0.39,0.03,0
8,1999,0.39,0.03,0
8,1999,0.39,0.03,0
8,1999,0.39,0.03,0
8,1999,0.39,0.03,0
8,1999,0.39,0.03,0
8,1999,0.39,0.03,0
8,1999,0.39,0.03,0
8,1999,0.39,0.03,0
8,1999,0.39,0.03,0
8,1999,0.39,0.03,0
9,1999,0.36,0.03,0
9,1999,0.36,0.03,0
9,1999,0.36,0.03,0
9,1999,0.36,0.03,0
9,1999,0.36,0.03,0
9,1999,0.36,0.03,0
9,1999,0.36,0.03,0
9,1999,0.36,0.03,0
9,1999,0.36,0.03,0
9,1999,0.36,0.03,0
9,1999,0.36,0.03,0
9,1999,0.36,0.03,0
9,1999,0.36,0.03,0
9,1999,0.36,0.03,0
9,1999,0.36,0.03,0
9,1999,0.36,0.03,0
9,1999,0.36,0.03,0
9,1999,0.36,0.03,0
9,1999,0.36,0.03,0
9,1999,0.36,0.03,0
9,1999,0.36,0.03,0
9,1999,0.36,0.03,0
9,1999,0.36,0.03,0
9,1999,0.36,0.03,0
9,1999,0.36,0.03,0
9,1999,0.36,0.03,0
9,1999,0.36,0.03,0
10,1999,0.2,0.03,0
10,1999,0.2,0.03,0
10,1999,0.2,0.03,0
10,1999,0.2,0.03,0
10,1999,0.2,0.03,0
10,1999,0.2,0.03,0
10,1999,0.2,0.03,0
10,1999,0.2,0.03,0
10,1999,0.2,0.03,0
10,1999,0.2,0.03,0
10,1999,0.2,0.03,0
10,1999,0.2,0.03,0
10,1999,0.2,0.03,0
10,1999,0.2,0.03,0
10,1999,0.2,0.03,0
10,1999,0.2,0.03,0
10,1999,0.2,0.03,0
10,1999,0.2,0.03,0
10,1999,0.2,0.03,0
10,1999,0.2,0.03,0
10,1999,0.2,0.03,0
10,1999,0.2,0.03,0
10,1999,0.2,0.03,0
10,1999,0.2,0.03,0
10,1999,0.2,0.03,0
10,1999,0.2,0.03,0
10,1999,0.2,0.03,0
10,1999,0.2,0.03,0
10,1999,0.2,0.03,0
11,1999,0.65,0.04,0
11,1999,0.65,0.04,0
11,1999,0.65,0.04,0
11,1999,0.65,0.04,0
11,1999,0.65,0.04,0
11,1999,0.65,0.04,0
11,1999,0.65,0.04,0
11,1999,0.65,0.04,0
11,1999,0.65,0.04,0
11,1999,0.65,0.04,0
11,1999,0.65,0.04,0
11,1999,0.65,0.04,0
11,1999,0.65,0.04,0
11,1999,0.65,0.04,0
11,1999,0.65,0.04,0
11,1999,0.65,0.04,0
11,1999,0.65,0.04,0
11,1999,0.65,0.04,0
11,1999,0.65,0.04,0
11,1999,0.65,0.04,0
11,1999,0.65,0.04,0
11,1999,0.65,0.04,0
11,1999,0.65,0.04,0
11,1999,0.65,0.04,0
11,1999,0.65,0.04,0
11,1999,0.65,0.04,0
11,1999,0.65,0.04,0
11,1999,0.65,0.04,0
11,1999,0.65,0.04,0
11,1999,0.65,0.04,0
12,1999,1.61,0.04,0
12,1999,1.61,0.04,0
12,1999,1.61,0.04,0
12,1999,1.61,0.04,0
12,1999,1.61,0.04,0
12,1999,1.61,0.04,0
12,1999,1.61,0.04,0
12,1999,1.61,0.04,0
12,1999,1.61,0.04,0
12,1999,1.61,0.04,0
12,1999,1.61,0.04,0
12,1999,1.61,0.04,0
12,1999,1.61,0.04,0
12,1999,1.61,0.04,0
12,1999,1.61,0.04,0
12,1999,1.61,0.04,0
12,1999,1.61,0.04,0
12,1999,1.61,0.04,0
12,1999,1.61,0.04,0
12,1999,1.61,0.04,0
12,1999,1.61,0.04,0
12,1999,1.61,0.04,0
12,1999,1.61,0.04,0
12,1999,1.61,0.04,0
12,1999,1.61,0.04,0
12,1999,1.61,0.04,0
12,1999,1.61,0.04,0
12,1999,1.61,0.04,0
12,1999,1.61,0.04,0
12,1999,1.61,0.04,0
1,2000,0.6,0.04,0
1,2000,0.6,0.04,0
1,2000,0.6,0.04,0
1,2000,0.6,0.04,0
1,2000,0.6,0.04,0
1,2000,0.6,0.04,0
1,2000,0.6,0.04,0
1,2000,0.6,0.04,0
1,2000,0.6,0.04,0
1,2000,0.6,0.04,0
1,2000,0.6,0.04,0
1,2000,0.6,0.04,0
1,2000,0.6,0.04,0
1,2000,0.6,0.04,0
1,2000,0.6,0.04,0
1,2000,0.6,0.04,0
1,2000,0.6,0.04,0
1,2000,0.6,0.04,0
1,2000,0.6,0.04,0
1,2000,0.6,0.04,0
1,2000,0.6,0.04,0
1,2000,0.6,0.04,0
1,2000,0.6,0.04,0
1,2000,0.6,0.04,0
1,2000,0.6,0.04,0
1,2000,0.6,0.04,0
1,2000,0.6,0.04,0
1,2000,0.6,0.04,0
1,2000,0.6,0.04,0
1,2000,0.6,0.04,0
1,2000,0.6,0.04,0
2,2000,1.7,0.04,0
2,2000,1.7,0.04,0
2,2000,1.7,0.04,0
2,2000,1.7,0.04,0
2,2000,1.7,0.04,0
2,2000,1.7,0.04,0
2,2000,1.7,0.04,0
2,2000,1.7,0.04,0
2,2000,1.7,0.04,0
2,2000,1.7,0.04,0
2,2000,1.7,0.04,0
2,2000,1.7,0.04,0
2,2000,1.7,0.04,0
2,2000,1.7,0.04,0
2,2000,1.7,0.04,0
2,2000,1.7,0.04,0
2,2000,1.7,0.04,0
2,2000,1.7,0.04,0
2,2000,1.7,0.04,0
2,2000,1.7,0.04,0
2,2000,1.7,0.04,0
2,2000,1.7,0.04,0
2,2000,1.7,0.04,0
2,2000,1.7,0.04,0
2,2000,1.7,0.04,0
2,2000,1.7,0.04,0
2,2000,1.7,0.04,0
2,2000,1.7,0.04,0
2,2000,1.7,0.04,0
3,2000,0.77,0.04,0
3,2000,0.77,0.04,0
3,2000,0.77,0.04,0
3,2000,0.77,0.04,0
3,2000,0.77,0.04,0
3,2000,0.77,0.04,0
3,2000,0.77,0.04,0
3,2000,0.77,0.04,0
3,2000,0.77,0.04,0
3,2000,0.77,0.04,0
3,2000,0.77,0.04,0
3,2000,0.77,0.04,0
3,2000,0.77,0.04,0
3,2000,0.77,0.04,0
3,2000,0.77,0.04,0
3,2000,0.77,0.04,0
3,2000,0.77,0.04,0
3,2000,0.77,0.04,0
3,2000,0.77,0.04,0
3,2000,0.77,0.04,0
3,2000,0.77,0.04,0
3,2000,0.77,0.04,0
3,2000,0.77,0.04,0
3,2000,0.77,0.04,0
3,2000,0.77,0.04,0
3,2000,0.77,0.04,0
3,2000,0.77,0.04,0
3,2000,0.77,0.04,0
3,2000,0.77,0.04,0
3,2000,0.77,0.04,0
3,2000,0.77,0.04,0
4,2000,-0.03,0.04,0
4,2000,-0.03,0.04,0
4,2000,-0.03,0.04,0
4,2000,-0.03,0.04,0
4,2000,-0.03,0.04,0
4,2000,-0.03,0.04,0
4,2000,-0.03,0.04,0
4,2000,-0.03,0.04,0
4,2000,-0.03,0.04,0
4,2000,-0.03,0.04,0
4,2000,-0.03,0.04,0
4,2000,-0.03,0.04,0
4,2000,-0.03,0.04,0
4,2000,-0.03,0.04,0
4,2000,-0.03,0.04,0
4,2000,-0.03,0.04,0
4,2000,-0.03,0.04,0
4,2000,-0.03,0.04,0
4,2000,-0.03,0.04,0
4,2000,-0.03,0.04,0
4,2000,-0.03,0.04,0
4,2000,-0.03,0.04,0
4,2000,-0.03,0.04,0
4,2000,-0.03,0.04,0
4,2000,-0.03,0.04,0
4,2000,-0.03,0.04,0
4,2000,-0.03,0.04,0
4,2000,-0.03,0.04,0
4,2000,-0.03,0.04,0
5,2000,1.58,0.05,0
5,2000,1.58,0.05,0
5,2000,1.58,0.05,0
5,2000,1.58,0.05,0
5,2000,1.58,0.05,0
5,2000,1.58,0.05,0
5,2000,1.58,0.05,0
5,2000,1.58,0.05,0
5,2000,1.58,0.05,0
5,2000,1.58,0.05,0
5,2000,1.58,0.05,0
5,2000,1.58,0.05,0
5,2000,1.58,0.05,0
5,2000,1.58,0.05,0
5,2000,1.58,0.05,0
5,2000,1.58,0.05,0
5,2000,1.58,0.05,0
5,2000,1.58,0.05,0
5,2000,1.58,0.05,0
5,2000,1.58,0.05,0
5,2000,1.58,0.05,0
5,2000,1.58,0.05,0
5,2000,1.58,0.05,0
5,2000,1.58,0.05,0
5,2000,1.58,0.05,0
5,2000,1.58,0.05,0
5,2000,1.58,0.05,0
5,2000,1.58,0.05,0
6,2000,-0.03,0.05,0
6,2000,-0.03,0.05,0
6,2000,-0.03,0.05,0
6,2000,-0.03,0.05,0
6,2000,-0.03,0.05,0
6,2000,-0.03,0.05,0
6,2000,-0.03,0.05,0
6,2000,-0.03,0.05,0
6,2000,-0.03,0.05,0
6,2000,-0.03,0.05,0
6,2000,-0.03,0.05,0
6,2000,-0.03,0.05,0
6,2000,-0.03,0.05,0
6,2000,-0.03,0.05,0
6,2000,-0.03,0.05,0
6,2000,-0.03,0.05,0
6,2000,-0.03,0.05,0
6,2000,-0.03,0.05,0
6,2000,-0.03,0.05,0
6,2000,-0.03,0.05,0
6,2000,-0.03,0.05,0
6,2000,-0.03,0.05,0
6,2000,-0.03,0.05,0
6,2000,-0.03,0.05,0
6,2000,-0.03,0.05,0
6,2000,-0.03,0.05,0
6,2000,-0.03,0.05,0
6,2000,-0.03,0.05,0
6,2000,-0.03,0.05,0
6,2000,-0.03,0.05,0
7,2000,-1.03,0.05,0
7,2000,-1.03,0.05,0
7,2000,-1.03,0.05,0
7,2000,-1.03,0.05,0
7,2000,-1.03,0.05,0
7,2000,-1.03,0.05,0
7,2000,-1.03,0.05,0
7,2000,-1.03,0.05,0
7,2000,-1.03,0.05,0
7,2000,-1.03,0.05,0
7,2000,-1.03,0.05,0
7,2000,-1.03,0.05,0
7,2000,-1.03,0.05,0
7,2000,-1.03,0.05,0
7,2000,-1.03,0.05,0
7,2000,-1.03,0.05,0
7,2000,-1.03,0.05,0
7,2000,-1.03,0.05,0
7,2000,-1.03,0.05,0
7,2000,-1.03,0.05,0
7,2000,-1.03,0.05,0
7,2000,-1.03,0.05,0
7,2000,-1.03,0.05,0
7,2000,-1.03,0.05,0
7,2000,-1.03,0.05,0
7,2000,-1.03,0.05,0
7,2000,-1.03,0.05,0
7,2000,-1.03,0.05,0
7,2000,-1.03,0.05,0
8,2000,-0.29,0.05,0
8,2000,-0.29,0.05,0
8,2000,-0.29,0.05,0
8,2000,-0.29,0.05,0
8,2000,-0.29,0.05,0
8,2000,-0.29,0.05,0
8,2000,-0.29,0.05,0
8,2000,-0.29,0.05,0
8,2000,-0.29,0.05,0
8,2000,-0.29,0.05,0
8,2000,-0.29,0.05,0
8,2000,-0.29,0.05,0
8,2000,-0.29,0.05,0
8,2000,-0.29,0.05,0
8,2000,-0.29,0.05,0
8,2000,-0.29,0.05,0
8,2000,-0.29,0.05,0
8,2000,-0.29,0.05,0
8,2000,-0.29,0.05,0
8,2000,-0.29,0.05,0
8,2000,-0.29,0.05,0
8,2000,-0.29,0.05,0
8,2000,-0.29,0.05,0
8,2000,-0.29,0.05,0
8,2000,-0.29,0.05,0
8,2000,-0.29,0.05,0
8,2000,-0.29,0.05,0
8,2000,-0.29,0.05,0
9,2000,-0.21,0.05,0
9,2000,-0.21,0.05,0
9,2000,-0.21,0.05,0
9,2000,-0.21,0.05,0
9,2000,-0.21,0.05,0
9,2000,-0.21,0.05,0
9,2000,-0.21,0.05,0
9,2000,-0.21,0.05,0
9,2000,-0.21,0.05,0
9,2000,-0.21,0.05,0
9,2000,-0.21,0.05,0
9,2000,-0.21,0.05,0
9,2000,-0.21,0.05,0
9,2000,-0.21,0.05,0
9,2000,-0.21,0.05,0
9,2000,-0.21,0.05,0
9,2000,-0.21,0.05,0
9,2000,-0.21,0.05,0
9,2000,-0.21,0.05,0
9,2000,-0.21,0.05,0
9,2000,-0.21,0.05,0
9,2000,-0.21,0.05,0
9,2000,-0.21,0.05,0
9,2000,-0.21,0.05,0
9,2000,-0.21,0.05,0
9,2000,-0.21,0.05,0
9,2000,-0.21,0.05,0
9,2000,-0.21,0.05,0
9,2000,-0.21,0.05,0
10,2000,0.92,0.05,0
10,2000,0.92,0.05,0
10,2000,0.92,0.05,0
10,2000,0.92,0.05,0
10,2000,0.92,0.05,0
10,2000,0.92,0.05,0
10,2000,0.92,0.05,0
10,2000,0.92,0.05,0
10,2000,0.92,0.05,0
10,2000,0.92,0.05,0
10,2000,0.92,0.05,0
10,2000,0.92,0.05,0
10,2000,0.92,0.05,0
10,2000,0.92,0.05,0
10,2000,0.92,0.05,0
10,2000,0.92,0.05,0
10,2000,0.92,0.05,0
10,2000,0.92,0.05,0
10,2000,0.92,0.05,0
10,2000,0.92,0.05,0
10,2000,0.92,0.05,0
10,2000,0.92,0.05,0
10,2000,0.92,0.05,0
10,2000,0.92,0.05,0
10,2000,0.92,0.05,0
10,2000,0.92,0.05,0
10,2000,0.92,0.05,0
11,2000,-0.92,0.05,0
11,2000,-0.92,0.05,0
11,2000,-0.92,0.05,0
11,2000,-0.92,0.05,0
11,2000,-0.92,0.05,0
11,2000,-0.92,0.05,0
11,2000,-0.92,0.05,0
11,2000,-0.92,0.05,0
11,2000,-0.92,0.05,0
11,2000,-0.92,0.05,0
11,2000,-0.92,0.05,0
11,2000,-0.92,0.05,0
11,2000,-0.92,0.05,0
11,2000,-0.92,0.05,0
11,2000,-0.92,0.05,0
11,2000,-0.92,0.05,0
11,2000,-0.92,0.05,0
11,2000,-0.92,0.05,0
11,2000,-0.92,0.05,0
11,2000,-0.92,0.05,0
11,2000,-0.92,0.05,0
11,2000,-0.92,0.05,0
11,2000,-0.92,0.05,0
11,2000,-0.92,0.05,0
11,2000,-0.92,0.05,0
11,2000,-0.92,0.05,0
11,2000,-0.92,0.05,0
11,2000,-0.92,0.05,0
12,2000,-0.58,0.06,0
12,2000,-0.58,0.06,0
12,2000,-0.58,0.06,0
12,2000,-0.58,0.06,0
12,2000,-0.58,0.06,0
12,2000,-0.58,0.06,0
12,2000,-0.58,0.06,0
12,2000,-0.58,0.06,0
12,2000,-0.58,0.06,0
12,2000,-0.58,0.06,0
12,2000,-0.58,0.06,0
12,2000,-0.58,0.06,0
12,2000,-0.58,0.06,0
12,2000,-0.58,0.06,0
12,2000,-0.58,0.06,0
12,2000,-0.58,0.06,0
12,2000,-0.58,0.06,0
12,2000,-0.58,0.06,0
12,2000,-0.58,0.06,0
12,2000,-0.58,0.06,0
12,2000,-0.58,0.06,0
12,2000,-0.58,0.06,0
12,2000,-0.58,0.06,0
12,2000,-0.58,0.06,0
12,2000,-0.58,0.06,0
12,2000,-0.58,0.06,0
12,2000,-0.58,0.06,0
12,2000,-0.58,0.06,0
12,2000,-0.58,0.06,0
12,2000,-0.58,0.06,0
12,2000,-0.58,0.06,0
1,2001,0.25,0.06,0
1,2001,0.25,0.06,0
1,2001,0.25,0.06,0
1,2001,0.25,0.06,0
1,2001,0.25,0.06,0
1,2001,0.25,0.06,0
1,2001,0.25,0.06,0
1,2001,0.25,0.06,0
1,2001,0.25,0.06,0
1,2001,0.25,0.06,0
1,2001,0.25,0.06,0
1,2001,0.25,0.06,0
1,2001,0.25,0.06,0
1,2001,0.25,0.06,0
1,2001,0.25,0.06,0
1,2001,0.25,0.06,0
1,2001,0.25,0.06,0
1,2001,0.25,0.06,0
1,2001,0.25,0.06,0
1,2001,0.25,0.06,0
1,2001,0.25,0.06,0
1,2001,0.25,0.06,0
1,2001,0.25,0.06,0
1,2001,0.25,0.06,0
1,2001,0.25,0.06,0
1,2001,0.25,0.06,0
1,2001,0.25,0.06,0
1,2001,0.25,0.06,0
1,2001,0.25,0.06,0
1,2001,0.25,0.06,0
1,2001,0.25,0.06,0
2,2001,0.45,0.06,0
2,2001,0.45,0.06,0
2,2001,0.45,0.06,0
2,2001,0.45,0.06,0
2,2001,0.45,0.06,0
2,2001,0.45,0.06,0
2,2001,0.45,0.06,0
2,2001,0.45,0.06,0
2,2001,0.45,0.06,0
2,2001,0.45,0.06,0
2,2001,0.45,0.06,0
2,2001,0.45,0.06,0
2,2001,0.45,0.06,0
2,2001,0.45,0.06,0
2,2001,0.45,0.06,0
2,2001,0.45,0.06,0
2,2001,0.45,0.06,0
2,2001,0.45,0.06,0
2,2001,0.45,0.06,0
2,2001,0.45,0.06,0
2,2001,0.45,0.06,0
2,2001,0.45,0.06,0
2,2001,0.45,0.06,0
2,2001,0.45,0.06,0
2,2001,0.45,0.06,0
2,2001,0.45,0.06,0
2,2001,0.45,0.06,0
2,2001,0.45,0.06,0
3,2001,-1.26,0.06,0
3,2001,-1.26,0.06,0
3,2001,-1.26,0.06,0
3,2001,-1.26,0.06,0
3,2001,-1.26,0.06,0
3,2001,-1.26,0.06,0
3,2001,-1.26,0.06,0
3,2001,-1.26,0.06,0
3,2001,-1.26,0.06,0
3,2001,-1.26,0.06,0
3,2001,-1.26,0.06,0
3,2001,-1.26,0.06,0
3,2001,-1.26,0.06,0
3,2001,-1.26,0.06,0
3,2001,-1.26,0.06,0
3,2001,-1.26,0.06,0
3,2001,-1.26,0.06,0
3,2001,-1.26,0.06,0
3,2001,-1.26,0.06,0
3,2001,-1.26,0.06,0
3,2001,-1.26,0.06,0
3,2001,-1.26,0.06,0
3,2001,-1.26,0.06,0
3,2001,-1.26,0.06,0
3,2001,-1.26,0.06,0
3,2001,-1.26,0.06,0
3,2001,-1.26,0.06,0
3,2001,-1.26,0.06,0
3,2001,-1.26,0.06,0
3,2001,-1.26,0.06,0
3,2001,-1.26,0.06,0
4,2001,0,0.06,0
4,2001,0,0.06,0
4,2001,0,0.06,0
4,2001,0,0.06,0
4,2001,0,0.06,0
4,2001,0,0.06,0
4,2001,0,0.06,0
4,2001,0,0.06,0
4,2001,0,0.06,0
4,2001,0,0.06,0
4,2001,0,0.06,0
4,2001,0,0.06,0
4,2001,0,0.06,0
4,2001,0,0.06,0
4,2001,0,0.06,0
4,2001,0,0.06,0
4,2001,0,0.06,0
4,2001,0,0.06,0
4,2001,0,0.06,0
4,2001,0,0.06,0
4,2001,0,0.06,0
4,2001,0,0.06,0
4,2001,0,0.06,0
4,2001,0,0.06,0
4,2001,0,0.06,0
4,2001,0,0.06,0
4,2001,0,0.06,0
4,2001,0,0.06,0
4,2001,0,0.06,0
4,2001,0,0.06,0
5,2001,-0.02,0.06,0
5,2001,-0.02,0.06,0
5,2001,-0.02,0.06,0
5,2001,-0.02,0.06,0
5,2001,-0.02,0.06,0
5,2001,-0.02,0.06,0
5,2001,-0.02,0.06,0
5,2001,-0.02,0.06,0
5,2001,-0.02,0.06,0
5,2001,-0.02,0.06,0
5,2001,-0.02,0.06,0
5,2001,-0.02,0.06,0
5,2001,-0.02,0.06,0
5,2001,-0.02,0.06,0
5,2001,-0.02,0.06,0
5,2001,-0.02,0.06,0
5,2001,-0.02,0.06,0
5,2001,-0.02,0.06,0
5,2001,-0.02,0.06,0
5,2001,-0.02,0.06,0
5,2001,-0.02,0.06,0
5,2001,-0.02,0.06,0
5,2001,-0.02,0.06,0
5,2001,-0.02,0.06,0
5,2001,-0.02,0.06,0
5,2001,-0.02,0.06,0
5,2001,-0.02,0.06,0
5,2001,-0.02,0.06,0
5,2001,-0.02,0.06,0
5,2001,-0.02,0.06,0
5,2001,-0.02,0.06,0
6,2001,-0.2,0.07,0
6,2001,-0.2,0.07,0
6,2001,-0.2,0.07,0
6,2001,-0.2,0.07,0
6,2001,-0.2,0.07,0
6,2001,-0.2,0.07,0
6,2001,-0.2,0.07,0
6,2001,-0.2,0.07,0
6,2001,-0.2,0.07,0
6,2001,-0.2,0.07,0
6,2001,-0.2,0.07,0
6,2001,-0.2,0.07,0
6,2001,-0.2,0.07,0
6,2001,-0.2,0.07,0
6,2001,-0.2,0.07,0
6,2001,-0.2,0.07,0
6,2001,-0.2,0.07,0
6,2001,-0.2,0.07,0
6,2001,-0.2,0.07,0
6,2001,-0.2,0.07,0
6,2001,-0.2,0.07,0
6,2001,-0.2,0.07,0
6,2001,-0.2,0.07,0
6,2001,-0.2,0.07,0
6,2001,-0.2,0.07,0
6,2001,-0.2,0.07,0
6,2001,-0.2,0.07,0
6,2001,-0.2,0.07,0
6,2001,-0.2,0.07,0
6,2001,-0.2,0.07,0
7,2001,-0.25,0.07,0
7,2001,-0.25,0.07,0
7,2001,-0.25,0.07,0
7,2001,-0.25,0.07,0
7,2001,-0.25,0.07,0
7,2001,-0.25,0.07,0
7,2001,-0.25,0.07,0
7,2001,-0.25,0.07,0
7,2001,-0.25,0.07,0
7,2001,-0.25,0.07,0
7,2001,-0.25,0.07,0
7,2001,-0.25,0.07,0
7,2001,-0.25,0.07,0
7,2001,-0.25,0.07,0
7,2001,-0.25,0.07,0
7,2001,-0.25,0.07,0
7,2001,-0.25,0.07,0
7,2001,-0.25,0.07,0
7,2001,-0.25,0.07,0
7,2001,-0.25,0.07,0
7,2001,-0.25,0.07,0
7,2001,-0.25,0.07,0
7,2001,-0.25,0.07,0
7,2001,-0.25,0.07,0
7,2001,-0.25,0.07,0
7,2001,-0.25,0.07,0
7,2001,-0.25,0.07,0
7,2001,-0.25,0.07,0
7,2001,-0.25,0.07,0
8,2001,-0.07,0.07,0
8,2001,-0.07,0.07,0
8,2001,-0.07,0.07,0
8,2001,-0.07,0.07,0
8,2001,-0.07,0.07,0
8,2001,-0.07,0.07,0
8,2001,-0.07,0.07,0
8,2001,-0.07,0.07,0
8,2001,-0.07,0.07,0
8,2001,-0.07,0.07,0
8,2001,-0.07,0.07,0
8,2001,-0.07,0.07,0
8,2001,-0.07,0.07,0
8,2001,-0.07,0.07,0
8,2001,-0.07,0.07,0
8,2001,-0.07,0.07,0
8,2001,-0.07,0.07,0
8,2001,-0.07,0.07,0
8,2001,-0.07,0.07,0
8,2001,-0.07,0.07,0
8,2001,-0.07,0.07,0
8,2001,-0.07,0.07,0
8,2001,-0.07,0.07,0
8,2001,-0.07,0.07,0
8,2001,-0.07,0.07,0
8,2001,-0.07,0.07,0
8,2001,-0.07,0.07,0
8,2001,-0.07,0.07,0
8,2001,-0.07,0.07,0
8,2001,-0.07,0.07,0
9,2001,-0.65,0.08,0
9,2001,-0.65,0.08,0
9,2001,-0.65,0.08,0
9,2001,-0.65,0.08,0
9,2001,-0.65,0.08,0
9,2001,-0.65,0.08,0
9,2001,-0.65,0.08,0
9,2001,-0.65,0.08,0
9,2001,-0.65,0.08,0
9,2001,-0.65,0.08,0
9,2001,-0.65,0.08,0
9,2001,-0.65,0.08,0
9,2001,-0.65,0.08,0
9,2001,-0.65,0.08,0
9,2001,-0.65,0.08,0
9,2001,-0.65,0.08,0
9,2001,-0.65,0.08,0
9,2001,-0.65,0.08,0
9,2001,-0.65,0.08,0
9,2001,-0.65,0.08,0
9,2001,-0.65,0.08,0
9,2001,-0.65,0.08,0
9,2001,-0.65,0.08,0
9,2001,-0.65,0.08,0
9,2001,-0.65,0.08,0
9,2001,-0.65,0.08,0
9,2001,-0.65,0.08,0
9,2001,-0.65,0.08,0
9,2001,-0.65,0.08,0
10,2001,-0.24,0.08,0
10,2001,-0.24,0.08,0
10,2001,-0.24,0.08,0
10,2001,-0.24,0.08,0
10,2001,-0.24,0.08,0
10,2001,-0.24,0.08,0
10,2001,-0.24,0.08,0
10,2001,-0.24,0.08,0
10,2001,-0.24,0.08,0
10,2001,-0.24,0.08,0
10,2001,-0.24,0.08,0
10,2001,-0.24,0.08,0
10,2001,-0.24,0.08,0
10,2001,-0.24,0.08,0
10,2001,-0.24,0.08,0
10,2001,-0.24,0.08,0
10,2001,-0.24,0.08,0
10,2001,-0.24,0.08,0
10,2001,-0.24,0.08,0
10,2001,-0.24,0.08,0
10,2001,-0.24,0.08,0
10,2001,-0.24,0.08,0
10,2001,-0.24,0.08,0
10,2001,-0.24,0.08,0
10,2001,-0.24,0.08,0
10,2001,-0.24,0.08,0
10,2001,-0.24,0.08,0
10,2001,-0.24,0.08,0
10,2001,-0.24,0.08,0
10,2001,-0.24,0.08,0
11,2001,0.63,0.08,0
11,2001,0.63,0.08,0
11,2001,0.63,0.08,0
11,2001,0.63,0.08,0
11,2001,0.63,0.08,0
11,2001,0.63,0.08,0
11,2001,0.63,0.08,0
11,2001,0.63,0.08,0
11,2001,0.63,0.08,0
11,2001,0.63,0.08,0
11,2001,0.63,0.08,0
11,2001,0.63,0.08,0
11,2001,0.63,0.08,0
11,2001,0.63,0.08,0
11,2001,0.63,0.08,0
11,2001,0.63,0.08,0
11,2001,0.63,0.08,0
11,2001,0.63,0.08,0
11,2001,0.63,0.08,0
11,2001,0.63,0.08,0
11,2001,0.63,0.08,0
11,2001,0.63,0.08,0
11,2001,0.63,0.08,0
11,2001,0.63,0.08,0
11,2001,0.63,0.08,0
11,2001,0.63,0.08,0
11,2001,0.63,0.08,0
11,2001,0.63,0.08,0
11,2001,0.63,0.08,0
11,2001,0.63,0.08,0
12,2001,-0.83,0.08,0
12,2001,-0.83,0.08,0
12,2001,-0.83,0.08,0
12,2001,-0.83,0.08,0
12,2001,-0.83,0.08,0
12,2001,-0.83,0.08,0
12,2001,-0.83,0.08,0
12,2001,-0.83,0.08,0
12,2001,-0.83,0.08,0
12,2001,-0.83,0.08,0
12,2001,-0.83,0.08,0
12,2001,-0.83,0.08,0
12,2001,-0.83,0.08,0
12,2001,-0.83,0.08,0
12,2001,-0.83,0.08,0
12,2001,-0.83,0.08,0
12,2001,-0.83,0.08,0
12,2001,-0.83,0.08,0
12,2001,-0.83,0.08,0
12,2001,-0.83,0.08,0
12,2001,-0.83,0.08,0
12,2001,-0.83,0.08,0
12,2001,-0.83,0.08,0
12,2001,-0.83,0.08,0
12,2001,-0.83,0.08,0
12,2001,-0.83,0.08,0
12,2001,-0.83,0.08,0
12,2001,-0.83,0.08,0
12,2001,-0.83,0.08,0
12,2001,-0.83,0.08,0
12,2001,-0.83,0.08,0
1,2002,0.44,0.09,0
1,2002,0.44,0.09,0
1,2002,0.44,0.09,0
1,2002,0.44,0.09,0
1,2002,0.44,0.09,0
1,2002,0.44,0.09,0
1,2002,0.44,0.09,0
1,2002,0.44,0.09,0
1,2002,0.44,0.09,0
1,2002,0.44,0.09,0
1,2002,0.44,0.09,0
1,2002,0.44,0.09,0
1,2002,0.44,0.09,0
1,2002,0.44,0.09,0
1,2002,0.44,0.09,0
1,2002,0.44,0.09,0
1,2002,0.44,0.09,0
1,2002,0.44,0.09,0
1,2002,0.44,0.09,0
1,2002,0.44,0.09,0
1,2002,0.44,0.09,0
1,2002,0.44,0.09,0
1,2002,0.44,0.09,0
1,2002,0.44,0.09,0
1,2002,0.44,0.09,0
1,2002,0.44,0.09,0
1,2002,0.44,0.09,0
1,2002,0.44,0.09,0
1,2002,0.44,0.09,0
1,2002,0.44,0.09,0
1,2002,0.44,0.09,0
2,2002,1.1,0.09,0
2,2002,1.1,0.09,0
2,2002,1.1,0.09,0
2,2002,1.1,0.09,0
2,2002,1.1,0.09,0
2,2002,1.1,0.09,0
2,2002,1.1,0.09,0
2,2002,1.1,0.09,0
2,2002,1.1,0.09,0
2,2002,1.1,0.09,0
2,2002,1.1,0.09,0
2,2002,1.1,0.09,0
2,2002,1.1,0.09,0
2,2002,1.1,0.09,0
2,2002,1.1,0.09,0
2,2002,1.1,0.09,0
2,2002,1.1,0.09,0
2,2002,1.1,0.09,0
2,2002,1.1,0.09,0
2,2002,1.1,0.09,0
2,2002,1.1,0.09,0
2,2002,1.1,0.09,0
2,2002,1.1,0.09,0
2,2002,1.1,0.09,0
2,2002,1.1,0.09,0
2,2002,1.1,0.09,0
2,2002,1.1,0.09,0
2,2002,1.1,0.09,0
3,2002,0.69,0.09,0
3,2002,0.69,0.09,0
3,2002,0.69,0.09,0
3,2002,0.69,0.09,0
3,2002,0.69,0.09,0
3,2002,0.69,0.09,0
3,2002,0.69,0.09,0
3,2002,0.69,0.09,0
3,2002,0.69,0.09,0
3,2002,0.69,0.09,0
3,2002,0.69,0.09,0
3,2002,0.69,0.09,0
3,2002,0.69,0.09,0
3,2002,0.69,0.09,0
3,2002,0.69,0.09,0
3,2002,0.69,0.09,0
3,2002,0.69,0.09,0
3,2002,0.69,0.09,0
3,2002,0.69,0.09,0
3,2002,0.69,0.09,0
3,2002,0.69,0.09,0
3,2002,0.69,0.09,0
3,2002,0.69,0.09,0
3,2002,0.69,0.09,0
3,2002,0.69,0.09,0
3,2002,0.69,0.09,0
3,2002,0.69,0.09,0
3,2002,0.69,0.09,0
3,2002,0.69,0.09,0
3,2002,0.69,0.09,0
3,2002,0.69,0.09,0
4,2002,1.18,0.09,0
4,2002,1.18,0.09,0
4,2002,1.18,0.09,0
4,2002,1.18,0.09,0
4,2002,1.18,0.09,0
4,2002,1.18,0.09,0
4,2002,1.18,0.09,0
4,2002,1.18,0.09,0
4,2002,1.18,0.09,0
4,2002,1.18,0.09,0
4,2002,1.18,0.09,0
4,2002,1.18,0.09,0
4,2002,1.18,0.09,0
4,2002,1.18,0.09,0
4,2002,1.18,0.09,0
4,2002,1.18,0.09,0
4,2002,1.18,0.09,0
4,2002,1.18,0.09,0
4,2002,1.18,0.09,0
4,2002,1.18,0.09,0
4,2002,1.18,0.09,0
4,2002,1.18,0.09,0
4,2002,1.18,0.09,0
4,2002,1.18,0.09,0
4,2002,1.18,0.09,0
4,2002,1.18,0.09,0
4,2002,1.18,0.09,0
4,2002,1.18,0.09,0
4,2002,1.18,0.09,0
4,2002,1.18,0.09,0
5,2002,-0.22,0.09,0
5,2002,-0.22,0.09,0
5,2002,-0.22,0.09,0
5,2002,-0.22,0.09,0
5,2002,-0.22,0.09,0
5,2002,-0.22,0.09,0
5,2002,-0.22,0.09,0
5,2002,-0.22,0.09,0
5,2002,-0.22,0.09,0
5,2002,-0.22,0.09,0
5,2002,-0.22,0.09,0
5,2002,-0.22,0.09,0
5,2002,-0.22,0.09,0
5,2002,-0.22,0.09,0
5,2002,-0.22,0.09,0
5,2002,-0.22,0.09,0
5,2002,-0.22,0.09,0
5,2002,-0.22,0.09,0
5,2002,-0.22,0.09,0
5,2002,-0.22,0.09,0
5,2002,-0.22,0.09,0
5,2002,-0.22,0.09,0
5,2002,-0.22,0.09,0
5,2002,-0.22,0.09,0
5,2002,-0.22,0.09,0
5,2002,-0.22,0.09,0
5,2002,-0.22,0.09,0
5,2002,-0.22,0.09,0
5,2002,-0.22,0.09,0
5,2002,-0.22,0.09,0
6,2002,0.38,0.09,0
6,2002,0.38,0.09,0
6,2002,0.38,0.09,0
6,2002,0.38,0.09,0
6,2002,0.38,0.09,0
6,2002,0.38,0.09,0
6,2002,0.38,0.09,0
6,2002,0.38,0.09,0
6,2002,0.38,0.09,0
6,2002,0.38,0.09,0
6,2002,0.38,0.09,0
6,2002,0.38,0.09,0
6,2002,0.38,0.09,0
6,2002,0.38,0.09,0
6,2002,0.38,0.09,0
6,2002,0.38,0.09,0
6,2002,0.38,0.09,0
6,2002,0.38,0.09,0
6,2002,0.38,0.09,0
6,2002,0.38,0.09,0
6,2002,0.38,0.09,0
6,2002,0.38,0.09,0
6,2002,0.38,0.09,0
6,2002,0.38,0.09,0
6,2002,0.38,0.09,0
6,2002,0.38,0.09,0
6,2002,0.38,0.09,0
6,2002,0.38,0.09,0
6,2002,0.38,0.09,0
6,2002,0.38,0.09,0
7,2002,0.62,0.09,0
7,2002,0.62,0.09,0
7,2002,0.62,0.09,0
7,2002,0.62,0.09,0
7,2002,0.62,0.09,0
7,2002,0.62,0.09,0
7,2002,0.62,0.09,0
7,2002,0.62,0.09,0
7,2002,0.62,0.09,0
7,2002,0.62,0.09,0
7,2002,0.62,0.09,0
7,2002,0.62,0.09,0
7,2002,0.62,0.09,0
7,2002,0.62,0.09,0
7,2002,0.62,0.09,0
7,2002,0.62,0.09,0
7,2002,0.62,0.09,0
7,2002,0.62,0.09,0
7,2002,0.62,0.09,0
7,2002,0.62,0.09,0
7,2002,0.62,0.09,0
7,2002,0.62,0.09,0
7,2002,0.62,0.09,0
7,2002,0.62,0.09,0
7,2002,0.62,0.09,0
7,2002,0.62,0.09,0
7,2002,0.62,0.09,0
7,2002,0.62,0.09,0
7,2002,0.62,0.09,0
7,2002,0.62,0.09,0
7,2002,0.62,0.09,0
8,2002,0.38,0.09,0
8,2002,0.38,0.09,0
8,2002,0.38,0.09,0
8,2002,0.38,0.09,0
8,2002,0.38,0.09,0
8,2002,0.38,0.09,0
8,2002,0.38,0.09,0
8,2002,0.38,0.09,0
8,2002,0.38,0.09,0
8,2002,0.38,0.09,0
8,2002,0.38,0.09,0
8,2002,0.38,0.09,0
8,2002,0.38,0.09,0
8,2002,0.38,0.09,0
8,2002,0.38,0.09,0
8,2002,0.38,0.09,0
8,2002,0.38,0.09,0
8,2002,0.38,0.09,0
8,2002,0.38,0.09,0
8,2002,0.38,0.09,0
8,2002,0.38,0.09,0
8,2002,0.38,0.09,0
8,2002,0.38,0.09,0
8,2002,0.38,0.09,0
8,2002,0.38,0.09,0
8,2002,0.38,0.09,0
8,2002,0.38,0.09,0
8,2002,0.38,0.09,0
8,2002,0.38,0.09,0
9,2002,-0.7,0.1,0
9,2002,-0.7,0.1,0
9,2002,-0.7,0.1,0
9,2002,-0.7,0.1,0
9,2002,-0.7,0.1,0
9,2002,-0.7,0.1,0
9,2002,-0.7,0.1,0
9,2002,-0.7,0.1,0
9,2002,-0.7,0.1,0
9,2002,-0.7,0.1,0
9,2002,-0.7,0.1,0
9,2002,-0.7,0.1,0
9,2002,-0.7,0.1,0
9,2002,-0.7,0.1,0
9,2002,-0.7,0.1,0
9,2002,-0.7,0.1,0
9,2002,-0.7,0.1,0
9,2002,-0.7,0.1,0
9,2002,-0.7,0.1,0
9,2002,-0.7,0.1,0
9,2002,-0.7,0.1,0
9,2002,-0.7,0.1,0
9,2002,-0.7,0.1,0
9,2002,-0.7,0.1,0
9,2002,-0.7,0.1,0
9,2002,-0.7,0.1,0
9,2002,-0.7,0.1,0
9,2002,-0.7,0.1,0
9,2002,-0.7,0.1,0
10,2002,-2.28,0.1,0
10,2002,-2.28,0.1,0
10,2002,-2.28,0.1,0
10,2002,-2.28,0.1,0
10,2002,-2.28,0.1,0
10,2002,-2.28,0.1,0
10,2002,-2.28,0.1,0
10,2002,-2.28,0.1,0
10,2002,-2.28,0.1,0
10,2002,-2.28,0.1,0
10,2002,-2.28,0.1,0
10,2002,-2.28,0.1,0
10,2002,-2.28,0.1,0
10,2002,-2.28,0.1,0
10,2002,-2.28,0.1,0
10,2002,-2.28,0.1,0
10,2002,-2.28,0.1,0
10,2002,-2.28,0.1,0
10,2002,-2.28,0.1,0
10,2002,-2.28,0.1,0
10,2002,-2.28,0.1,0
10,2002,-2.28,0.1,0
10,2002,-2.28,0.1,0
10,2002,-2.28,0.1,0
10,2002,-2.28,0.1,0
10,2002,-2.28,0.1,0
10,2002,-2.28,0.1,0
10,2002,-2.28,0.1,0
11,2002,-0.18,0.1,0
11,2002,-0.18,0.1,0
11,2002,-0.18,0.1,0
11,2002,-0.18,0.1,0
11,2002,-0.18,0.1,0
11,2002,-0.18,0.1,0
11,2002,-0.18,0.1,0
11,2002,-0.18,0.1,0
11,2002,-0.18,0.1,0
11,2002,-0.18,0.1,0
11,2002,-0.18,0.1,0
11,2002,-0.18,0.1,0
11,2002,-0.18,0.1,0
11,2002,-0.18,0.1,0
11,2002,-0.18,0.1,0
11,2002,-0.18,0.1,0
11,2002,-0.18,0.1,0
11,2002,-0.18,0.1,0
11,2002,-0.18,0.1,0
11,2002,-0.18,0.1,0
11,2002,-0.18,0.1,0
11,2002,-0.18,0.1,0
11,2002,-0.18,0.1,0
11,2002,-0.18,0.1,0
11,2002,-0.18,0.1,0
11,2002,-0.18,0.1,0
11,2002,-0.18,0.1,0
11,2002,-0.18,0.1,0
12,2002,-0.94,0.11,0
12,2002,-0.94,0.11,0
12,2002,-0.94,0.11,0
12,2002,-0.94,0.11,0
12,2002,-0.94,0.11,0
12,2002,-0.94,0.11,0
12,2002,-0.94,0.11,0
12,2002,-0.94,0.11,0
12,2002,-0.94,0.11,0
12,2002,-0.94,0.11,0
12,2002,-0.94,0.11,0
12,2002,-0.94,0.11,0
12,2002,-0.94,0.11,0
12,2002,-0.94,0.11,0
12,2002,-0.94,0.11,0
12,2002,-0.94,0.11,0
12,2002,-0.94,0.11,0
12,2002,-0.94,0.11,0
12,2002,-0.94,0.11,0
12,2002,-0.94,0.11,0
12,2002,-0.94,0.11,0
12,2002,-0.94,0.11,0
12,2002,-0.94,0.11,0
12,2002,-0.94,0.11,0
12,2002,-0.94,0.11,0
12,2002,-0.94,0.11,0
12,2002,-0.94,0.11,0
12,2002,-0.94,0.11,0
12,2002,-0.94,0.11,0
12,2002,-0.94,0.11,0
12,2002,-0.94,0.11,0
1,2003,0.16,0.11,0
1,2003,0.16,0.11,0
1,2003,0.16,0.11,0
1,2003,0.16,0.11,0
1,2003,0.16,0.11,0
1,2003,0.16,0.11,0
1,2003,0.16,0.11,0
1,2003,0.16,0.11,0
1,2003,0.16,0.11,0
1,2003,0.16,0.11,0
1,2003,0.16,0.11,0
1,2003,0.16,0.11,0
1,2003,0.16,0.11,0
1,2003,0.16,0.11,0
1,2003,0.16,0.11,0
1,2003,0.16,0.11,0
1,2003,0.16,0.11,0
1,2003,0.16,0.11,0
1,2003,0.16,0.11,0
1,2003,0.16,0.11,0
1,2003,0.16,0.11,0
1,2003,0.16,0.11,0
1,2003,0.16,0.11,0
1,2003,0.16,0.11,0
1,2003,0.16,0.11,0
1,2003,0.16,0.11,0
1,2003,0.16,0.11,0
1,2003,0.16,0.11,0
1,2003,0.16,0.11,0
2,2003,0.62,0.11,0
2,2003,0.62,0.11,0
2,2003,0.62,0.11,0
2,2003,0.62,0.11,0
2,2003,0.62,0.11,0
2,2003,0.62,0.11,0
2,2003,0.62,0.11,0
2,2003,0.62,0.11,0
2,2003,0.62,0.11,0
2,2003,0.62,0.11,0
2,2003,0.62,0.11,0
2,2003,0.62,0.11,0
2,2003,0.62,0.11,0
2,2003,0.62,0.11,0
2,2003,0.62,0.11,0
2,2003,0.62,0.11,0
2,2003,0.62,0.11,0
2,2003,0.62,0.11,0
2,2003,0.62,0.11,0
2,2003,0.62,0.11,0
2,2003,0.62,0.11,0
2,2003,0.62,0.11,0
2,2003,0.62,0.11,0
2,2003,0.62,0.11,0
2,2003,0.62,0.11,0
2,2003,0.62,0.11,0
2,2003,0.62,0.11,0
2,2003,0.62,0.11,0
3,2003,0.32,0.12,0
3,2003,0.32,0.12,0
3,2003,0.32,0.12,0
3,2003,0.32,0.12,0
3,2003,0.32,0.12,0
3,2003,0.32,0.12,0
3,2003,0.32,0.12,0
3,2003,0.32,0.12,0
3,2003,0.32,0.12,0
3,2003,0.32,0.12,0
3,2003,0.32,0.12,0
3,2003,0.32,0.12,0
3,2003,0.32,0.12,0
3,2003,0.32,0.12,0
3,2003,0.32,0.12,0
3,2003,0.32,0.12,0
3,2003,0.32,0.12,0
3,2003,0.32,0.12,0
3,2003,0.32,0.12,0
3,2003,0.32,0.12,0
3,2003,0.32,0.12,0
3,2003,0.32,0.12,0
3,2003,0.32,0.12,0
3,2003,0.32,0.12,0
3,2003,0.32,0.12,0
3,2003,0.32,0.12,0
3,2003,0.32,0.12,0
3,2003,0.32,0.12,0
3,2003,0.32,0.12,0
3,2003,0.32,0.12,0
3,2003,0.32,0.12,0
4,2003,-0.18,0.12,0
4,2003,-0.18,0.12,0
4,2003,-0.18,0.12,0
4,2003,-0.18,0.12,0
4,2003,-0.18,0.12,0
4,2003,-0.18,0.12,0
4,2003,-0.18,0.12,0
4,2003,-0.18,0.12,0
4,2003,-0.18,0.12,0
4,2003,-0.18,0.12,0
4,2003,-0.18,0.12,0
4,2003,-0.18,0.12,0
4,2003,-0.18,0.12,0
4,2003,-0.18,0.12,0
4,2003,-0.18,0.12,0
4,2003,-0.18,0.12,0
4,2003,-0.18,0.12,0
4,2003,-0.18,0.12,0
4,2003,-0.18,0.12,0
4,2003,-0.18,0.12,0
4,2003,-0.18,0.12,0
4,2003,-0.18,0.12,0
4,2003,-0.18,0.12,0
4,2003,-0.18,0.12,0
4,2003,-0.18,0.12,0
4,2003,-0.18,0.12,0
4,2003,-0.18,0.12,0
4,2003,-0.18,0.12,0
4,2003,-0.18,0.12,0
4,2003,-0.18,0.12,0
5,2003,0.01,0.12,0
5,2003,0.01,0.12,0
5,2003,0.01,0.12,0
5,2003,0.01,0.12,0
5,2003,0.01,0.12,0
5,2003,0.01,0.12,0
5,2003,0.01,0.12,0
5,2003,0.01,0.12,0
5,2003,0.01,0.12,0
5,2003,0.01,0.12,0
5,2003,0.01,0.12,0
5,2003,0.01,0.12,0
5,2003,0.01,0.12,0
5,2003,0.01,0.12,0
5,2003,0.01,0.12,0
5,2003,0.01,0.12,0
5,2003,0.01,0.12,0
5,2003,0.01,0.12,0
5,2003,0.01,0.12,0
5,2003,0.01,0.12,0
5,2003,0.01,0.12,0
5,2003,0.01,0.12,0
5,2003,0.01,0.12,0
5,2003,0.01,0.12,0
5,2003,0.01,0.12,0
5,2003,0.01,0.12,0
5,2003,0.01,0.12,0
5,2003,0.01,0.12,0
5,2003,0.01,0.12,0
5,2003,0.01,0.12,0
5,2003,0.01,0.12,0
6,2003,-0.07,0.12,0
6,2003,-0.07,0.12,0
6,2003,-0.07,0.12,0
6,2003,-0.07,0.12,0
6,2003,-0.07,0.12,0
6,2003,-0.07,0.12,0
6,2003,-0.07,0.12,0
6,2003,-0.07,0.12,0
6,2003,-0.07,0.12,0
6,2003,-0.07,0.12,0
6,2003,-0.07,0.12,0
6,2003,-0.07,0.12,0
6,2003,-0.07,0.12,0
6,2003,-0.07,0.12,0
6,2003,-0.07,0.12,0
6,2003,-0.07,0.12,0
6,2003,-0.07,0.12,0
6,2003,-0.07,0.12,0
6,2003,-0.07,0.12,0
6,2003,-0.07,0.12,0
6,2003,-0.07,0.12,0
6,2003,-0.07,0.12,0
6,2003,-0.07,0.12,0
6,2003,-0.07,0.12,0
6,2003,-0.07,0.12,0
6,2003,-0.07,0.12,0
6,2003,-0.07,0.12,0
6,2003,-0.07,0.12,0
6,2003,-0.07,0.12,0
6,2003,-0.07,0.12,0
7,2003,0.13,0.12,0
7,2003,0.13,0.12,0
7,2003,0.13,0.12,0
7,2003,0.13,0.12,0
7,2003,0.13,0.12,0
7,2003,0.13,0.12,0
7,2003,0.13,0.12,0
7,2003,0.13,0.12,0
7,2003,0.13,0.12,0
7,2003,0.13,0.12,0
7,2003,0.13,0.12,0
7,2003,0.13,0.12,0
7,2003,0.13,0.12,0
7,2003,0.13,0.12,0
7,2003,0.13,0.12,0
7,2003,0.13,0.12,0
7,2003,0.13,0.12,0
7,2003,0.13,0.12,0
7,2003,0.13,0.12,0
7,2003,0.13,0.12,0
7,2003,0.13,0.12,0
7,2003,0.13,0.12,0
7,2003,0.13,0.12,0
7,2003,0.13,0.12,0
7,2003,0.13,0.12,0
7,2003,0.13,0.12,0
7,2003,0.13,0.12,0
7,2003,0.13,0.12,0
7,2003,0.13,0.12,0
7,2003,0.13,0.12,0
8,2003,-0.07,0.12,0
8,2003,-0.07,0.12,0
8,2003,-0.07,0.12,0
8,2003,-0.07,0.12,0
8,2003,-0.07,0.12,0
8,2003,-0.07,0.12,0
8,2003,-0.07,0.12,0
8,2003,-0.07,0.12,0
8,2003,-0.07,0.12,0
8,2003,-0.07,0.12,0
8,2003,-0.07,0.12,0
8,2003,-0.07,0.12,0
8,2003,-0.07,0.12,0
8,2003,-0.07,0.12,0
8,2003,-0.07,0.12,0
8,2003,-0.07,0.12,0
8,2003,-0.07,0.12,0
8,2003,-0.07,0.12,0
8,2003,-0.07,0.12,0
8,2003,-0.07,0.12,0
8,2003,-0.07,0.12,0
8,2003,-0.07,0.12,0
8,2003,-0.07,0.12,0
8,2003,-0.07,0.12,0
8,2003,-0.07,0.12,0
8,2003,-0.07,0.12,0
8,2003,-0.07,0.12,0
8,2003,-0.07,0.12,0
8,2003,-0.07,0.12,0
8,2003,-0.07,0.12,0
8,2003,-0.07,0.12,0
9,2003,0.01,0.12,0
9,2003,0.01,0.12,0
9,2003,0.01,0.12,0
9,2003,0.01,0.12,0
9,2003,0.01,0.12,0
9,2003,0.01,0.12,0
9,2003,0.01,0.12,0
9,2003,0.01,0.12,0
9,2003,0.01,0.12,0
9,2003,0.01,0.12,0
9,2003,0.01,0.12,0
9,2003,0.01,0.12,0
9,2003,0.01,0.12,0
9,2003,0.01,0.12,0
9,2003,0.01,0.12,0
9,2003,0.01,0.12,0
9,2003,0.01,0.12,0
9,2003,0.01,0.12,0
9,2003,0.01,0.12,0
9,2003,0.01,0.12,0
9,2003,0.01,0.12,0
9,2003,0.01,0.12,0
9,2003,0.01,0.12,0
9,2003,0.01,0.12,0
9,2003,0.01,0.12,0
9,2003,0.01,0.12,0
9,2003,0.01,0.12,0
9,2003,0.01,0.12,0
9,2003,0.01,0.12,0
9,2003,0.01,0.12,0
10,2003,-1.26,0.12,0
10,2003,-1.26,0.12,0
10,2003,-1.26,0.12,0
10,2003,-1.26,0.12,0
10,2003,-1.26,0.12,0
10,2003,-1.26,0.12,0
10,2003,-1.26,0.12,0
10,2003,-1.26,0.12,0
10,2003,-1.26,0.12,0
10,2003,-1.26,0.12,0
10,2003,-1.26,0.12,0
10,2003,-1.26,0.12,0
10,2003,-1.26,0.12,0
10,2003,-1.26,0.12,0
10,2003,-1.26,0.12,0
10,2003,-1.26,0.12,0
10,2003,-1.26,0.12,0
10,2003,-1.26,0.12,0
10,2003,-1.26,0.12,0
10,2003,-1.26,0.12,0
10,2003,-1.26,0.12,0
10,2003,-1.26,0.12,0
10,2003,-1.26,0.12,0
10,2003,-1.26,0.12,0
10,2003,-1.26,0.12,0
10,2003,-1.26,0.12,0
10,2003,-1.26,0.12,0
10,2003,-1.26,0.12,0
10,2003,-1.26,0.12,0
10,2003,-1.26,0.12,0
11,2003,0.86,0.12,0
11,2003,0.86,0.12,0
11,2003,0.86,0.12,0
11,2003,0.86,0.12,0
11,2003,0.86,0.12,0
11,2003,0.86,0.12,0
11,2003,0.86,0.12,0
11,2003,0.86,0.12,0
11,2003,0.86,0.12,0
11,2003,0.86,0.12,0
11,2003,0.86,0.12,0
11,2003,0.86,0.12,0
11,2003,0.86,0.12,0
11,2003,0.86,0.12,0
11,2003,0.86,0.12,0
11,2003,0.86,0.12,0
11,2003,0.86,0.12,0
11,2003,0.86,0.12,0
11,2003,0.86,0.12,0
11,2003,0.86,0.12,0
11,2003,0.86,0.12,0
11,2003,0.86,0.12,0
11,2003,0.86,0.12,0
11,2003,0.86,0.12,0
11,2003,0.86,0.12,0
11,2003,0.86,0.12,0
11,2003,0.86,0.12,0
11,2003,0.86,0.12,0
11,2003,0.86,0.12,0
11,2003,0.86,0.12,0
12,2003,0.64,0.12,0
12,2003,0.64,0.12,0
12,2003,0.64,0.12,0
12,2003,0.64,0.12,0
12,2003,0.64,0.12,0
12,2003,0.64,0.12,0
12,2003,0.64,0.12,0
12,2003,0.64,0.12,0
12,2003,0.64,0.12,0
12,2003,0.64,0.12,0
12,2003,0.64,0.12,0
12,2003,0.64,0.12,0
12,2003,0.64,0.12,0
12,2003,0.64,0.12,0
12,2003,0.64,0.12,0
12,2003,0.64,0.12,0
12,2003,0.64,0.12,0
12,2003,0.64,0.12,0
12,2003,0.64,0.12,0
12,2003,0.64,0.12,0
12,2003,0.64,0.12,0
12,2003,0.64,0.12,0
12,2003,0.64,0.12,0
12,2003,0.64,0.12,0
12,2003,0.64,0.12,0
12,2003,0.64,0.12,0
12,2003,0.64,0.12,0
12,2003,0.64,0.12,0
12,2003,0.64,0.12,0
12,2003,0.64,0.12,0
12,2003,0.64,0.12,0
1,2004,-0.29,0.12,0
1,2004,-0.29,0.12,0
1,2004,-0.29,0.12,0
1,2004,-0.29,0.12,0
1,2004,-0.29,0.12,0
1,2004,-0.29,0.12,0
1,2004,-0.29,0.12,0
1,2004,-0.29,0.12,0
1,2004,-0.29,0.12,0
1,2004,-0.29,0.12,0
1,2004,-0.29,0.12,0
1,2004,-0.29,0.12,0
1,2004,-0.29,0.12,0
1,2004,-0.29,0.12,0
1,2004,-0.29,0.12,0
1,2004,-0.29,0.12,0
1,2004,-0.29,0.12,0
1,2004,-0.29,0.12,0
1,2004,-0.29,0.12,0
1,2004,-0.29,0.12,0
1,2004,-0.29,0.12,0
1,2004,-0.29,0.12,0
1,2004,-0.29,0.12,0
1,2004,-0.29,0.12,0
1,2004,-0.29,0.12,0
1,2004,-0.29,0.12,0
1,2004,-0.29,0.12,0
1,2004,-0.29,0.12,0
1,2004,-0.29,0.12,0
1,2004,-0.29,0.12,0
1,2004,-0.29,0.12,0
2,2004,-0.14,0.12,0
2,2004,-0.14,0.12,0
2,2004,-0.14,0.12,0
2,2004,-0.14,0.12,0
2,2004,-0.14,0.12,0
2,2004,-0.14,0.12,0
2,2004,-0.14,0.12,0
2,2004,-0.14,0.12,0
2,2004,-0.14,0.12,0
2,2004,-0.14,0.12,0
2,2004,-0.14,0.12,0
2,2004,-0.14,0.12,0
2,2004,-0.14,0.12,0
2,2004,-0.14,0.12,0
2,2004,-0.14,0.12,0
2,2004,-0.14,0.12,0
2,2004,-0.14,0.12,0
2,2004,-0.14,0.12,0
2,2004,-0.14,0.12,0
2,2004,-0.14,0.12,0
2,2004,-0.14,0.12,0
2,2004,-0.14,0.12,0
2,2004,-0.14,0.12,0
2,2004,-0.14,0.12,0
2,2004,-0.14,0.12,0
2,2004,-0.14,0.12,0
2,2004,-0.14,0.12,0
2,2004,-0.14,0.12,0
2,2004,-0.14,0.12,0
3,2004,1.02,0.11,0
3,2004,1.02,0.11,0
3,2004,1.02,0.11,0
3,2004,1.02,0.11,0
3,2004,1.02,0.11,0
3,2004,1.02,0.11,0
3,2004,1.02,0.11,0
3,2004,1.02,0.11,0
3,2004,1.02,0.11,0
3,2004,1.02,0.11,0
3,2004,1.02,0.11,0
3,2004,1.02,0.11,0
3,2004,1.02,0.11,0
3,2004,1.02,0.11,0
3,2004,1.02,0.11,0
3,2004,1.02,0.11,0
3,2004,1.02,0.11,0
3,2004,1.02,0.11,0
3,2004,1.02,0.11,0
3,2004,1.02,0.11,0
3,2004,1.02,0.11,0
3,2004,1.02,0.11,0
3,2004,1.02,0.11,0
3,2004,1.02,0.11,0
3,2004,1.02,0.11,0
3,2004,1.02,0.11,0
3,2004,1.02,0.11,0
3,2004,1.02,0.11,0
3,2004,1.02,0.11,0
3,2004,1.02,0.11,0
3,2004,1.02,0.11,0
4,2004,1.15,0.11,0
4,2004,1.15,0.11,0
4,2004,1.15,0.11,0
4,2004,1.15,0.11,0
4,2004,1.15,0.11,0
4,2004,1.15,0.11,0
4,2004,1.15,0.11,0
4,2004,1.15,0.11,0
4,2004,1.15,0.11,0
4,2004,1.15,0.11,0
4,2004,1.15,0.11,0
4,2004,1.15,0.11,0
4,2004,1.15,0.11,0
4,2004,1.15,0.11,0
4,2004,1.15,0.11,0
4,2004,1.15,0.11,0
4,2004,1.15,0.11,0
4,2004,1.15,0.11,0
4,2004,1.15,0.11,0
4,2004,1.15,0.11,0
4,2004,1.15,0.11,0
4,2004,1.15,0.11,0
4,2004,1.15,0.11,0
4,2004,1.15,0.11,0
4,2004,1.15,0.11,0
4,2004,1.15,0.11,0
4,2004,1.15,0.11,0
4,2004,1.15,0.11,0
4,2004,1.15,0.11,0
4,2004,1.15,0.11,0
5,2004,0.19,0.11,0
5,2004,0.19,0.11,0
5,2004,0.19,0.11,0
5,2004,0.19,0.11,0
5,2004,0.19,0.11,0
5,2004,0.19,0.11,0
5,2004,0.19,0.11,0
5,2004,0.19,0.11,0
5,2004,0.19,0.11,0
5,2004,0.19,0.11,0
5,2004,0.19,0.11,0
5,2004,0.19,0.11,0
5,2004,0.19,0.11,0
5,2004,0.19,0.11,0
5,2004,0.19,0.11,0
5,2004,0.19,0.11,0
5,2004,0.19,0.11,0
5,2004,0.19,0.11,0
5,2004,0.19,0.11,0
5,2004,0.19,0.11,0
5,2004,0.19,0.11,0
5,2004,0.19,0.11,0
5,2004,0.19,0.11,0
5,2004,0.19,0.11,0
5,2004,0.19,0.11,0
5,2004,0.19,0.11,0
5,2004,0.19,0.11,0
5,2004,0.19,0.11,0
5,2004,0.19,0.11,0
5,2004,0.19,0.11,0
5,2004,0.19,0.11,0
6,2004,-0.89,0.11,0
6,2004,-0.89,0.11,0
6,2004,-0.89,0.11,0
6,2004,-0.89,0.11,0
6,2004,-0.89,0.11,0
6,2004,-0.89,0.11,0
6,2004,-0.89,0.11,0
6,2004,-0.89,0.11,0
6,2004,-0.89,0.11,0
6,2004,-0.89,0.11,0
6,2004,-0.89,0.11,0
6,2004,-0.89,0.11,0
6,2004,-0.89,0.11,0
6,2004,-0.89,0.11,0
6,2004,-0.89,0.11,0
6,2004,-0.89,0.11,0
6,2004,-0.89,0.11,0
6,2004,-0.89,0.11,0
6,2004,-0.89,0.11,0
6,2004,-0.89,0.11,0
6,2004,-0.89,0.11,0
6,2004,-0.89,0.11,0
6,2004,-0.89,0.11,0
6,2004,-0.89,0.11,0
6,2004,-0.89,0.11,0
6,2004,-0.89,0.11,0
6,2004,-0.89,0.11,0
6,2004,-0.89,0.11,0
6,2004,-0.89,0.11,0
6,2004,-0.89,0.11,0
7,2004,1.13,0.11,0
7,2004,1.13,0.11,0
7,2004,1.13,0.11,0
7,2004,1.13,0.11,0
7,2004,1.13,0.11,0
7,2004,1.13,0.11,0
7,2004,1.13,0.11,0
7,2004,1.13,0.11,0
7,2004,1.13,0.11,0
7,2004,1.13,0.11,0
7,2004,1.13,0.11,0
7,2004,1.13,0.11,0
7,2004,1.13,0.11,0
7,2004,1.13,0.11,0
7,2004,1.13,0.11,0
7,2004,1.13,0.11,0
7,2004,1.13,0.11,0
7,2004,1.13,0.11,0
7,2004,1.13,0.11,0
7,2004,1.13,0.11,0
7,2004,1.13,0.11,0
7,2004,1.13,0.11,0
7,2004,1.13,0.11,0
7,2004,1.13,0.11,0
7,2004,1.13,0.11,0
7,2004,1.13,0.11,0
7,2004,1.13,0.11,0
7,2004,1.13,0.11,0
7,2004,1.13,0.11,0
7,2004,1.13,0.11,0
8,2004,-0.48,0.1,0
8,2004,-0.48,0.1,0
8,2004,-0.48,0.1,0
8,2004,-0.48,0.1,0
8,2004,-0.48,0.1,0
8,2004,-0.48,0.1,0
8,2004,-0.48,0.1,0
8,2004,-0.48,0.1,0
8,2004,-0.48,0.1,0
8,2004,-0.48,0.1,0
8,2004,-0.48,0.1,0
8,2004,-0.48,0.1,0
8,2004,-0.48,0.1,0
8,2004,-0.48,0.1,0
8,2004,-0.48,0.1,0
8,2004,-0.48,0.1,0
8,2004,-0.48,0.1,0
8,2004,-0.48,0.1,0
8,2004,-0.48,0.1,0
8,2004,-0.48,0.1,0
8,2004,-0.48,0.1,0
8,2004,-0.48,0.1,0
8,2004,-0.48,0.1,0
8,2004,-0.48,0.1,0
8,2004,-0.48,0.1,0
8,2004,-0.48,0.1,0
9,2004,0.38,0.1,0
9,2004,0.38,0.1,0
9,2004,0.38,0.1,0
9,2004,0.38,0.1,0
9,2004,0.38,0.1,0
9,2004,0.38,0.1,0
9,2004,0.38,0.1,0
9,2004,0.38,0.1,0
9,2004,0.38,0.1,0
9,2004,0.38,0.1,0
9,2004,0.38,0.1,0
9,2004,0.38,0.1,0
9,2004,0.38,0.1,0
9,2004,0.38,0.1,0
9,2004,0.38,0.1,0
9,2004,0.38,0.1,0
9,2004,0.38,0.1,0
9,2004,0.38,0.1,0
9,2004,0.38,0.1,0
9,2004,0.38,0.1,0
9,2004,0.38,0.1,0
9,2004,0.38,0.1,0
9,2004,0.38,0.1,0
9,2004,0.38,0.1,0
9,2004,0.38,0.1,0
9,2004,0.38,0.1,0
9,2004,0.38,0.1,0
9,2004,0.38,0.1,0
9,2004,0.38,0.1,0
9,2004,0.38,0.1,0
10,2004,-1.1,0.1,0
10,2004,-1.1,0.1,0
10,2004,-1.1,0.1,0
10,2004,-1.1,0.1,0
10,2004,-1.1,0.1,0
10,2004,-1.1,0.1,0
10,2004,-1.1,0.1,0
10,2004,-1.1,0.1,0
10,2004,-1.1,0.1,0
10,2004,-1.1,0.1,0
10,2004,-1.1,0.1,0
10,2004,-1.1,0.1,0
10,2004,-1.1,0.1,0
10,2004,-1.1,0.1,0
10,2004,-1.1,0.1,0
10,2004,-1.1,0.1,0
10,2004,-1.1,0.1,0
10,2004,-1.1,0.1,0
10,2004,-1.1,0.1,0
10,2004,-1.1,0.1,0
10,2004,-1.1,0.1,0
10,2004,-1.1,0.1,0
10,2004,-1.1,0.1,0
10,2004,-1.1,0.1,0
10,2004,-1.1,0.1,0
10,2004,-1.1,0.1,0
11,2004,0.73,0.1,0
11,2004,0.73,0.1,0
11,2004,0.73,0.1,0
11,2004,0.73,0.1,0
11,2004,0.73,0.1,0
11,2004,0.73,0.1,0
11,2004,0.73,0.1,0
11,2004,0.73,0.1,0
11,2004,0.73,0.1,0
11,2004,0.73,0.1,0
11,2004,0.73,0.1,0
11,2004,0.73,0.1,0
11,2004,0.73,0.1,0
11,2004,0.73,0.1,0
11,2004,0.73,0.1,0
11,2004,0.73,0.1,0
11,2004,0.73,0.1,0
11,2004,0.73,0.1,0
11,2004,0.73,0.1,0
11,2004,0.73,0.1,0
11,2004,0.73,0.1,0
11,2004,0.73,0.1,0
11,2004,0.73,0.1,0
11,2004,0.73,0.1,0
11,2004,0.73,0.1,0
11,2004,0.73,0.1,0
11,2004,0.73,0.1,0
11,2004,0.73,0.1,0
11,2004,0.73,0.1,0
11,2004,0.73,0.1,0
12,2004,1.21,0.1,0
12,2004,1.21,0.1,0
12,2004,1.21,0.1,0
12,2004,1.21,0.1,0
12,2004,1.21,0.1,0
12,2004,1.21,0.1,0
12,2004,1.21,0.1,0
12,2004,1.21,0.1,0
12,2004,1.21,0.1,0
12,2004,1.21,0.1,0
12,2004,1.21,0.1,0
12,2004,1.21,0.1,0
12,2004,1.21,0.1,0
12,2004,1.21,0.1,0
12,2004,1.21,0.1,0
12,2004,1.21,0.1,0
12,2004,1.21,0.1,0
12,2004,1.21,0.1,0
12,2004,1.21,0.1,0
12,2004,1.21,0.1,0
12,2004,1.21,0.1,0
12,2004,1.21,0.1,0
12,2004,1.21,0.1,0
12,2004,1.21,0.1,0
12,2004,1.21,0.1,0
12,2004,1.21,0.1,0
12,2004,1.21,0.1,0
12,2004,1.21,0.1,0
12,2004,1.21,0.1,0
12,2004,1.21,0.1,0
12,2004,1.21,0.1,0
1,2005,1.52,0.1,0
1,2005,1.52,0.1,0
1,2005,1.52,0.1,0
1,2005,1.52,0.1,0
1,2005,1.52,0.1,0
1,2005,1.52,0.1,0
1,2005,1.52,0.1,0
1,2005,1.52,0.1,0
1,2005,1.52,0.1,0
1,2005,1.52,0.1,0
1,2005,1.52,0.1,0
1,2005,1.52,0.1,0
1,2005,1.52,0.1,0
1,2005,1.52,0.1,0
1,2005,1.52,0.1,0
1,2005,1.52,0.1,0
1,2005,1.52,0.1,0
1,2005,1.52,0.1,0
1,2005,1.52,0.1,0
1,2005,1.52,0.1,0
1,2005,1.52,0.1,0
1,2005,1.52,0.1,0
1,2005,1.52,0.1,0
1,2005,1.52,0.1,0
1,2005,1.52,0.1,0
1,2005,1.52,0.1,0
1,2005,1.52,0.1,0
1,2005,1.52,0.1,0
1,2005,1.52,0.1,0
1,2005,1.52,0.1,0
1,2005,1.52,0.1,0
2,2005,-0.06,0.1,0
2,2005,-0.06,0.1,0
2,2005,-0.06,0.1,0
2,2005,-0.06,0.1,0
2,2005,-0.06,0.1,0
2,2005,-0.06,0.1,0
2,2005,-0.06,0.1,0
2,2005,-0.06,0.1,0
2,2005,-0.06,0.1,0
2,2005,-0.06,0.1,0
2,2005,-0.06,0.1,0
2,2005,-0.06,0.1,0
2,2005,-0.06,0.1,0
2,2005,-0.06,0.1,0
2,2005,-0.06,0.1,0
2,2005,-0.06,0.1,0
2,2005,-0.06,0.1,0
2,2005,-0.06,0.1,0
2,2005,-0.06,0.1,0
2,2005,-0.06,0.1,0
2,2005,-0.06,0.1,0
2,2005,-0.06,0.1,0
2,2005,-0.06,0.1,0
2,2005,-0.06,0.1,0
2,2005,-0.06,0.1,0
2,2005,-0.06,0.1,0
2,2005,-0.06,0.1,0
2,2005,-0.06,0.1,0
3,2005,-1.83,0.1,0
3,2005,-1.83,0.1,0
3,2005,-1.83,0.1,0
3,2005,-1.83,0.1,0
3,2005,-1.83,0.1,0
3,2005,-1.83,0.1,0
3,2005,-1.83,0.1,0
3,2005,-1.83,0.1,0
3,2005,-1.83,0.1,0
3,2005,-1.83,0.1,0
3,2005,-1.83,0.1,0
3,2005,-1.83,0.1,0
3,2005,-1.83,0.1,0
3,2005,-1.83,0.1,0
3,2005,-1.83,0.1,0
3,2005,-1.83,0.1,0
3,2005,-1.83,0.1,0
3,2005,-1.83,0.1,0
3,2005,-1.83,0.1,0
3,2005,-1.83,0.1,0
3,2005,-1.83,0.1,0
3,2005,-1.83,0.1,0
3,2005,-1.83,0.1,0
3,2005,-1.83,0.1,0
3,2005,-1.83,0.1,0
3,2005,-1.83,0.1,0
3,2005,-1.83,0.1,0
3,2005,-1.83,0.1,0
3,2005,-1.83,0.1,0
3,2005,-1.83,0.1,0
3,2005,-1.83,0.1,0
4,2005,-0.3,0.1,0
4,2005,-0.3,0.1,0
4,2005,-0.3,0.1,0
4,2005,-0.3,0.1,0
4,2005,-0.3,0.1,0
4,2005,-0.3,0.1,0
4,2005,-0.3,0.1,0
4,2005,-0.3,0.1,0
4,2005,-0.3,0.1,0
4,2005,-0.3,0.1,0
4,2005,-0.3,0.1,0
4,2005,-0.3,0.1,0
4,2005,-0.3,0.1,0
4,2005,-0.3,0.1,0
4,2005,-0.3,0.1,0
4,2005,-0.3,0.1,0
4,2005,-0.3,0.1,0
4,2005,-0.3,0.1,0
4,2005,-0.3,0.1,0
4,2005,-0.3,0.1,0
4,2005,-0.3,0.1,0
4,2005,-0.3,0.1,0
4,2005,-0.3,0.1,0
4,2005,-0.3,0.1,0
4,2005,-0.3,0.1,0
4,2005,-0.3,0.1,0
4,2005,-0.3,0.1,0
4,2005,-0.3,0.1,0
4,2005,-0.3,0.1,0
4,2005,-0.3,0.1,0
5,2005,-1.25,0.1,0
5,2005,-1.25,0.1,0
5,2005,-1.25,0.1,0
5,2005,-1.25,0.1,0
5,2005,-1.25,0.1,0
5,2005,-1.25,0.1,0
5,2005,-1.25,0.1,0
5,2005,-1.25,0.1,0
5,2005,-1.25,0.1,0
5,2005,-1.25,0.1,0
5,2005,-1.25,0.1,0
5,2005,-1.25,0.1,0
5,2005,-1.25,0.1,0
5,2005,-1.25,0.1,0
5,2005,-1.25,0.1,0
5,2005,-1.25,0.1,0
5,2005,-1.25,0.1,0
5,2005,-1.25,0.1,0
5,2005,-1.25,0.1,0
5,2005,-1.25,0.1,0
5,2005,-1.25,0.1,0
5,2005,-1.25,0.1,0
5,2005,-1.25,0.1,0
5,2005,-1.25,0.1,0
5,2005,-1.25,0.1,0
5,2005,-1.25,0.1,0
5,2005,-1.25,0.1,0
5,2005,-1.25,0.1,0
5,2005,-1.25,0.1,0
5,2005,-1.25,0.1,0
5,2005,-1.25,0.1,0
6,2005,-0.05,0.1,0
6,2005,-0.05,0.1,0
6,2005,-0.05,0.1,0
6,2005,-0.05,0.1,0
6,2005,-0.05,0.1,0
6,2005,-0.05,0.1,0
6,2005,-0.05,0.1,0
6,2005,-0.05,0.1,0
6,2005,-0.05,0.1,0
6,2005,-0.05,0.1,0
6,2005,-0.05,0.1,0
6,2005,-0.05,0.1,0
6,2005,-0.05,0.1,0
6,2005,-0.05,0.1,0
6,2005,-0.05,0.1,0
6,2005,-0.05,0.1,0
6,2005,-0.05,0.1,0
6,2005,-0.05,0.1,0
6,2005,-0.05,0.1,0
6,2005,-0.05,0.1,0
6,2005,-0.05,0.1,0
6,2005,-0.05,0.1,0
6,2005,-0.05,0.1,0
6,2005,-0.05,0.1,0
6,2005,-0.05,0.1,0
6,2005,-0.05,0.1,0
6,2005,-0.05,0.1,0
6,2005,-0.05,0.1,0
6,2005,-0.05,0.1,0
7,2005,-0.51,0.11,0
7,2005,-0.51,0.11,0
7,2005,-0.51,0.11,0
7,2005,-0.51,0.11,0
7,2005,-0.51,0.11,0
7,2005,-0.51,0.11,0
7,2005,-0.51,0.11,0
7,2005,-0.51,0.11,0
7,2005,-0.51,0.11,0
7,2005,-0.51,0.11,0
7,2005,-0.51,0.11,0
7,2005,-0.51,0.11,0
7,2005,-0.51,0.11,0
7,2005,-0.51,0.11,0
7,2005,-0.51,0.11,0
7,2005,-0.51,0.11,0
7,2005,-0.51,0.11,0
7,2005,-0.51,0.11,0
7,2005,-0.51,0.11,0
7,2005,-0.51,0.11,0
7,2005,-0.51,0.11,0
7,2005,-0.51,0.11,0
7,2005,-0.51,0.11,0
7,2005,-0.51,0.11,0
7,2005,-0.51,0.11,0
7,2005,-0.51,0.11,0
7,2005,-0.51,0.11,0
7,2005,-0.51,0.11,0
7,2005,-0.51,0.11,0
7,2005,-0.51,0.11,0
8,2005,0.37,0.11,0
8,2005,0.37,0.11,0
8,2005,0.37,0.11,0
8,2005,0.37,0.11,0
8,2005,0.37,0.11,0
8,2005,0.37,0.11,0
8,2005,0.37,0.11,0
8,2005,0.37,0.11,0
8,2005,0.37,0.11,0
8,2005,0.37,0.11,0
8,2005,0.37,0.11,0
8,2005,0.37,0.11,0
8,2005,0.37,0.11,0
8,2005,0.37,0.11,0
8,2005,0.37,0.11,0
8,2005,0.37,0.11,0
8,2005,0.37,0.11,0
8,2005,0.37,0.11,0
8,2005,0.37,0.11,0
8,2005,0.37,0.11,0
8,2005,0.37,0.11,0
8,2005,0.37,0.11,0
8,2005,0.37,0.11,0
8,2005,0.37,0.11,0
8,2005,0.37,0.11,0
8,2005,0.37,0.11,0
8,2005,0.37,0.11,0
8,2005,0.37,0.11,0
8,2005,0.37,0.11,0
8,2005,0.37,0.11,0
8,2005,0.37,0.11,0
9,2005,0.63,0.11,0
9,2005,0.63,0.11,0
9,2005,0.63,0.11,0
9,2005,0.63,0.11,0
9,2005,0.63,0.11,0
9,2005,0.63,0.11,0
9,2005,0.63,0.11,0
9,2005,0.63,0.11,0
9,2005,0.63,0.11,0
9,2005,0.63,0.11,0
9,2005,0.63,0.11,0
9,2005,0.63,0.11,0
9,2005,0.63,0.11,0
9,2005,0.63,0.11,0
9,2005,0.63,0.11,0
9,2005,0.63,0.11,0
9,2005,0.63,0.11,0
9,2005,0.63,0.11,0
9,2005,0.63,0.11,0
9,2005,0.63,0.11,0
9,2005,0.63,0.11,0
9,2005,0.63,0.11,0
9,2005,0.63,0.11,0
9,2005,0.63,0.11,0
9,2005,0.63,0.11,0
9,2005,0.63,0.11,0
9,2005,0.63,0.11,0
9,2005,0.63,0.11,0
9,2005,0.63,0.11,0
9,2005,0.63,0.11,0
10,2005,-0.98,0.11,0
10,2005,-0.98,0.11,0
10,2005,-0.98,0.11,0
10,2005,-0.98,0.11,0
10,2005,-0.98,0.11,0
10,2005,-0.98,0.11,0
10,2005,-0.98,0.11,0
10,2005,-0.98,0.11,0
10,2005,-0.98,0.11,0
10,2005,-0.98,0.11,0
10,2005,-0.98,0.11,0
10,2005,-0.98,0.11,0
10,2005,-0.98,0.11,0
10,2005,-0.98,0.11,0
10,2005,-0.98,0.11,0
10,2005,-0.98,0.11,0
10,2005,-0.98,0.11,0
10,2005,-0.98,0.11,0
10,2005,-0.98,0.11,0
10,2005,-0.98,0.11,0
10,2005,-0.98,0.11,0
10,2005,-0.98,0.11,0
10,2005,-0.98,0.11,0
10,2005,-0.98,0.11,0
10,2005,-0.98,0.11,0
10,2005,-0.98,0.11,0
10,2005,-0.98,0.11,0
10,2005,-0.98,0.11,0
11,2005,-0.31,0.12,0
11,2005,-0.31,0.12,0
11,2005,-0.31,0.12,0
11,2005,-0.31,0.12,0
11,2005,-0.31,0.12,0
11,2005,-0.31,0.12,0
11,2005,-0.31,0.12,0
11,2005,-0.31,0.12,0
11,2005,-0.31,0.12,0
11,2005,-0.31,0.12,0
11,2005,-0.31,0.12,0
11,2005,-0.31,0.12,0
11,2005,-0.31,0.12,0
11,2005,-0.31,0.12,0
11,2005,-0.31,0.12,0
11,2005,-0.31,0.12,0
11,2005,-0.31,0.12,0
11,2005,-0.31,0.12,0
11,2005,-0.31,0.12,0
11,2005,-0.31,0.12,0
11,2005,-0.31,0.12,0
11,2005,-0.31,0.12,0
11,2005,-0.31,0.12,0
11,2005,-0.31,0.12,0
11,2005,-0.31,0.12,0
11,2005,-0.31,0.12,0
11,2005,-0.31,0.12,0
11,2005,-0.31,0.12,0
11,2005,-0.31,0.12,0
11,2005,-0.31,0.12,0
12,2005,-0.44,0.12,0
12,2005,-0.44,0.12,0
12,2005,-0.44,0.12,0
12,2005,-0.44,0.12,0
12,2005,-0.44,0.12,0
12,2005,-0.44,0.12,0
12,2005,-0.44,0.12,0
12,2005,-0.44,0.12,0
12,2005,-0.44,0.12,0
12,2005,-0.44,0.12,0
12,2005,-0.44,0.12,0
12,2005,-0.44,0.12,0
12,2005,-0.44,0.12,0
12,2005,-0.44,0.12,0
12,2005,-0.44,0.12,0
12,2005,-0.44,0.12,0
12,2005,-0.44,0.12,0
12,2005,-0.44,0.12,0
12,2005,-0.44,0.12,0
12,2005,-0.44,0.12,0
12,2005,-0.44,0.12,0
12,2005,-0.44,0.12,0
12,2005,-0.44,0.12,0
12,2005,-0.44,0.12,0
12,2005,-0.44,0.12,0
12,2005,-0.44,0.12,0
12,2005,-0.44,0.12,0
12,2005,-0.44,0.12,0
12,2005,-0.44,0.12,0
12,2005,-0.44,0.12,0
12,2005,-0.44,0.12,0
1,2006,1.27,0.12,0
1,2006,1.27,0.12,0
1,2006,1.27,0.12,0
1,2006,1.27,0.12,0
1,2006,1.27,0.12,0
1,2006,1.27,0.12,0
1,2006,1.27,0.12,0
1,2006,1.27,0.12,0
1,2006,1.27,0.12,0
1,2006,1.27,0.12,0
1,2006,1.27,0.12,0
1,2006,1.27,0.12,0
1,2006,1.27,0.12,0
1,2006,1.27,0.12,0
1,2006,1.27,0.12,0
1,2006,1.27,0.12,0
1,2006,1.27,0.12,0
1,2006,1.27,0.12,0
1,2006,1.27,0.12,0
1,2006,1.27,0.12,0
1,2006,1.27,0.12,0
1,2006,1.27,0.12,0
1,2006,1.27,0.12,0
1,2006,1.27,0.12,0
1,2006,1.27,0.12,0
1,2006,1.27,0.12,0
1,2006,1.27,0.12,0
1,2006,1.27,0.12,0
1,2006,1.27,0.12,0
1,2006,1.27,0.12,0
1,2006,1.27,0.12,0
2,2006,-0.51,0.13,0
2,2006,-0.51,0.13,0
2,2006,-0.51,0.13,0
2,2006,-0.51,0.13,0
2,2006,-0.51,0.13,0
2,2006,-0.51,0.13,0
2,2006,-0.51,0.13,0
2,2006,-0.51,0.13,0
2,2006,-0.51,0.13,0
2,2006,-0.51,0.13,0
2,2006,-0.51,0.13,0
2,2006,-0.51,0.13,0
2,2006,-0.51,0.13,0
2,2006,-0.51,0.13,0
2,2006,-0.51,0.13,0
2,2006,-0.51,0.13,0
2,2006,-0.51,0.13,0
2,2006,-0.51,0.13,0
2,2006,-0.51,0.13,0
2,2006,-0.51,0.13,0
2,2006,-0.51,0.13,0
2,2006,-0.51,0.13,0
2,2006,-0.51,0.13,0
2,2006,-0.51,0.13,0
2,2006,-0.51,0.13,0
2,2006,-0.51,0.13,0
2,2006,-0.51,0.13,0
2,2006,-0.51,0.13,0
3,2006,-1.28,0.13,0
3,2006,-1.28,0.13,0
3,2006,-1.28,0.13,0
3,2006,-1.28,0.13,0
3,2006,-1.28,0.13,0
3,2006,-1.28,0.13,0
3,2006,-1.28,0.13,0
3,2006,-1.28,0.13,0
3,2006,-1.28,0.13,0
3,2006,-1.28,0.13,0
3,2006,-1.28,0.13,0
3,2006,-1.28,0.13,0
3,2006,-1.28,0.13,0
3,2006,-1.28,0.13,0
3,2006,-1.28,0.13,0
3,2006,-1.28,0.13,0
3,2006,-1.28,0.13,0
3,2006,-1.28,0.13,0
3,2006,-1.28,0.13,0
3,2006,-1.28,0.13,0
3,2006,-1.28,0.13,0
3,2006,-1.28,0.13,0
3,2006,-1.28,0.13,0
3,2006,-1.28,0.13,0
3,2006,-1.28,0.13,0
3,2006,-1.28,0.13,0
3,2006,-1.28,0.13,0
3,2006,-1.28,0.13,0
3,2006,-1.28,0.13,0
3,2006,-1.28,0.13,0
3,2006,-1.28,0.13,0
4,2006,1.24,0.13,0
4,2006,1.24,0.13,0
4,2006,1.24,0.13,0
4,2006,1.24,0.13,0
4,2006,1.24,0.13,0
4,2006,1.24,0.13,0
4,2006,1.24,0.13,0
4,2006,1.24,0.13,0
4,2006,1.24,0.13,0
4,2006,1.24,0.13,0
4,2006,1.24,0.13,0
4,2006,1.24,0.13,0
4,2006,1.24,0.13,0
4,2006,1.24,0.13,0
4,2006,1.24,0.13,0
4,2006,1.24,0.13,0
4,2006,1.24,0.13,0
4,2006,1.24,0.13,0
4,2006,1.24,0.13,0
4,2006,1.24,0.13,0
4,2006,1.24,0.13,0
4,2006,1.24,0.13,0
4,2006,1.24,0.13,0
4,2006,1.24,0.13,0
4,2006,1.24,0.13,0
4,2006,1.24,0.13,0
4,2006,1.24,0.13,0
4,2006,1.24,0.13,0
4,2006,1.24,0.13,0
4,2006,1.24,0.13,0
5,2006,-1.14,0.13,0
5,2006,-1.14,0.13,0
5,2006,-1.14,0.13,0
5,2006,-1.14,0.13,0
5,2006,-1.14,0.13,0
5,2006,-1.14,0.13,0
5,2006,-1.14,0.13,0
5,2006,-1.14,0.13,0
5,2006,-1.14,0.13,0
5,2006,-1.14,0.13,0
5,2006,-1.14,0.13,0
5,2006,-1.14,0.13,0
5,2006,-1.14,0.13,0
5,2006,-1.14,0.13,0
5,2006,-1.14,0.13,0
5,2006,-1.14,0.13,0
5,2006,-1.14,0.13,0
5,2006,-1.14,0.13,0
5,2006,-1.14,0.13,0
5,2006,-1.14,0.13,0
5,2006,-1.14,0.13,0
5,2006,-1.14,0.13,0
5,2006,-1.14,0.13,0
5,2006,-1.14,0.13,0
5,2006,-1.14,0.13,0
5,2006,-1.14,0.13,0
5,2006,-1.14,0.13,0
5,2006,-1.14,0.13,0
5,2006,-1.14,0.13,0
5,2006,-1.14,0.13,0
6,2006,0.84,0.13,0
6,2006,0.84,0.13,0
6,2006,0.84,0.13,0
6,2006,0.84,0.13,0
6,2006,0.84,0.13,0
6,2006,0.84,0.13,0
6,2006,0.84,0.13,0
6,2006,0.84,0.13,0
6,2006,0.84,0.13,0
6,2006,0.84,0.13,0
6,2006,0.84,0.13,0
6,2006,0.84,0.13,0
6,2006,0.84,0.13,0
6,2006,0.84,0.13,0
6,2006,0.84,0.13,0
6,2006,0.84,0.13,0
6,2006,0.84,0.13,0
6,2006,0.84,0.13,0
6,2006,0.84,0.13,0
6,2006,0.84,0.13,0
6,2006,0.84,0.13,0
6,2006,0.84,0.13,0
6,2006,0.84,0.13,0
6,2006,0.84,0.13,0
6,2006,0.84,0.13,0
6,2006,0.84,0.13,0
6,2006,0.84,0.13,0
6,2006,0.84,0.13,0
7,2006,0.9,0.13,0
7,2006,0.9,0.13,0
7,2006,0.9,0.13,0
7,2006,0.9,0.13,0
7,2006,0.9,0.13,0
7,2006,0.9,0.13,0
7,2006,0.9,0.13,0
7,2006,0.9,0.13,0
7,2006,0.9,0.13,0
7,2006,0.9,0.13,0
7,2006,0.9,0.13,0
7,2006,0.9,0.13,0
7,2006,0.9,0.13,0
7,2006,0.9,0.13,0
7,2006,0.9,0.13,0
7,2006,0.9,0.13,0
7,2006,0.9,0.13,0
7,2006,0.9,0.13,0
7,2006,0.9,0.13,0
7,2006,0.9,0.13,0
7,2006,0.9,0.13,0
7,2006,0.9,0.13,0
7,2006,0.9,0.13,0
7,2006,0.9,0.13,0
7,2006,0.9,0.13,0
7,2006,0.9,0.13,0
7,2006,0.9,0.13,0
7,2006,0.9,0.13,0
7,2006,0.9,0.13,0
8,2006,-1.73,0.13,0
8,2006,-1.73,0.13,0
8,2006,-1.73,0.13,0
8,2006,-1.73,0.13,0
8,2006,-1.73,0.13,0
8,2006,-1.73,0.13,0
8,2006,-1.73,0.13,0
8,2006,-1.73,0.13,0
8,2006,-1.73,0.13,0
8,2006,-1.73,0.13,0
8,2006,-1.73,0.13,0
8,2006,-1.73,0.13,0
8,2006,-1.73,0.13,0
8,2006,-1.73,0.13,0
8,2006,-1.73,0.13,0
8,2006,-1.73,0.13,0
8,2006,-1.73,0.13,0
8,2006,-1.73,0.13,0
8,2006,-1.73,0.13,0
8,2006,-1.73,0.13,0
8,2006,-1.73,0.13,0
8,2006,-1.73,0.13,0
8,2006,-1.73,0.13,0
8,2006,-1.73,0.13,0
8,2006,-1.73,0.13,0
8,2006,-1.73,0.13,0
8,2006,-1.73,0.13,0
8,2006,-1.73,0.13,0
8,2006,-1.73,0.13,0
9,2006,-1.62,0.13,0
9,2006,-1.62,0.13,0
9,2006,-1.62,0.13,0
9,2006,-1.62,0.13,0
9,2006,-1.62,0.13,0
9,2006,-1.62,0.13,0
9,2006,-1.62,0.13,0
9,2006,-1.62,0.13,0
9,2006,-1.62,0.13,0
9,2006,-1.62,0.13,0
9,2006,-1.62,0.13,0
9,2006,-1.62,0.13,0
9,2006,-1.62,0.13,0
9,2006,-1.62,0.13,0
9,2006,-1.62,0.13,0
9,2006,-1.62,0.13,0
9,2006,-1.62,0.13,0
9,2006,-1.62,0.13,0
9,2006,-1.62,0.13,0
9,2006,-1.62,0.13,0
9,2006,-1.62,0.13,0
9,2006,-1.62,0.13,0
9,2006,-1.62,0.13,0
9,2006,-1.62,0.13,0
9,2006,-1.62,0.13,0
9,2006,-1.62,0.13,0
9,2006,-1.62,0.13,0
9,2006,-1.62,0.13,0
9,2006,-1.62,0.13,0
9,2006,-1.62,0.13,0
10,2006,-2.24,0.13,0
10,2006,-2.24,0.13,0
10,2006,-2.24,0.13,0
10,2006,-2.24,0.13,0
10,2006,-2.24,0.13,0
10,2006,-2.24,0.13,0
10,2006,-2.24,0.13,0
10,2006,-2.24,0.13,0
10,2006,-2.24,0.13,0
10,2006,-2.24,0.13,0
10,2006,-2.24,0.13,0
10,2006,-2.24,0.13,0
10,2006,-2.24,0.13,0
10,2006,-2.24,0.13,0
10,2006,-2.24,0.13,0
10,2006,-2.24,0.13,0
10,2006,-2.24,0.13,0
10,2006,-2.24,0.13,0
10,2006,-2.24,0.13,0
10,2006,-2.24,0.13,0
10,2006,-2.24,0.13,0
10,2006,-2.24,0.13,0
10,2006,-2.24,0.13,0
10,2006,-2.24,0.13,0
10,2006,-2.24,0.13,0
10,2006,-2.24,0.13,0
10,2006,-2.24,0.13,0
10,2006,-2.24,0.13,0
10,2006,-2.24,0.13,0
10,2006,-2.24,0.13,0
11,2006,0.44,0.13,0
11,2006,0.44,0.13,0
11,2006,0.44,0.13,0
11,2006,0.44,0.13,0
11,2006,0.44,0.13,0
11,2006,0.44,0.13,0
11,2006,0.44,0.13,0
11,2006,0.44,0.13,0
11,2006,0.44,0.13,0
11,2006,0.44,0.13,0
11,2006,0.44,0.13,0
11,2006,0.44,0.13,0
11,2006,0.44,0.13,0
11,2006,0.44,0.13,0
11,2006,0.44,0.13,0
11,2006,0.44,0.13,0
11,2006,0.44,0.13,0
11,2006,0.44,0.13,0
11,2006,0.44,0.13,0
11,2006,0.44,0.13,0
11,2006,0.44,0.13,0
11,2006,0.44,0.13,0
11,2006,0.44,0.13,0
11,2006,0.44,0.13,0
11,2006,0.44,0.13,0
11,2006,0.44,0.13,0
11,2006,0.44,0.13,0
11,2006,0.44,0.13,0
11,2006,0.44,0.13,0
11,2006,0.44,0.13,0
12,2006,1.34,0.13,0
12,2006,1.34,0.13,0
12,2006,1.34,0.13,0
12,2006,1.34,0.13,0
12,2006,1.34,0.13,0
12,2006,1.34,0.13,0
12,2006,1.34,0.13,0
12,2006,1.34,0.13,0
12,2006,1.34,0.13,0
12,2006,1.34,0.13,0
12,2006,1.34,0.13,0
12,2006,1.34,0.13,0
12,2006,1.34,0.13,0
12,2006,1.34,0.13,0
12,2006,1.34,0.13,0
12,2006,1.34,0.13,0
12,2006,1.34,0.13,0
12,2006,1.34,0.13,0
12,2006,1.34,0.13,0
12,2006,1.34,0.13,0
12,2006,1.34,0.13,0
12,2006,1.34,0.13,0
12,2006,1.34,0.13,0
12,2006,1.34,0.13,0
12,2006,1.34,0.13,0
12,2006,1.34,0.13,0
12,2006,1.34,0.13,0
12,2006,1.34,0.13,0
12,2006,1.34,0.13,0
12,2006,1.34,0.13,0
12,2006,1.34,0.13,0
1,2007,0.22,0.13,0
1,2007,0.22,0.13,0
1,2007,0.22,0.13,0
1,2007,0.22,0.13,0
1,2007,0.22,0.13,0
1,2007,0.22,0.13,0
1,2007,0.22,0.13,0
1,2007,0.22,0.13,0
1,2007,0.22,0.13,0
1,2007,0.22,0.13,0
1,2007,0.22,0.13,0
1,2007,0.22,0.13,0
1,2007,0.22,0.13,0
1,2007,0.22,0.13,0
1,2007,0.22,0.13,0
1,2007,0.22,0.13,0
1,2007,0.22,0.13,0
1,2007,0.22,0.13,0
1,2007,0.22,0.13,0
1,2007,0.22,0.13,0
1,2007,0.22,0.13,0
1,2007,0.22,0.13,0
1,2007,0.22,0.13,0
1,2007,0.22,0.13,0
1,2007,0.22,0.13,0
1,2007,0.22,0.13,0
1,2007,0.22,0.13,0
1,2007,0.22,0.13,0
1,2007,0.22,0.13,0
1,2007,0.22,0.13,0
1,2007,0.22,0.13,0
2,2007,-0.47,0.13,0
2,2007,-0.47,0.13,0
2,2007,-0.47,0.13,0
2,2007,-0.47,0.13,0
2,2007,-0.47,0.13,0
2,2007,-0.47,0.13,0
2,2007,-0.47,0.13,0
2,2007,-0.47,0.13,0
2,2007,-0.47,0.13,0
2,2007,-0.47,0.13,0
2,2007,-0.47,0.13,0
2,2007,-0.47,0.13,0
2,2007,-0.47,0.13,0
2,2007,-0.47,0.13,0
2,2007,-0.47,0.13,0
2,2007,-0.47,0.13,0
2,2007,-0.47,0.13,0
2,2007,-0.47,0.13,0
2,2007,-0.47,0.13,0
2,2007,-0.47,0.13,0
2,2007,-0.47,0.13,0
2,2007,-0.47,0.13,0
2,2007,-0.47,0.13,0
2,2007,-0.47,0.13,0
2,2007,-0.47,0.13,0
2,2007,-0.47,0.13,0
2,2007,-0.47,0.13,0
2,2007,-0.47,0.13,0
3,2007,1.44,0.13,0
3,2007,1.44,0.13,0
3,2007,1.44,0.13,0
3,2007,1.44,0.13,0
3,2007,1.44,0.13,0
3,2007,1.44,0.13,0
3,2007,1.44,0.13,0
3,2007,1.44,0.13,0
3,2007,1.44,0.13,0
3,2007,1.44,0.13,0
3,2007,1.44,0.13,0
3,2007,1.44,0.13,0
3,2007,1.44,0.13,0
3,2007,1.44,0.13,0
3,2007,1.44,0.13,0
3,2007,1.44,0.13,0
3,2007,1.44,0.13,0
3,2007,1.44,0.13,0
3,2007,1.44,0.13,0
3,2007,1.44,0.13,0
3,2007,1.44,0.13,0
3,2007,1.44,0.13,0
3,2007,1.44,0.13,0
3,2007,1.44,0.13,0
3,2007,1.44,0.13,0
3,2007,1.44,0.13,0
3,2007,1.44,0.13,0
3,2007,1.44,0.13,0
3,2007,1.44,0.13,0
3,2007,1.44,0.13,0
3,2007,1.44,0.13,0
4,2007,0.17,0.13,0
4,2007,0.17,0.13,0
4,2007,0.17,0.13,0
4,2007,0.17,0.13,0
4,2007,0.17,0.13,0
4,2007,0.17,0.13,0
4,2007,0.17,0.13,0
4,2007,0.17,0.13,0
4,2007,0.17,0.13,0
4,2007,0.17,0.13,0
4,2007,0.17,0.13,0
4,2007,0.17,0.13,0
4,2007,0.17,0.13,0
4,2007,0.17,0.13,0
4,2007,0.17,0.13,0
4,2007,0.17,0.13,0
4,2007,0.17,0.13,0
4,2007,0.17,0.13,0
4,2007,0.17,0.13,0
4,2007,0.17,0.13,0
4,2007,0.17,0.13,0
4,2007,0.17,0.13,0
4,2007,0.17,0.13,0
4,2007,0.17,0.13,0
4,2007,0.17,0.13,0
4,2007,0.17,0.13,0
4,2007,0.17,0.13,0
4,2007,0.17,0.13,0
4,2007,0.17,0.13,0
4,2007,0.17,0.13,0
5,2007,0.66,0.13,0
5,2007,0.66,0.13,0
5,2007,0.66,0.13,0
5,2007,0.66,0.13,0
5,2007,0.66,0.13,0
5,2007,0.66,0.13,0
5,2007,0.66,0.13,0
5,2007,0.66,0.13,0
5,2007,0.66,0.13,0
5,2007,0.66,0.13,0
5,2007,0.66,0.13,0
5,2007,0.66,0.13,0
5,2007,0.66,0.13,0
5,2007,0.66,0.13,0
5,2007,0.66,0.13,0
5,2007,0.66,0.13,0
5,2007,0.66,0.13,0
5,2007,0.66,0.13,0
5,2007,0.66,0.13,0
5,2007,0.66,0.13,0
5,2007,0.66,0.13,0
5,2007,0.66,0.13,0
5,2007,0.66,0.13,0
5,2007,0.66,0.13,0
5,2007,0.66,0.13,0
5,2007,0.66,0.13,0
5,2007,0.66,0.13,0
5,2007,0.66,0.13,0
5,2007,0.66,0.13,0
5,2007,0.66,0.13,0
5,2007,0.66,0.13,0
6,2007,-1.31,0.14,0
6,2007,-1.31,0.14,0
6,2007,-1.31,0.14,0
6,2007,-1.31,0.14,0
6,2007,-1.31,0.14,0
6,2007,-1.31,0.14,0
6,2007,-1.31,0.14,0
6,2007,-1.31,0.14,0
6,2007,-1.31,0.14,0
6,2007,-1.31,0.14,0
6,2007,-1.31,0.14,0
6,2007,-1.31,0.14,0
6,2007,-1.31,0.14,0
6,2007,-1.31,0.14,0
6,2007,-1.31,0.14,0
6,2007,-1.31,0.14,0
6,2007,-1.31,0.14,0
6,2007,-1.31,0.14,0
6,2007,-1.31,0.14,0
6,2007,-1.31,0.14,0
6,2007,-1.31,0.14,0
6,2007,-1.31,0.14,0
6,2007,-1.31,0.14,0
6,2007,-1.31,0.14,0
6,2007,-1.31,0.14,0
6,2007,-1.31,0.14,0
6,2007,-1.31,0.14,0
6,2007,-1.31,0.14,0
7,2007,-0.58,0.14,0
7,2007,-0.58,0.14,0
7,2007,-0.58,0.14,0
7,2007,-0.58,0.14,0
7,2007,-0.58,0.14,0
7,2007,-0.58,0.14,0
7,2007,-0.58,0.14,0
7,2007,-0.58,0.14,0
7,2007,-0.58,0.14,0
7,2007,-0.58,0.14,0
7,2007,-0.58,0.14,0
7,2007,-0.58,0.14,0
7,2007,-0.58,0.14,0
7,2007,-0.58,0.14,0
7,2007,-0.58,0.14,0
7,2007,-0.58,0.14,0
7,2007,-0.58,0.14,0
7,2007,-0.58,0.14,0
7,2007,-0.58,0.14,0
7,2007,-0.58,0.14,0
7,2007,-0.58,0.14,0
7,2007,-0.58,0.14,0
7,2007,-0.58,0.14,0
7,2007,-0.58,0.14,0
7,2007,-0.58,0.14,0
7,2007,-0.58,0.14,0
7,2007,-0.58,0.14,0
7,2007,-0.58,0.14,0
7,2007,-0.58,0.14,0
8,2007,-0.14,0.15,0
8,2007,-0.14,0.15,0
8,2007,-0.14,0.15,0
8,2007,-0.14,0.15,0
8,2007,-0.14,0.15,0
8,2007,-0.14,0.15,0
8,2007,-0.14,0.15,0
8,2007,-0.14,0.15,0
8,2007,-0.14,0.15,0
8,2007,-0.14,0.15,0
8,2007,-0.14,0.15,0
8,2007,-0.14,0.15,0
8,2007,-0.14,0.15,0
8,2007,-0.14,0.15,0
8,2007,-0.14,0.15,0
8,2007,-0.14,0.15,0
8,2007,-0.14,0.15,0
8,2007,-0.14,0.15,0
8,2007,-0.14,0.15,0
8,2007,-0.14,0.15,0
8,2007,-0.14,0.15,0
8,2007,-0.14,0.15,0
8,2007,-0.14,0.15,0
8,2007,-0.14,0.15,0
8,2007,-0.14,0.15,0
8,2007,-0.14,0.15,0
8,2007,-0.14,0.15,0
8,2007,-0.14,0.15,0
8,2007,-0.14,0.15,0
8,2007,-0.14,0.15,0
9,2007,0.72,0.15,0
9,2007,0.72,0.15,0
9,2007,0.72,0.15,0
9,2007,0.72,0.15,0
9,2007,0.72,0.15,0
9,2007,0.72,0.15,0
9,2007,0.72,0.15,0
9,2007,0.72,0.15,0
9,2007,0.72,0.15,0
9,2007,0.72,0.15,0
9,2007,0.72,0.15,0
9,2007,0.72,0.15,0
9,2007,0.72,0.15,0
9,2007,0.72,0.15,0
9,2007,0.72,0.15,0
9,2007,0.72,0.15,0
9,2007,0.72,0.15,0
9,2007,0.72,0.15,0
9,2007,0.72,0.15,0
9,2007,0.72,0.15,0
9,2007,0.72,0.15,0
9,2007,0.72,0.15,0
9,2007,0.72,0.15,0
9,2007,0.72,0.15,0
9,2007,0.72,0.15,0
9,2007,0.72,0.15,0
9,2007,0.72,0.15,0
9,2007,0.72,0.15,0
9,2007,0.72,0.15,0
9,2007,0.72,0.15,0
10,2007,0.45,0.15,0
10,2007,0.45,0.15,0
10,2007,0.45,0.15,0
10,2007,0.45,0.15,0
10,2007,0.45,0.15,0
10,2007,0.45,0.15,0
10,2007,0.45,0.15,0
10,2007,0.45,0.15,0
10,2007,0.45,0.15,0
10,2007,0.45,0.15,0
10,2007,0.45,0.15,0
10,2007,0.45,0.15,0
10,2007,0.45,0.15,0
10,2007,0.45,0.15,0
10,2007,0.45,0.15,0
10,2007,0.45,0.15,0
10,2007,0.45,0.15,0
10,2007,0.45,0.15,0
10,2007,0.45,0.15,0
10,2007,0.45,0.15,0
10,2007,0.45,0.15,0
10,2007,0.45,0.15,0
10,2007,0.45,0.15,0
10,2007,0.45,0.15,0
10,2007,0.45,0.15,0
10,2007,0.45,0.15,0
10,2007,0.45,0.15,0
10,2007,0.45,0.15,0
10,2007,0.45,0.15,0
10,2007,0.45,0.15,0
10,2007,0.45,0.15,0
11,2007,0.58,0.15,0
11,2007,0.58,0.15,0
11,2007,0.58,0.15,0
11,2007,0.58,0.15,0
11,2007,0.58,0.15,0
11,2007,0.58,0.15,0
11,2007,0.58,0.15,0
11,2007,0.58,0.15,0
11,2007,0.58,0.15,0
11,2007,0.58,0.15,0
11,2007,0.58,0.15,0
11,2007,0.58,0.15,0
11,2007,0.58,0.15,0
11,2007,0.58,0.15,0
11,2007,0.58,0.15,0
11,2007,0.58,0.15,0
11,2007,0.58,0.15,0
11,2007,0.58,0.15,0
11,2007,0.58,0.15,0
11,2007,0.58,0.15,0
11,2007,0.58,0.15,0
11,2007,0.58,0.15,0
11,2007,0.58,0.15,0
11,2007,0.58,0.15,0
11,2007,0.58,0.15,0
11,2007,0.58,0.15,0
11,2007,0.58,0.15,0
11,2007,0.58,0.15,0
11,2007,0.58,0.15,0
11,2007,0.58,0.15,0
12,2007,0.34,0.16,0
12,2007,0.34,0.16,0
12,2007,0.34,0.16,0
12,2007,0.34,0.16,0
12,2007,0.34,0.16,0
12,2007,0.34,0.16,0
12,2007,0.34,0.16,0
12,2007,0.34,0.16,0
12,2007,0.34,0.16,0
12,2007,0.34,0.16,0
12,2007,0.34,0.16,0
12,2007,0.34,0.16,0
12,2007,0.34,0.16,0
12,2007,0.34,0.16,0
12,2007,0.34,0.16,0
12,2007,0.34,0.16,0
12,2007,0.34,0.16,0
12,2007,0.34,0.16,0
12,2007,0.34,0.16,0
12,2007,0.34,0.16,0
12,2007,0.34,0.16,0
12,2007,0.34,0.16,0
12,2007,0.34,0.16,0
12,2007,0.34,0.16,0
12,2007,0.34,0.16,0
12,2007,0.34,0.16,0
12,2007,0.34,0.16,0
12,2007,0.34,0.16,0
12,2007,0.34,0.16,0
12,2007,0.34,0.16,0
12,2007,0.34,0.16,0
1,2008,0.89,0.16,0
1,2008,0.89,0.16,0
1,2008,0.89,0.16,0
1,2008,0.89,0.16,0
1,2008,0.89,0.16,0
1,2008,0.89,0.16,0
1,2008,0.89,0.16,0
1,2008,0.89,0.16,0
1,2008,0.89,0.16,0
1,2008,0.89,0.16,0
1,2008,0.89,0.16,0
1,2008,0.89,0.16,0
1,2008,0.89,0.16,0
1,2008,0.89,0.16,0
1,2008,0.89,0.16,0
1,2008,0.89,0.16,0
1,2008,0.89,0.16,0
1,2008,0.89,0.16,0
1,2008,0.89,0.16,0
1,2008,0.89,0.16,0
1,2008,0.89,0.16,0
1,2008,0.89,0.16,0
1,2008,0.89,0.16,0
1,2008,0.89,0.16,0
1,2008,0.89,0.16,0
1,2008,0.89,0.16,0
1,2008,0.89,0.16,0
1,2008,0.89,0.16,0
1,2008,0.89,0.16,0
1,2008,0.89,0.16,0
1,2008,0.89,0.16,0
2,2008,0.73,0.16,0
2,2008,0.73,0.16,0
2,2008,0.73,0.16,0
2,2008,0.73,0.16,0
2,2008,0.73,0.16,0
2,2008,0.73,0.16,0
2,2008,0.73,0.16,0
2,2008,0.73,0.16,0
2,2008,0.73,0.16,0
2,2008,0.73,0.16,0
2,2008,0.73,0.16,0
2,2008,0.73,0.16,0
2,2008,0.73,0.16,0
2,2008,0.73,0.16,0
2,2008,0.73,0.16,0
2,2008,0.73,0.16,0
2,2008,0.73,0.16,0
2,2008,0.73,0.16,0
2,2008,0.73,0.16,0
2,2008,0.73,0.16,0
2,2008,0.73,0.16,0
2,2008,0.73,0.16,0
2,2008,0.73,0.16,0
2,2008,0.73,0.16,0
2,2008,0.73,0.16,0
2,2008,0.73,0.16,0
2,2008,0.73,0.16,0
2,2008,0.73,0.16,0
2,2008,0.73,0.16,0
3,2008,0.08,0.16,0
3,2008,0.08,0.16,0
3,2008,0.08,0.16,0
3,2008,0.08,0.16,0
3,2008,0.08,0.16,0
3,2008,0.08,0.16,0
3,2008,0.08,0.16,0
3,2008,0.08,0.16,0
3,2008,0.08,0.16,0
3,2008,0.08,0.16,0
3,2008,0.08,0.16,0
3,2008,0.08,0.16,0
3,2008,0.08,0.16,0
3,2008,0.08,0.16,0
3,2008,0.08,0.16,0
3,2008,0.08,0.16,0
3,2008,0.08,0.16,0
3,2008,0.08,0.16,0
3,2008,0.08,0.16,0
3,2008,0.08,0.16,0
3,2008,0.08,0.16,0
3,2008,0.08,0.16,0
3,2008,0.08,0.16,0
3,2008,0.08,0.16,0
3,2008,0.08,0.16,0
3,2008,0.08,0.16,0
3,2008,0.08,0.16,0
3,2008,0.08,0.16,0
3,2008,0.08,0.16,0
3,2008,0.08,0.16,0
3,2008,0.08,0.16,0
4,2008,-1.07,0.16,0
4,2008,-1.07,0.16,0
4,2008,-1.07,0.16,0
4,2008,-1.07,0.16,0
4,2008,-1.07,0.16,0
4,2008,-1.07,0.16,0
4,2008,-1.07,0.16,0
4,2008,-1.07,0.16,0
4,2008,-1.07,0.16,0
4,2008,-1.07,0.16,0
4,2008,-1.07,0.16,0
4,2008,-1.07,0.16,0
4,2008,-1.07,0.16,0
4,2008,-1.07,0.16,0
4,2008,-1.07,0.16,0
4,2008,-1.07,0.16,0
4,2008,-1.07,0.16,0
4,2008,-1.07,0.16,0
4,2008,-1.07,0.16,0
4,2008,-1.07,0.16,0
4,2008,-1.07,0.16,0
4,2008,-1.07,0.16,0
4,2008,-1.07,0.16,0
4,2008,-1.07,0.16,0
4,2008,-1.07,0.16,0
4,2008,-1.07,0.16,0
4,2008,-1.07,0.16,0
4,2008,-1.07,0.16,0
4,2008,-1.07,0.16,0
4,2008,-1.07,0.16,0
5,2008,-1.73,0.16,0
5,2008,-1.73,0.16,0
5,2008,-1.73,0.16,0
5,2008,-1.73,0.16,0
5,2008,-1.73,0.16,0
5,2008,-1.73,0.16,0
5,2008,-1.73,0.16,0
5,2008,-1.73,0.16,0
5,2008,-1.73,0.16,0
5,2008,-1.73,0.16,0
5,2008,-1.73,0.16,0
5,2008,-1.73,0.16,0
5,2008,-1.73,0.16,0
5,2008,-1.73,0.16,0
5,2008,-1.73,0.16,0
5,2008,-1.73,0.16,0
5,2008,-1.73,0.16,0
5,2008,-1.73,0.16,0
5,2008,-1.73,0.16,0
5,2008,-1.73,0.16,0
5,2008,-1.73,0.16,0
5,2008,-1.73,0.16,0
5,2008,-1.73,0.16,0
5,2008,-1.73,0.16,0
5,2008,-1.73,0.16,0
5,2008,-1.73,0.16,0
5,2008,-1.73,0.16,0
6,2008,-1.39,0.16,0
6,2008,-1.39,0.16,0
6,2008,-1.39,0.16,0
6,2008,-1.39,0.16,0
6,2008,-1.39,0.16,0
6,2008,-1.39,0.16,0
6,2008,-1.39,0.16,0
6,2008,-1.39,0.16,0
6,2008,-1.39,0.16,0
6,2008,-1.39,0.16,0
6,2008,-1.39,0.16,0
6,2008,-1.39,0.16,0
6,2008,-1.39,0.16,0
6,2008,-1.39,0.16,0
6,2008,-1.39,0.16,0
6,2008,-1.39,0.16,0
6,2008,-1.39,0.16,0
6,2008,-1.39,0.16,0
6,2008,-1.39,0.16,0
6,2008,-1.39,0.16,0
6,2008,-1.39,0.16,0
6,2008,-1.39,0.16,0
6,2008,-1.39,0.16,0
6,2008,-1.39,0.16,0
6,2008,-1.39,0.16,0
6,2008,-1.39,0.16,0
6,2008,-1.39,0.16,0
6,2008,-1.39,0.16,0
6,2008,-1.39,0.16,0
6,2008,-1.39,0.16,0
7,2008,-1.27,0.16,0
7,2008,-1.27,0.16,0
7,2008,-1.27,0.16,0
7,2008,-1.27,0.16,0
7,2008,-1.27,0.16,0
7,2008,-1.27,0.16,0
7,2008,-1.27,0.16,0
7,2008,-1.27,0.16,0
7,2008,-1.27,0.16,0
7,2008,-1.27,0.16,0
7,2008,-1.27,0.16,0
7,2008,-1.27,0.16,0
7,2008,-1.27,0.16,0
7,2008,-1.27,0.16,0
7,2008,-1.27,0.16,0
7,2008,-1.27,0.16,0
7,2008,-1.27,0.16,0
7,2008,-1.27,0.16,0
7,2008,-1.27,0.16,0
7,2008,-1.27,0.16,0
7,2008,-1.27,0.16,0
7,2008,-1.27,0.16,0
7,2008,-1.27,0.16,0
7,2008,-1.27,0.16,0
7,2008,-1.27,0.16,0
8,2008,-1.16,0.16,0
8,2008,-1.16,0.16,0
8,2008,-1.16,0.16,0
8,2008,-1.16,0.16,0
8,2008,-1.16,0.16,0
8,2008,-1.16,0.16,0
8,2008,-1.16,0.16,0
8,2008,-1.16,0.16,0
8,2008,-1.16,0.16,0
8,2008,-1.16,0.16,0
8,2008,-1.16,0.16,0
8,2008,-1.16,0.16,0
8,2008,-1.16,0.16,0
8,2008,-1.16,0.16,0
8,2008,-1.16,0.16,0
8,2008,-1.16,0.16,0
8,2008,-1.16,0.16,0
8,2008,-1.16,0.16,0
8,2008,-1.16,0.16,0
8,2008,-1.16,0.16,0
8,2008,-1.16,0.16,0
8,2008,-1.16,0.16,0
8,2008,-1.16,0.16,0
8,2008,-1.16,0.16,0
8,2008,-1.16,0.16,0
8,2008,-1.16,0.16,0
8,2008,-1.16,0.16,0
8,2008,-1.16,0.16,0
8,2008,-1.16,0.16,0
9,2008,1.02,0.16,0
9,2008,1.02,0.16,0
9,2008,1.02,0.16,0
9,2008,1.02,0.16,0
9,2008,1.02,0.16,0
9,2008,1.02,0.16,0
9,2008,1.02,0.16,0
9,2008,1.02,0.16,0
9,2008,1.02,0.16,0
9,2008,1.02,0.16,0
9,2008,1.02,0.16,0
9,2008,1.02,0.16,0
9,2008,1.02,0.16,0
9,2008,1.02,0.16,0
9,2008,1.02,0.16,0
9,2008,1.02,0.16,0
9,2008,1.02,0.16,0
9,2008,1.02,0.16,0
9,2008,1.02,0.16,0
9,2008,1.02,0.16,0
9,2008,1.02,0.16,0
9,2008,1.02,0.16,0
9,2008,1.02,0.16,0
9,2008,1.02,0.16,0
9,2008,1.02,0.16,0
9,2008,1.02,0.16,0
9,2008,1.02,0.16,0
10,2008,-0.04,0.16,0
10,2008,-0.04,0.16,0
10,2008,-0.04,0.16,0
10,2008,-0.04,0.16,0
10,2008,-0.04,0.16,0
10,2008,-0.04,0.16,0
10,2008,-0.04,0.16,0
10,2008,-0.04,0.16,0
10,2008,-0.04,0.16,0
10,2008,-0.04,0.16,0
10,2008,-0.04,0.16,0
10,2008,-0.04,0.16,0
10,2008,-0.04,0.16,0
10,2008,-0.04,0.16,0
10,2008,-0.04,0.16,0
10,2008,-0.04,0.16,0
10,2008,-0.04,0.16,0
10,2008,-0.04,0.16,0
10,2008,-0.04,0.16,0
10,2008,-0.04,0.16,0
10,2008,-0.04,0.16,0
10,2008,-0.04,0.16,0
10,2008,-0.04,0.16,0
10,2008,-0.04,0.16,0
10,2008,-0.04,0.16,0
10,2008,-0.04,0.16,0
10,2008,-0.04,0.16,0
10,2008,-0.04,0.16,0
10,2008,-0.04,0.16,0
11,2008,-0.32,0.16,0
11,2008,-0.32,0.16,0
11,2008,-0.32,0.16,0
11,2008,-0.32,0.16,0
11,2008,-0.32,0.16,0
11,2008,-0.32,0.16,0
11,2008,-0.32,0.16,0
11,2008,-0.32,0.16,0
11,2008,-0.32,0.16,0
11,2008,-0.32,0.16,0
11,2008,-0.32,0.16,0
11,2008,-0.32,0.16,0
11,2008,-0.32,0.16,0
11,2008,-0.32,0.16,0
11,2008,-0.32,0.16,0
11,2008,-0.32,0.16,0
11,2008,-0.32,0.16,0
11,2008,-0.32,0.16,0
11,2008,-0.32,0.16,0
11,2008,-0.32,0.16,0
11,2008,-0.32,0.16,0
11,2008,-0.32,0.16,0
11,2008,-0.32,0.16,0
11,2008,-0.32,0.16,0
11,2008,-0.32,0.16,0
11,2008,-0.32,0.16,0
11,2008,-0.32,0.16,0
11,2008,-0.32,0.16,0
11,2008,-0.32,0.16,0
12,2008,-0.28,0.16,0
12,2008,-0.28,0.16,0
12,2008,-0.28,0.16,0
12,2008,-0.28,0.16,0
12,2008,-0.28,0.16,0
12,2008,-0.28,0.16,0
12,2008,-0.28,0.16,0
12,2008,-0.28,0.16,0
12,2008,-0.28,0.16,0
12,2008,-0.28,0.16,0
12,2008,-0.28,0.16,0
12,2008,-0.28,0.16,0
12,2008,-0.28,0.16,0
12,2008,-0.28,0.16,0
12,2008,-0.28,0.16,0
12,2008,-0.28,0.16,0
12,2008,-0.28,0.16,0
12,2008,-0.28,0.16,0
12,2008,-0.28,0.16,0
12,2008,-0.28,0.16,0
12,2008,-0.28,0.16,0
12,2008,-0.28,0.16,0
12,2008,-0.28,0.16,0
12,2008,-0.28,0.16,0
12,2008,-0.28,0.16,0
12,2008,-0.28,0.16,0
12,2008,-0.28,0.16,0
12,2008,-0.28,0.16,0
12,2008,-0.28,0.16,0
12,2008,-0.28,0.16,0
12,2008,-0.28,0.16,0
1,2009,-0.01,0.16,0
1,2009,-0.01,0.16,0
1,2009,-0.01,0.16,0
1,2009,-0.01,0.16,0
1,2009,-0.01,0.16,0
1,2009,-0.01,0.16,0
1,2009,-0.01,0.16,0
1,2009,-0.01,0.16,0
1,2009,-0.01,0.16,0
1,2009,-0.01,0.16,0
1,2009,-0.01,0.16,0
1,2009,-0.01,0.16,0
1,2009,-0.01,0.16,0
1,2009,-0.01,0.16,0
1,2009,-0.01,0.16,0
1,2009,-0.01,0.16,0
1,2009,-0.01,0.16,0
1,2009,-0.01,0.16,0
1,2009,-0.01,0.16,0
1,2009,-0.01,0.16,0
1,2009,-0.01,0.16,0
1,2009,-0.01,0.16,0
1,2009,-0.01,0.16,0
1,2009,-0.01,0.16,0
1,2009,-0.01,0.16,0
1,2009,-0.01,0.16,0
1,2009,-0.01,0.16,0
1,2009,-0.01,0.16,0
1,2009,-0.01,0.16,0
1,2009,-0.01,0.16,0
1,2009,-0.01,0.16,0
2,2009,0.06,0.16,0
2,2009,0.06,0.16,0
2,2009,0.06,0.16,0
2,2009,0.06,0.16,0
2,2009,0.06,0.16,0
2,2009,0.06,0.16,0
2,2009,0.06,0.16,0
2,2009,0.06,0.16,0
2,2009,0.06,0.16,0
2,2009,0.06,0.16,0
2,2009,0.06,0.16,0
2,2009,0.06,0.16,0
2,2009,0.06,0.16,0
2,2009,0.06,0.16,0
2,2009,0.06,0.16,0
2,2009,0.06,0.16,0
2,2009,0.06,0.16,0
2,2009,0.06,0.16,0
2,2009,0.06,0.16,0
2,2009,0.06,0.16,0
2,2009,0.06,0.16,0
2,2009,0.06,0.16,0
2,2009,0.06,0.16,0
2,2009,0.06,0.16,0
2,2009,0.06,0.16,0
2,2009,0.06,0.16,0
2,2009,0.06,0.16,0
2,2009,0.06,0.16,0
3,2009,0.57,0.16,0
3,2009,0.57,0.16,0
3,2009,0.57,0.16,0
3,2009,0.57,0.16,0
3,2009,0.57,0.16,0
3,2009,0.57,0.16,0
3,2009,0.57,0.16,0
3,2009,0.57,0.16,0
3,2009,0.57,0.16,0
3,2009,0.57,0.16,0
3,2009,0.57,0.16,0
3,2009,0.57,0.16,0
3,2009,0.57,0.16,0
3,2009,0.57,0.16,0
3,2009,0.57,0.16,0
3,2009,0.57,0.16,0
3,2009,0.57,0.16,0
3,2009,0.57,0.16,0
3,2009,0.57,0.16,0
3,2009,0.57,0.16,0
3,2009,0.57,0.16,0
3,2009,0.57,0.16,0
3,2009,0.57,0.16,0
3,2009,0.57,0.16,0
3,2009,0.57,0.16,0
3,2009,0.57,0.16,0
3,2009,0.57,0.16,0
3,2009,0.57,0.16,0
3,2009,0.57,0.16,0
3,2009,0.57,0.16,0
3,2009,0.57,0.16,0
4,2009,-0.2,0.15,0
4,2009,-0.2,0.15,0
4,2009,-0.2,0.15,0
4,2009,-0.2,0.15,0
4,2009,-0.2,0.15,0
4,2009,-0.2,0.15,0
4,2009,-0.2,0.15,0
4,2009,-0.2,0.15,0
4,2009,-0.2,0.15,0
4,2009,-0.2,0.15,0
4,2009,-0.2,0.15,0
4,2009,-0.2,0.15,0
4,2009,-0.2,0.15,0
4,2009,-0.2,0.15,0
4,2009,-0.2,0.15,0
4,2009,-0.2,0.15,0
4,2009,-0.2,0.15,0
4,2009,-0.2,0.15,0
4,2009,-0.2,0.15,0
4,2009,-0.2,0.15,0
4,2009,-0.2,0.15,0
4,2009,-0.2,0.15,0
4,2009,-0.2,0.15,0
4,2009,-0.2,0.15,0
4,2009,-0.2,0.15,0
4,2009,-0.2,0.15,0
4,2009,-0.2,0.15,0
4,2009,-0.2,0.15,0
5,2009,1.68,0.15,0
5,2009,1.68,0.15,0
5,2009,1.68,0.15,0
5,2009,1.68,0.15,0
5,2009,1.68,0.15,0
5,2009,1.68,0.15,0
5,2009,1.68,0.15,0
5,2009,1.68,0.15,0
5,2009,1.68,0.15,0
5,2009,1.68,0.15,0
5,2009,1.68,0.15,0
5,2009,1.68,0.15,0
5,2009,1.68,0.15,0
5,2009,1.68,0.15,0
5,2009,1.68,0.15,0
5,2009,1.68,0.15,0
5,2009,1.68,0.15,0
5,2009,1.68,0.15,0
5,2009,1.68,0.15,0
5,2009,1.68,0.15,0
5,2009,1.68,0.15,0
5,2009,1.68,0.15,0
5,2009,1.68,0.15,0
5,2009,1.68,0.15,0
5,2009,1.68,0.15,0
5,2009,1.68,0.15,0
5,2009,1.68,0.15,0
5,2009,1.68,0.15,0
5,2009,1.68,0.15,0
5,2009,1.68,0.15,0
5,2009,1.68,0.15,0
6,2009,-1.21,0.15,0
6,2009,-1.21,0.15,0
6,2009,-1.21,0.15,0
6,2009,-1.21,0.15,0
6,2009,-1.21,0.15,0
6,2009,-1.21,0.15,0
6,2009,-1.21,0.15,0
6,2009,-1.21,0.15,0
6,2009,-1.21,0.15,0
6,2009,-1.21,0.15,0
6,2009,-1.21,0.15,0
6,2009,-1.21,0.15,0
6,2009,-1.21,0.15,0
6,2009,-1.21,0.15,0
6,2009,-1.21,0.15,0
6,2009,-1.21,0.15,0
6,2009,-1.21,0.15,0
6,2009,-1.21,0.15,0
6,2009,-1.21,0.15,0
6,2009,-1.21,0.15,0
6,2009,-1.21,0.15,0
6,2009,-1.21,0.15,0
6,2009,-1.21,0.15,0
6,2009,-1.21,0.15,0
6,2009,-1.21,0.15,0
6,2009,-1.21,0.15,0
6,2009,-1.21,0.15,0
6,2009,-1.21,0.15,0
7,2009,-2.15,0.15,0
7,2009,-2.15,0.15,0
7,2009,-2.15,0.15,0
7,2009,-2.15,0.15,0
7,2009,-2.15,0.15,0
7,2009,-2.15,0.15,0
7,2009,-2.15,0.15,0
7,2009,-2.15,0.15,0
7,2009,-2.15,0.15,0
7,2009,-2.15,0.15,0
7,2009,-2.15,0.15,0
7,2009,-2.15,0.15,0
7,2009,-2.15,0.15,0
7,2009,-2.15,0.15,0
7,2009,-2.15,0.15,0
7,2009,-2.15,0.15,0
7,2009,-2.15,0.15,0
7,2009,-2.15,0.15,0
7,2009,-2.15,0.15,0
7,2009,-2.15,0.15,0
7,2009,-2.15,0.15,0
7,2009,-2.15,0.15,0
7,2009,-2.15,0.15,0
7,2009,-2.15,0.15,0
7,2009,-2.15,0.15,0
7,2009,-2.15,0.15,0
7,2009,-2.15,0.15,0
